{
  "model_type": "XYZRGBScreenModel",
  "model_variant": "trc_matrix",
  "black_xyz": [
    0.00026653082513793336,
    0.0002863987072275,
    0.0003853839958279667
  ],
  "white_xyz": [
    0.3956000780921151,
    0.4355872354992906,
    0.3943488840861861
  ],
  "gamma_rgb": [
    2.4413928272195915,
    2.386946900571881,
    2.239918276324734
  ],
  "M_rgb2xyz": [
    [
      0.2906414552693041,
      0.12385799679555896,
      -0.016714593875309384
    ],
    [
      0.11093900566906567,
      0.3672474664060577,
      0.008054935807556507
    ],
    [
      0.04543186123837354,
      0.0011508895341855257,
      0.4291755019204585
    ]
  ],
  "fit_rmse_xyz": [
    0.015107079417765889,
    0.018075545847871802,
    0.007620103978688295
  ],
  "trc_code": [
    [
      0.0,
      0.058823529411764705,
      0.12156862745098039,
      0.1843137254901961,
      0.24705882352941178,
      0.30980392156862746,
      0.37254901960784315,
      0.43529411764705883,
      0.4980392156862745,
      0.5607843137254902,
      0.6235294117647059,
      0.6862745098039216,
      0.7490196078431373,
      0.8117647058823529,
      0.8745098039215686,
      0.9372549019607843,
      1.0
    ],
    [
      0.0,
      0.058823529411764705,
      0.12156862745098039,
      0.1843137254901961,
      0.24705882352941178,
      0.30980392156862746,
      0.37254901960784315,
      0.43529411764705883,
      0.4980392156862745,
      0.5607843137254902,
      0.6235294117647059,
      0.6862745098039216,
      0.7490196078431373,
      0.8117647058823529,
      0.8745098039215686,
      0.9372549019607843,
      1.0
    ],
    [
      0.0,
      0.058823529411764705,
      0.12156862745098039,
      0.1843137254901961,
      0.24705882352941178,
      0.30980392156862746,
      0.37254901960784315,
      0.43529411764705883,
      0.4980392156862745,
      0.5607843137254902,
      0.6235294117647059,
      0.6862745098039216,
      0.7490196078431373,
      0.8117647058823529,
      0.8745098039215686,
      0.9372549019607843,
      1.0
    ]
  ],
  "trc_linear": [
    [
      0.0,
      0.001006852594404403,
      0.007421461420173754,
      0.019683026506561223,
      0.03725449190979734,
      0.06299610303356143,
      0.09586244341282768,
      0.13395622382201175,
      0.18234815744170585,
      0.24243617844091053,
      0.3127786998774689,
      0.39253999829762076,
      0.48437982836787696,
      0.5899711704802338,
      0.7125848936115092,
      0.8478042692290862,
      1.0
    ],
    [
      0.0,
      0.0011903454184779795,
      0.008346464463994743,
      0.021322488474033157,
      0.03978528828757835,
      0.06624671260826089,
      0.10000907550589812,
      0.139620395904227,
      0.18940181932357636,
      0.25058779536700204,
      0.3213045860675745,
      0.40112056757646103,
      0.49215094936605414,
      0.5961095412244243,
      0.7169170051305663,
      0.8503888302201975,
      1.0
    ],
    [
      0.0,
      0.0014571310877156604,
      0.009409228100260618,
      0.023444052195515624,
      0.043643789172799374,
      0.07360287302551723,
      0.11090935982880365,
      0.1526142005569261,
      0.2044360109144254,
      0.26740988671557736,
      0.3411345288079193,
      0.42550728459530557,
      0.5217899893041875,
      0.6285084370697622,
      0.7423533124482055,
      0.866138488237431,
      1.0
    ]
  ]
}