{
  "model_type": "XYZRGBScreenModel",
  "model_variant": "trc_matrix",
  "black_xyz": [
    0.00026653082513793336,
    0.0002863987072275,
    0.0003853839958279667
  ],
  "white_xyz": [
    0.3956000780921151,
    0.4355872354992906,
    0.3943488840861861
  ],
  "gamma_rgb": [
    2.4413928272195915,
    2.386946900571881,
    2.239918276324734
  ],
  "M_rgb2xyz": [
    [
      0.2906414552693041,
      0.12385799679555896,
      -0.016714593875309384
    ],
    [
      0.11093900566906567,
      0.3672474664060577,
      0.008054935807556507
    ],
    [
      0.04543186123837354,
      0.0011508895341855257,
      0.4291755019204585
    ]
  ],
  "fit_rmse_xyz": [
    0.015107079417765889,
    0.018075545847871802,
    0.007620103978688295
  ],
  "trc_code": [
    [
      0.0,
      0.058823529411764705,
      0.12156862745098039,
      0.1843137254901961,
      0.24705882352941178,
      0.30980392156862746,
      0.37254901960784315,
      0.43529411764705883,
      0.4980392156862745,
      0.5607843137254902,
      0.6235294117647059,
      0.6862745098039216,
      0.7490196078431373,
      0.8117647058823529,
      0.8745098039215686,
      0.9372549019607843,
      1.0
    ],
    [
      0.0,
      0.058823529411764705,
      0.12156862745098039,
      0.1843137254901961,
      0.24705882352941178,
      0.30980392156862746,
      0.37254901960784315,
      0.43529411764705883,
      0.4980392156862745,
      0.5607843137254902,
      0.6235294117647059,
      0.6862745098039216,
      0.7490196078431373,
      0.8117647058823529,
      0.8745098039215686,
      0.9372549019607843,
      1.0
    ],
    [
      0.0,
      0.058823529411764705,
      0.12156862745098039,
      0.1843137254901961,
      0.24705882352941178,
      0.30980392156862746,
      0.37254901960784315,
      0.43529411764705883,
      0.4980392156862745,
      0.5607843137254902,
      0.6235294117647059,
      0.6862745098039216,
      0.7490196078431373,
      0.8117647058823529,
      0.8745098039215686,
      0.9372549019607843,
      1.0
    ]
  ],
  "trc_linear": [
    [
      0.0,
      0.001006852594404403,
      0.007421461420173754,
      0.019683026506561223,
      0.03725449190979734,
      0.06299610303356143,
      0.09586244341282768,
      0.13395622382201175,
      0.18234815744170585,
      0.24243617844091053,
      0.3127786998774689,
      0.39253999829762076,
      0.48437982836787696,
      0.5899711704802338,
      0.7125848936115092,
      0.8478042692290862,
      1.0
    ],
    [
      0.0,
      0.0011903454184779795,
      0.008346464463994743,
      0.021322488474033157,
      0.03978528828757835,
      0.06624671260826089,
      0.10000907550589812,
      0.139620395904227,
      0.18940181932357636,
      0.25058779536700204,
      0.3213045860675745,
      0.40112056757646103,
      0.49215094936605414,
      0.5961095412244243,
      0.7169170051305663,
      0.8503888302201975,
      1.0
    ],
    [
      0.0,
      0.0014571310877156604,
      0.009409228100260618,
      0.023444052195515624,
      0.043643789172799374,
      0.07360287302551723,
      0.11090935982880365,
      0.1526142005569261,
      0.2044360109144254,
      0.26740988671557736,
      0.3411345288079193,
      0.42550728459530557,
      0.5217899893041875,
      0.6285084370697622,
      0.7423533124482055,
      0.866138488237431,
      1.0
    ]
  ],
  "gray_lin": [
    0.0,
    0.0012181097001993477,
    0.008392384661476371,
    0.021483189058703334,
    0.040227856456725025,
    0.06761522955577985,
    0.10226029291584315,
    0.14206360676105495,
    0.1920619958932359,
    0.25347795350783,
    0.3250726049176542,
    0.4063892834897958,
    0.4994402556793729,
    0.6048630495914734,
    0.7239517370634271,
    0.8547771958955716,
    1.0
  ],
  "gray_delta_xyz": [
    [
      0.0,
      0.0,
      0.0
    ],
    [
      0.00017092452541020344,
      0.00013281999027467428,
      0.00010401616518164003
    ],
    [
      0.0005713124987639902,
      0.00042865900573660267,
      0.00022374567444071857
    ],
    [
      0.0010623750415198214,
      0.0007794841910861734,
      0.0003565683769434086
    ],
    [
      0.0017092761697843316,
      0.0012599938756573184,
      0.0006853700611068742
    ],
    [
      0.0023470351741263044,
      0.0017173591053276163,
      0.0009542667421925041
    ],
    [
      0.0028629898641694823,
      0.0020119257896485734,
      0.001139028834066684
    ],
    [
      0.003056099724666139,
      0.0018956759223042047,
      0.0012286496729837365
    ],
    [
      0.002778667577473304,
      0.0012244325614867019,
      0.0011000094578372116
    ],
    [
      0.0020599136108474386,
      5.050688484956045e-06,
      0.0008517553153627039
    ],
    [
      0.0002090080539510486,
      -0.0022711896597762127,
      -4.836743911293406e-05
    ],
    [
      -0.0030430178816067133,
      -0.006188857949354004,
      -0.0015848110868502407
    ],
    [
      -0.007246345683828703,
      -0.011120299864616823,
      -0.0036738978150739066
    ],
    [
      -0.01333044724660426,
      -0.01804383096354162,
      -0.006395462469374669
    ],
    [
      -0.021518278766056886,
      -0.027071026096943396,
      -0.010453348261244777
    ],
    [
      -0.03299203038145582,
      -0.03927203773494342,
      -0.016323073317752235
    ],
    [
      -0.05167877490976619,
      -0.0569555159437391,
      -0.026552343762347497
    ]
  ],
  "neutral_power": 2.0,
  "gray_correction_enabled": true
}