rep,id,r,g,b,X,Y,Z,source_file,valid_rgb,valid_xyz,split,pred_scaled_r,pred_scaled_g,pred_scaled_b,pred_r_float,pred_g_float,pred_b_float,pred_r_int,pred_g_int,pred_b_int,pred_row_out_of_range,pred_out_of_range_channels,abs_err_r,abs_err_g,abs_err_b,mae_rgb_row
0,0,0,0,0,2.7280200340187205e-05,1.1315507715762993e-05,2.89779104648542e-05,color_battery_amoled_B.csv,True,True,train,-0.8955566883087158,-0.8854867219924927,-0.8940554857254028,13.316522240638733,14.600442945957184,13.507925570011139,13,15,14,False,0,13,15,14,14.0
0,1,255,255,255,0.3459295617563859,0.3772726971138307,0.3786307583642055,color_battery_amoled_B.csv,True,True,train,0.9824647903442383,1.010390281677246,0.9801552295684814,252.76426076889038,255.0,252.46979176998138,253,255,252,True,1,2,0,3,1.6666666666666667
0,2,11,115,212,0.0662464723324932,0.06388181808301753,0.30786615383091126,color_battery_amoled_B.csv,True,True,train,-0.7697498798370361,-0.07972404360771179,0.6817695498466492,29.356890320777893,117.33518444001675,214.42561760544777,29,117,214,False,0,18,2,2,7.333333333333333
0,3,157,218,2,0.16037289945633756,0.26608432359270406,0.012997558204131135,color_battery_amoled_B.csv,True,True,train,0.24911485612392426,0.7232537269592285,-0.8189391493797302,159.26214415580034,219.71485018730164,23.085258454084396,159,220,23,False,0,2,2,21,8.333333333333334
0,4,242,14,183,0.2546098659207443,0.12515057203300375,0.20584410279207485,color_battery_amoled_B.csv,True,True,train,0.8945858478546143,-0.7789185047149658,0.400549978017807,241.55969560146332,28.187890648841858,178.5701221972704,242,28,179,False,0,0,14,4,6.0
0,5,101,163,110,0.07642497435783614,0.126496817638447,0.06988550687327226,color_battery_amoled_B.csv,True,True,train,-0.20117731392383575,0.29105037450790405,-0.10605790466070175,101.84989247471094,164.60892274975777,113.97761715576053,102,165,114,False,0,1,2,4,2.3333333333333335
0,7,202,139,237,0.2046454187509364,0.14347254592228728,0.36971953999285967,color_battery_amoled_B.csv,True,True,train,0.5727778077125549,0.115749791264534,0.8759092092514038,200.52917048335075,142.25809838622808,239.17842417955399,201,142,239,False,0,1,3,2,2.0
0,8,164,93,84,0.1056262335477549,0.07430873239459104,0.03716937645604648,color_battery_amoled_B.csv,True,True,train,0.2878585755825043,-0.28817063570022583,-0.3591499924659729,164.2019683867693,90.7582439482212,81.70837596058846,164,91,82,False,0,0,2,2,1.3333333333333333
0,9,51,244,130,0.1279527815001227,0.30522619841235504,0.1043887818241479,color_battery_amoled_B.csv,True,True,train,-0.672485888004303,0.9113548398017883,0.04283642768859863,41.75804927945137,243.697742074728,132.96164453029633,42,244,133,False,0,9,0,3,4.0
0,10,36,29,67,0.0073541558670104715,0.005066285808375863,0.023009721831006563,color_battery_amoled_B.csv,True,True,train,-0.8002018332481384,-0.825230062007904,-0.5580909848213196,25.47426626086235,22.283167093992233,56.34339943528175,25,22,56,False,0,11,7,11,9.666666666666666
0,11,178,180,147,0.16662110558918344,0.18626522672844623,0.12928070884203804,color_battery_amoled_B.csv,True,True,train,0.396089643239975,0.41003817319869995,0.1552528738975525,178.0014295130968,179.77986708283424,147.29474142193794,178,180,147,False,0,0,0,0,0.0
0,12,220,100,46,0.1996795120267765,0.12384677789728689,0.010210268591713909,color_battery_amoled_B.csv,True,True,train,0.7301678657531738,-0.23780494928359985,-0.6896125674247742,220.59640288352966,97.17986896634102,39.57439765334129,221,97,40,False,0,1,3,6,3.3333333333333335
0,13,75,202,248,0.1326634879721661,0.19008703782695746,0.40946216753015435,color_battery_amoled_B.csv,True,True,train,-0.5551532506942749,0.5629113912582397,0.9423743486404419,56.71796053647995,199.27120238542557,247.65272945165634,57,199,248,False,0,18,3,0,7.0
0,14,115,76,174,0.07104245594617835,0.04593486154295054,0.1939030052938746,color_battery_amoled_B.csv,True,True,train,-0.09024369716644287,-0.4697377681732178,0.34991875290870667,115.99392861127853,67.60843455791473,172.1146409958601,116,68,172,False,0,1,8,2,3.6666666666666665
0,15,229,229,120,0.2815532541334131,0.3298320115127274,0.08177520291502038,color_battery_amoled_B.csv,True,True,train,0.8157435655593872,0.8108640909194946,-0.013126575388014317,231.50730460882187,230.88517159223557,125.82636163802817,232,231,126,False,0,3,2,6,3.6666666666666665
0,16,139,50,194,0.09572604930457007,0.04980011964796941,0.24827445878783588,color_battery_amoled_B.csv,True,True,train,0.13184307515621185,-0.6590143442153931,0.5180361270904541,144.309992082417,43.475671112537384,193.5496062040329,144,43,194,False,0,5,7,0,4.0
0,17,29,155,21,0.04078222322934223,0.10573147033520416,0.007514856057950703,color_battery_amoled_B.csv,True,True,train,-0.7774706482887268,0.2272687405347824,-0.8376080989837646,28.372492343187332,156.47676441818476,20.704967379570007,28,156,21,False,0,1,1,0,0.6666666666666666
0,18,17,60,154,0.0288352839299855,0.021038748968063486,0.1495247511553907,color_battery_amoled_B.csv,True,True,train,-0.8269931674003601,-0.6100159883499146,0.1923120766878128,22.058371156454086,49.722961485385895,152.01978977769613,22,50,152,False,0,5,10,2,5.666666666666667
0,19,134,149,76,0.08993839737032838,0.11616606462234151,0.03264087725738406,color_battery_amoled_B.csv,True,True,train,0.09953447431325912,0.2053256630897522,-0.4519389271736145,140.19064547494054,153.6790220439434,69.87778678536415,140,154,70,False,0,6,5,6,5.666666666666667
0,20,232,66,246,0.2454271323649721,0.12453783138691014,0.3913692510048173,color_battery_amoled_B.csv,True,True,train,0.821453869342804,-0.5706904530525208,0.9334481954574585,232.2353683412075,54.736967235803604,246.51464492082596,232,55,247,False,0,0,11,1,4.0
0,21,126,235,32,0.14275480351712003,0.2952739653304801,0.019415575084290718,color_battery_amoled_B.csv,True,True,train,-0.0024490579962730408,0.8526942133903503,-0.7599183320999146,127.18774510547519,236.21851220726967,30.610412657260895,127,236,31,False,0,1,1,1,1.0
0,22,71,109,118,0.039786114340079316,0.05232612579405839,0.08013895129549611,color_battery_amoled_B.csv,True,True,train,-0.5145847201347351,-0.13471610844135284,-0.030728960409760475,61.890448182821274,110.32369617372751,123.58205754775554,62,110,124,False,0,9,1,6,5.333333333333333
0,23,208,196,160,0.2241381372983875,0.23498857949731225,0.1537795144209624,color_battery_amoled_B.csv,True,True,train,0.626907467842102,0.5272493362426758,0.24236345291137695,207.430702149868,194.72429037094116,158.40134024620056,207,195,158,False,0,1,1,2,1.3333333333333333
0,24,191,19,27,0.13630187471411773,0.06804378408113838,0.0026739122714864124,color_battery_amoled_B.csv,True,True,train,0.48436829447746277,-0.8178055286407471,-0.8033239841461182,189.2569575458765,23.22979509830475,25.076192021369934,189,23,25,False,0,2,4,2,2.6666666666666665
0,25,41,186,203,0.09867267706620773,0.15959703877648082,0.27766299119082793,color_battery_amoled_B.csv,True,True,train,-0.6831387281417847,0.44349586963653564,0.6065413355827332,40.399812161922455,184.0457233786583,204.83402028679848,40,184,205,False,0,1,2,2,1.6666666666666667
0,26,63,83,12,0.018816229979069458,0.028595292086151074,0.0018926579013409611,color_battery_amoled_B.csv,True,True,train,-0.6011050939559937,-0.3975257873535156,-0.8612180948257446,50.85910052061081,76.81546211242676,17.69469290971756,51,77,18,False,0,12,6,6,8.0
0,27,169,250,218,0.22171174699820365,0.3302359742300035,0.3079393896150741,color_battery_amoled_B.csv,True,True,train,0.3284475803375244,0.9473755359649658,0.7145498991012573,169.37706649303436,248.29038083553314,218.6051121354103,169,248,219,False,0,0,2,1,1.0
0,29,81,133,182,0.07136602671312584,0.08277938310127894,0.21549683738703176,color_battery_amoled_B.csv,True,True,train,-0.41568538546562195,0.08031672984361649,0.420805960893631,74.5001133531332,137.7403830550611,181.15276001393795,75,138,181,False,0,6,5,1,4.0
0,30,104,4,223,0.08145274826590232,0.037575985904913484,0.3449622151693459,color_battery_amoled_B.csv,True,True,train,-0.1973891258239746,-0.7746368050575256,0.7656223177909851,102.33288645744324,28.73380735516548,225.1168455183506,102,29,225,False,0,2,25,2,9.666666666666666
0,31,254,169,55,0.29750164160141435,0.235306485625453,0.01800141727679229,color_battery_amoled_B.csv,True,True,train,0.9655104279518127,0.3069395422935486,-0.6447201371192932,250.60257956385612,166.63479164242744,45.298182517290115,251,167,45,False,0,3,2,10,5.0
0,32,144,125,140,0.09948901927547288,0.0914073903600043,0.1161755517743001,color_battery_amoled_B.csv,True,True,train,0.17023004591464996,0.02070626989006996,0.1221478059887886,149.20433085411787,130.14004941098392,143.07384526357055,149,130,143,False,0,5,5,3,4.333333333333333
0,33,7,212,90,0.08758222872892708,0.2226993846092892,0.05205629325210938,color_battery_amoled_B.csv,True,True,train,-0.8025684952735901,0.6671380996704102,-0.31187379360198975,25.172516852617264,212.5601077079773,87.73609131574631,25,213,88,False,0,18,1,2,7.0
0,34,2,11,40,0.001384835706677554,0.0008929154948341375,0.007583578485914553,color_battery_amoled_B.csv,True,True,train,-0.8921321630477905,-0.8741792440414429,-0.778455913066864,13.753149211406708,16.042146384716034,28.24687108397484,14,16,28,False,0,12,5,12,9.666666666666666
0,35,151,162,254,0.15639897148157447,0.14255762110101444,0.42445079397953445,color_battery_amoled_B.csv,True,True,train,0.21811866760253906,0.29423826932907104,0.9740471243858337,155.31013011932373,165.01537933945656,251.6910083591938,155,165,252,False,0,4,3,2,3.0
0,36,249,117,69,0.26859747741933576,0.16748184900942825,0.02219540863108821,color_battery_amoled_B.csv,True,True,train,0.9412379860877991,-0.11727306246757507,-0.5490422248840332,247.50784322619438,112.54768453538418,57.49711632728577,248,113,57,False,0,1,4,12,5.666666666666667
0,37,112,219,146,0.1294305993558299,0.24212943310234353,0.13122130327067444,color_battery_amoled_B.csv,True,True,train,-0.1209380254149437,0.7100456357002258,0.15559569001197815,112.08040175959468,218.0308185517788,147.3384504765272,112,218,147,False,0,0,1,1,0.6666666666666666
0,38,86,90,196,0.0666718168862391,0.04924920569432085,0.25651359688160474,color_battery_amoled_B.csv,True,True,train,-0.3744450807571411,-0.3352799415588379,0.5430347919464111,79.75825220346451,84.75180745124817,196.73693597316742,80,85,197,False,0,6,5,1,4.0
0,39,192,243,19,0.2256996255317166,0.34804865513488886,0.017376427652970608,color_battery_amoled_B.csv,True,True,train,0.4803520441055298,0.9127729535102844,-0.7859097123146057,188.74488562345505,243.87855157256126,27.29651167988777,189,244,27,False,0,3,1,8,4.0
0,40,173,37,168,0.12618626763004503,0.06325959855114753,0.17549847376548589,color_battery_amoled_B.csv,True,True,train,0.3409349322319031,-0.7273998856544495,0.29104676842689514,170.96920385956764,34.75651457905769,164.60846297442913,171,35,165,False,0,2,2,3,2.3333333333333335
0,41,56,141,126,0.049977493334454504,0.0866351392398154,0.09367623556913855,color_battery_amoled_B.csv,True,True,train,-0.6170607805252075,0.14001522958278656,0.02560632862150669,48.82475048303604,145.3519417718053,130.7648068992421,49,145,131,False,0,7,4,5,5.333333333333333
0,43,183,204,105,0.18320072354306846,0.23816463931019383,0.06361428174938379,color_battery_amoled_B.csv,True,True,train,0.42390844225883484,0.5843492746353149,-0.16656333208084106,181.54832638800144,202.00453251600266,106.26317515969276,182,202,106,False,0,1,2,1,1.3333333333333333
0,44,213,28,210,0.20167174672424856,0.09856389364794002,0.2885141681768041,color_battery_amoled_B.csv,True,True,train,0.6602398157119751,-0.7405834794044495,0.6574329137802124,211.68057650327682,33.07560637593269,211.32269650697708,212,33,211,False,0,1,5,1,2.3333333333333335
0,45,64,178,4,0.06245254811233021,0.14869385942175267,0.008229849185267035,color_battery_amoled_B.csv,True,True,train,-0.5666723251342773,0.38401514291763306,-0.8496894836425781,55.24927854537964,176.46193072199821,19.16459083557129,55,176,19,False,0,9,2,15,8.666666666666666
0,46,121,52,82,0.051528286024270877,0.031275957336515885,0.035504860016071435,color_battery_amoled_B.csv,True,True,train,-0.026500457897782326,-0.669010579586029,-0.3834186792373657,124.12119161803275,42.201151102781296,78.61411839723587,124,42,79,False,0,3,10,3,5.333333333333333
0,47,239,157,132,0.2623976741449034,0.20048754672927666,0.09560257197086423,color_battery_amoled_B.csv,True,True,train,0.8823830485343933,0.2646105885505676,0.0677882581949234,240.00383868813515,161.23785004019737,136.14300291985273,240,161,136,False,0,1,4,4,3.0
0,48,129,74,62,0.05956198718731325,0.04278288520390085,0.01943551839803901,color_battery_amoled_B.csv,True,True,train,0.042902566492557526,-0.48901426792144775,-0.5842979550361633,132.97007722780108,65.15068084001541,53.002010732889175,133,65,53,False,0,4,9,9,7.333333333333333
0,49,24,226,232,0.13966360245239517,0.24599261089565774,0.36132006684425805,color_battery_amoled_B.csv,True,True,train,-0.7987886071205139,0.7773342728614807,0.842724621295929,25.654452592134476,226.6101197898388,234.94738921523094,26,227,235,False,0,2,1,3,2.0
0,50,26,68,102,0.016103756089149535,0.01899470443050188,0.058242264814887874,color_battery_amoled_B.csv,True,True,train,-0.8211933970451355,-0.5523740649223328,-0.18403905630111694,22.797841876745224,57.07230672240257,104.03502032160759,23,57,104,False,0,3,11,2,5.333333333333333
0,51,140,236,176,0.17170183930618046,0.29088610660844233,0.19584259548059066,color_battery_amoled_B.csv,True,True,train,0.12860938906669617,0.8463448286056519,0.3549765944480896,143.89769710600376,235.4089656472206,172.75951579213142,144,235,173,False,0,4,1,3,2.6666666666666665
0,52,225,58,10,0.20506537356999327,0.10849491409684746,0.0006220115783736253,color_battery_amoled_B.csv,True,True,train,0.7813900709152222,-0.651729941368103,-0.8297260403633118,227.12723404169083,44.404432475566864,21.70992985367775,227,44,22,False,0,2,14,12,9.333333333333334
0,53,116,147,220,0.10988021997869744,0.10963327951023832,0.3279424545390846,color_battery_amoled_B.csv,True,True,train,-0.07862881571054459,0.18801221251487732,0.7512051463127136,117.47482599690557,151.47155709564686,223.278656154871,117,151,223,False,0,1,4,3,2.6666666666666665
0,54,77,22,138,0.033480361060669483,0.016327938016246338,0.11452318437318573,color_battery_amoled_B.csv,True,True,train,-0.47808414697647095,-0.8081287145614624,0.09385690838098526,66.54427126049995,24.463588893413544,139.46675581857562,67,24,139,False,0,10,2,1,4.333333333333333
0,55,219,188,92,0.23301918765661905,0.23272819991740468,0.0473365177077905,color_battery_amoled_B.csv,True,True,train,0.7195780277252197,0.4728778004646301,-0.28227341175079346,219.24619853496552,187.79191955924034,91.51014000177383,219,188,92,False,0,0,0,0,0.0
0,56,181,107,229,0.16360961011593553,0.10158452125181362,0.3508432355184935,color_battery_amoled_B.csv,True,True,train,0.4187394678592682,-0.19966471195220947,0.8115537166595459,180.8892821520567,102.04274922609329,230.9730988740921,181,102,231,False,0,0,5,2,2.3333333333333335
0,57,36,194,49,0.06891105639796626,0.17795646958920322,0.02042870060842577,color_battery_amoled_B.csv,True,True,train,-0.7493106722831726,0.4994344711303711,-0.6911107897758484,31.962889283895493,191.17789506912231,39.38337430357933,32,191,39,False,0,4,3,10,5.666666666666667
0,58,54,43,240,0.07164577693642352,0.03471577101526175,0.40061930993116585,color_battery_amoled_B.csv,True,True,train,-0.667615532875061,-0.7011082768440247,0.8769389390945435,42.37901955842972,38.108694702386856,239.3097147345543,42,38,239,False,0,12,5,1,6.0
0,59,163,131,38,0.11270194045859355,0.10730042338314917,0.009323367319490935,color_battery_amoled_B.csv,True,True,train,0.2829568386077881,0.07356026768684387,-0.7484800219535828,163.57699692249298,136.8789341300726,32.0687972009182,164,137,32,False,0,1,6,6,4.333333333333333
0,60,205,84,156,0.1775942310877429,0.10205026373997775,0.14478288490799113,color_battery_amoled_B.csv,True,True,train,0.5733001232147217,-0.38832706212997437,0.2178800106048584,200.595765709877,77.98829957842827,155.27970135211945,201,78,155,False,0,4,6,1,3.6666666666666665
0,61,91,253,74,0.1423577705322858,0.33901198330089455,0.041584296136382905,color_battery_amoled_B.csv,True,True,train,-0.3518645465373993,0.9615674614906311,-0.4979831278324127,82.63727031648159,250.09985134005547,64.00715120136738,83,250,64,False,0,8,3,10,7.0
0,62,98,123,29,0.04772487872925981,0.0699942096424165,0.006446125592869569,color_battery_amoled_B.csv,True,True,train,-0.2404434233903885,-0.002752913162112236,-0.801116943359375,96.84346351772547,127.14900357183069,25.357589721679688,97,127,25,False,0,1,4,4,3.0
0,63,243,209,201,0.3010126189394728,0.2837270150521593,0.2518381969111438,color_battery_amoled_B.csv,True,True,train,0.9330492615699768,0.6352652311325073,0.5881518721580505,246.46378085017204,208.49631696939468,202.48936370015144,246,208,202,False,0,3,1,1,1.6666666666666667
0,64,154,5,112,0.08992164500906025,0.044199587163428075,0.06894292118419232,color_battery_amoled_B.csv,True,True,train,0.23136788606643677,-0.813207745552063,-0.08700543642044067,156.9994054734707,23.81601244211197,116.40680685639381,157,24,116,False,0,3,19,4,8.666666666666666
0,65,12,172,166,0.07413801848868279,0.13547908193579233,0.17664135938511785,color_battery_amoled_B.csv,True,True,train,-0.75758957862854,0.3533989191055298,0.2837238907814026,30.907328724861145,172.55836218595505,163.67479607462883,31,173,164,False,0,19,1,2,7.333333333333333
0,66,15,39,122,0.01615295626449922,0.010428166737682067,0.08660600736734522,color_battery_amoled_B.csv,True,True,train,-0.8505113124847412,-0.7596693634986877,-0.01560650672763586,19.059807658195496,30.642156153917313,125.51017039222643,19,31,126,False,0,4,8,4,5.333333333333333
0,67,153,143,171,0.12395710574312654,0.11786823787753486,0.18322355698448942,color_battery_amoled_B.csv,True,True,train,0.24268271028995514,0.16718003153800964,0.3230897784233093,158.44204556196928,148.81545402109623,168.69394674897194,158,149,169,False,0,5,6,2,4.333333333333333
0,68,246,88,22,0.25630411907753636,0.1450957028637495,0.0025736701301935032,color_battery_amoled_B.csv,True,True,train,0.925417959690094,-0.41352659463882446,-0.8234847187995911,245.49078986048698,74.77535918354988,22.50569835305214,245,75,23,False,0,1,13,1,5.0
0,69,97,241,192,0.15327528109245694,0.2918056722513433,0.23943269367429604,color_battery_amoled_B.csv,True,True,train,-0.3265906572341919,0.8886361718177795,0.49893951416015625,85.85969120264053,240.8011119067669,191.11478805541992,86,241,191,False,0,11,0,1,4.0
0,70,88,119,150,0.05875512424157364,0.06687036264566577,0.13878184392571405,color_battery_amoled_B.csv,True,True,train,-0.34432899951934814,-0.03950708359479904,0.18215139210224152,83.59805256128311,122.46284684166312,150.7243024930358,84,122,151,False,0,4,3,1,2.6666666666666665
0,71,206,221,64,0.2300706348300402,0.29565783732740963,0.029133546783649565,color_battery_amoled_B.csv,True,True,train,0.5941128134727478,0.7389470338821411,-0.5528428554534912,203.24938371777534,221.715746819973,57.01253592967987,203,222,57,False,0,3,1,7,3.6666666666666665
0,72,160,9,249,0.13844917566253886,0.06521282257476578,0.41936608208041304,color_battery_amoled_B.csv,True,True,train,0.28807395696640015,-0.7563834190368652,0.9350235462188721,164.22942951321602,31.061114072799683,246.7155021429062,164,31,247,False,0,4,22,2,9.333333333333334
0,73,55,160,45,0.049028051359187266,0.11435851948931956,0.015153699587682657,color_battery_amoled_B.csv,True,True,train,-0.63301020860672,0.25824666023254395,-0.722516655921936,46.791198402643204,160.42644917964935,35.379126369953156,47,160,35,False,0,8,0,10,6.0
0,74,32,72,236,0.06943535185048008,0.04065846950978841,0.38701610336267656,color_battery_amoled_B.csv,True,True,train,-0.7542049884796143,-0.5190693140029907,0.8533121347427368,31.338863968849182,61.31866246461868,236.29729717969894,31,61,236,False,0,1,11,0,4.0
0,75,182,224,58,0.19452226383258345,0.28820465075466367,0.02714830106855868,color_battery_amoled_B.csv,True,True,train,0.40265291929244995,0.7594062685966492,-0.607184886932373,178.83824720978737,224.32429924607277,50.08392691612244,179,224,50,False,0,3,0,8,3.6666666666666665
0,76,216,54,128,0.19114745400445204,0.0996036060451823,0.08920239156760802,color_battery_amoled_B.csv,True,True,train,0.6833823919296265,-0.6444682478904724,0.03961388021707535,214.63125497102737,45.33029839396477,132.5507697276771,215,45,133,False,0,1,9,5,5.0
0,77,79,159,87,0.060251417545810634,0.11557066792223883,0.04493750920371363,color_battery_amoled_B.csv,True,True,train,-0.4213699400424957,0.2584831714630127,-0.33016297221183777,73.7753326445818,160.45660436153412,85.40422104299068,74,160,85,False,0,5,1,2,2.6666666666666665
0,78,119,26,1,0.04422702810660148,0.02306552983734971,9.260596647789075e-05,color_battery_amoled_B.csv,True,True,train,-0.03638923168182373,-0.819756269454956,-0.8675082921981812,122.86037296056747,22.981075644493103,16.892692744731903,123,23,17,False,0,4,3,16,7.666666666666667
0,79,225,176,214,0.2532034363878522,0.20945324089825454,0.2941123104762172,color_battery_amoled_B.csv,True,True,train,0.7853446006774902,0.398385226726532,0.7031418681144714,227.63143658638,178.29411640763283,217.1505881845951,228,178,217,False,0,3,2,3,2.6666666666666665
0,80,143,103,108,0.08569513916053256,0.069973457672639,0.06424562713980643,color_battery_amoled_B.csv,True,True,train,0.15762493014335632,-0.18825924396514893,-0.11602561920881271,147.59717859327793,103.49694639444351,112.70673355087638,148,103,113,False,0,5,0,5,3.3333333333333335
0,81,25,206,186,0.10528566704727164,0.20159752767791364,0.2270744682965617,color_battery_amoled_B.csv,True,True,train,-0.7448044419288635,0.5990623235702515,0.4517124593257904,32.5374336540699,203.88044625520706,185.09333856403828,33,204,185,False,0,8,2,1,3.6666666666666665
0,82,21,105,52,0.01836635658505662,0.04221658816084833,0.015596172379485981,color_battery_amoled_B.csv,True,True,train,-0.8272927403450012,-0.17276348173618317,-0.6716922521591187,22.020175606012344,105.47265607863665,41.85923784971237,22,105,42,False,0,1,0,10,3.6666666666666665
0,83,130,192,226,0.14491262378148517,0.18253288184816543,0.34217799683165356,color_battery_amoled_B.csv,True,True,train,0.03958997502923012,0.48679590225219727,0.7924203276634216,132.54772181622684,189.56647753715515,228.53359177708626,133,190,229,False,0,3,2,3,2.6666666666666665
0,84,236,24,88,0.23052055226334262,0.1149244916118172,0.037387882959014955,color_battery_amoled_B.csv,True,True,train,0.8651306629180908,-0.8216953277587891,-0.34678947925567627,237.80415952205658,22.733845710754395,83.28434139490128,238,23,83,False,0,2,1,5,2.6666666666666665
0,85,122,190,142,0.1129107397051183,0.17971544254037145,0.12217552667794766,color_battery_amoled_B.csv,True,True,train,-0.002413509413599968,0.4732690453529358,0.12844692170619965,127.192277549766,187.8418032824993,143.87698251754045,127,188,144,False,0,5,2,2,3.0
0,86,67,56,215,0.06319150206762246,0.03400551889705957,0.3183289510850036,color_battery_amoled_B.csv,True,True,train,-0.5629737973213196,-0.6378603577613831,0.697733998298645,55.72084084153175,46.17280438542366,216.46108478307724,56,46,216,False,0,11,10,1,7.333333333333333
0,87,212,145,15,0.1970958357659997,0.16161150596495655,0.005207182843020846,color_battery_amoled_B.csv,True,True,train,0.6565625071525574,0.18871213495731354,-0.7976235151290894,211.21171966195107,151.56079720705748,25.803001821041107,211,152,26,False,0,1,7,11,6.333333333333333
0,88,187,70,180,0.15159256842510077,0.08269210111564439,0.20414321438049607,color_battery_amoled_B.csv,True,True,train,0.4360213577747345,-0.5274302959442139,0.39182621240615845,183.09272311627865,60.25263726711273,177.4578420817852,183,60,177,False,0,4,10,3,5.666666666666667
0,89,45,238,98,0.11597908543582265,0.29008280670883796,0.06245840890570014,color_battery_amoled_B.csv,True,True,train,-0.7048261165618896,0.8707252144813538,-0.23531420528888702,37.63467013835907,238.5174648463726,97.4974388256669,38,239,97,False,0,7,1,1,3.0
0,90,59,7,162,0.03519714451695057,0.01611068108738721,0.16789843041273383,color_battery_amoled_B.csv,True,True,train,-0.6335954070091248,-0.8187216520309448,0.24730762839317322,46.716585606336594,23.112989366054535,159.03172262012959,47,23,159,False,0,12,16,3,10.333333333333334
0,91,173,174,116,0.1516230430158437,0.17388775115509927,0.07621013949515015,color_battery_amoled_B.csv,True,True,train,0.35945355892181396,0.36993855237960815,-0.06007210910320282,173.33032876253128,174.66716542840004,119.84080608934164,173,175,120,False,0,0,1,4,1.6666666666666667
0,92,194,121,206,0.17839535087739028,0.11982001838842417,0.27655152993540777,color_battery_amoled_B.csv,True,True,train,0.5039113163948059,-0.043088529258966446,0.6271340847015381,191.74869284033775,122.00621251948178,207.4595957994461,192,122,207,False,0,2,1,1,1.3333333333333333
0,93,85,207,24,0.0924593830393482,0.21236032854797962,0.01354823764101165,color_battery_amoled_B.csv,True,True,train,-0.3836083710193634,0.6131162643432617,-0.8025650382041931,78.58993269503117,205.67232370376587,25.172957628965378,79,206,25,False,0,6,1,1,2.6666666666666665
0,95,250,255,152,0.34208354347006253,0.40844864588441526,0.13487651288748756,color_battery_amoled_B.csv,True,True,train,0.9943059086799622,1.0133166313171387,0.21121634542942047,254.27400335669518,255.0,154.4300840422511,254,255,154,True,1,4,0,2,2.0
0,96,148,41,35,0.07518199340791933,0.040516508086774726,0.005368444601816492,color_battery_amoled_B.csv,True,True,train,0.18519042432308197,-0.7474209666252136,-0.7807767987251282,151.11177910119295,32.20382675528526,27.950958162546158,151,32,28,False,0,3,9,7,6.333333333333333
0,98,6,94,134,0.02914892996096604,0.03817597765928352,0.10795510962164233,color_battery_amoled_B.csv,True,True,train,-0.8270384669303894,-0.26870810985565186,0.07578837126493454,22.05259546637535,93.23971599340439,137.16301733627915,22,93,137,False,0,16,1,3,6.666666666666667
0,99,147,246,81,0.17425677649620447,0.3312479108447203,0.04553685903946801,color_battery_amoled_B.csv,True,True,train,0.1840658187866211,0.9222981929779053,-0.4219495356082916,150.9683918952942,245.09301960468292,73.70143420994282,151,245,74,False,0,4,1,7,4.0
0,100,253,32,234,0.27987112044595586,0.13704364034816738,0.3520812291662303,color_battery_amoled_B.csv,True,True,train,0.9682983756065369,-0.729584276676178,0.8391139507293701,250.95804288983345,34.47800472378731,234.4870287179947,251,34,234,False,0,2,2,0,1.3333333333333333
0,101,108,137,60,0.06147655050164311,0.08980406415900849,0.021014148765051144,color_battery_amoled_B.csv,True,True,train,-0.13872115314006805,0.11315929889678955,-0.5981181859970093,109.81305297464132,141.92781060934067,51.23993128538132,110,142,51,False,0,2,5,9,5.333333333333333
0,102,82,16,106,0.02784345005881424,0.013702777066108899,0.06258491636514708,color_battery_amoled_B.csv,True,True,train,-0.4215654134750366,-0.8308307528495789,-0.1433616578578949,73.75040978193283,21.569079011678696,109.2213886231184,74,22,109,False,0,8,6,3,5.666666666666667
0,103,196,165,188,0.19307954804506205,0.17233369203378146,0.2235895734602291,color_battery_amoled_B.csv,True,True,train,0.5270291566848755,0.31854450702667236,0.46281149983406067,194.69621747732162,168.11442464590073,186.50846622884274,195,168,187,False,0,1,3,1,1.6666666666666667
0,104,169,113,7,0.11455156570959375,0.09284449533336844,0.002613018848447644,color_battery_amoled_B.csv,True,True,train,0.31899967789649963,-0.08489001542329788,-0.8338537216186523,168.1724589318037,116.67652303352952,21.183650493621826,168,117,21,False,0,1,4,14,6.333333333333333
0,106,42,48,16,0.0067811487473114366,0.008886152662382135,0.0013608095394302387,color_battery_amoled_B.csv,True,True,train,-0.7701480984687805,-0.7236344814300537,-0.8699479103088379,29.306117445230484,35.23660361766815,16.58164143562317,29,35,17,False,0,13,13,1,9.0
0,107,187,153,198,0.17718258771628406,0.15004353775763046,0.2532789635916808,color_battery_amoled_B.csv,True,True,train,0.46303725242614746,0.23734213411808014,0.5538817048072815,186.5372496843338,157.76112210005522,198.1199173629284,187,158,198,False,0,0,5,0,1.6666666666666667
0,108,210,78,125,0.18102257695958957,0.10209196933981379,0.08481039364669289,color_battery_amoled_B.csv,True,True,train,0.6279519200325012,-0.4526798129081726,0.022822076454758644,207.5638698041439,69.78332385420799,130.40981474798173,208,70,130,False,0,2,8,5,5.0
0,109,68,231,169,0.1276296440617627,0.26517850096198936,0.1824821447347822,color_battery_amoled_B.csv,True,True,train,-0.5617484450340271,0.811452329158783,0.3084161877632141,55.877073258161545,230.96017196774483,166.8230639398098,56,231,167,False,0,12,0,2,4.666666666666667
0,110,125,98,251,0.11307896314950558,0.07119906085151577,0.42565636055261336,color_battery_amoled_B.csv,True,True,train,-0.021715158596634865,-0.2831210494041443,0.9560576677322388,124.73131727892905,91.4020662009716,249.39735263586044,125,91,249,False,0,0,7,2,3.0
0,111,235,199,42,0.27132047176469215,0.2704125560056673,0.015675845090715165,color_battery_amoled_B.csv,True,True,train,0.8457739353179932,0.5490550994873047,-0.6951043605804443,235.33617675304413,197.50452518463135,38.87419402599335,235,198,39,False,0,0,1,3,1.3333333333333333
0,112,133,31,144,0.07274819624045224,0.03652736278691073,0.12464356513230117,color_battery_amoled_B.csv,True,True,train,0.0725470706820488,-0.764066755771637,0.13473065197467804,136.74975151196122,30.081488639116287,144.67815812677145,137,30,145,False,0,4,1,1,2.0
0,113,20,182,70,0.06030555917968139,0.15342621547831073,0.031291413620150234,color_battery_amoled_B.csv,True,True,train,-0.7900967001914978,0.40999191999435425,-0.5277265310287476,26.76267072558403,179.77396979928017,60.214867293834686,27,180,60,False,0,7,2,10,6.333333333333333
0,114,30,17,200,0.04634744621789839,0.02116733587897778,0.2724247152960753,color_battery_amoled_B.csv,True,True,train,-0.7777981162071228,-0.7916324138641357,0.565967321395874,28.330740183591843,26.566867232322693,199.66083347797394,28,27,200,False,0,2,10,0,4.0
0,115,136,184,30,0.10949147426503922,0.17588022766603634,0.011590040083035942,color_battery_amoled_B.csv,True,True,train,0.10877227783203125,0.43200379610061646,-0.7879989743232727,141.36846542358398,182.5804840028286,27.03013077378273,141,183,27,False,0,5,1,3,3.0
0,116,229,111,164,0.2305078567220477,0.14116902507110662,0.1595238597350494,color_battery_amoled_B.csv,True,True,train,0.7897105813026428,-0.13454027473926544,0.2722877860069275,228.18809911608696,110.34611497074366,162.21669271588326,228,110,162,False,0,1,1,2,1.3333333333333333
0,118,73,64,37,0.01921323037499097,0.019563674183137193,0.006732769975749373,color_battery_amoled_B.csv,True,True,train,-0.5170990228652954,-0.5945316553115845,-0.7808913588523865,61.569874584674835,51.69721394777298,27.936351746320724,62,52,28,False,0,11,12,9,10.666666666666666
0,119,223,233,241,0.2861909308674249,0.31429814187422106,0.36256379513657344,color_battery_amoled_B.csv,True,True,train,0.7553736567497253,0.8285107016563416,0.901114821434021,223.81014123558998,233.13511446118355,242.39213973283768,224,233,242,False,0,1,0,1,0.6666666666666666
0,120,177,62,72,0.1173115716441521,0.06620263819724768,0.02528239984662348,color_battery_amoled_B.csv,True,True,train,0.3696427047252655,-0.5970393419265747,-0.4935162365436554,174.62944485247135,51.377483904361725,64.57667984068394,175,51,65,False,0,2,11,7,6.666666666666667
0,121,40,150,158,0.060555103035799654,0.09984982727494604,0.15757204868725994,color_battery_amoled_B.csv,True,True,train,-0.7028464674949646,0.20779499411582947,0.22764556109905243,37.88707539439201,153.99386174976826,156.52480904012918,38,154,157,False,0,2,4,1,2.3333333333333335
0,122,50,127,94,0.035980168541983854,0.06708345102761408,0.050125654569538054,color_battery_amoled_B.csv,True,True,train,-0.6668835878372192,0.025248128920793533,-0.26040998101234436,42.47234255075455,130.71913643740118,94.2977274209261,42,131,94,False,0,8,4,0,4.0
0,123,167,214,136,0.17309937422529767,0.2503413190039768,0.10991060443665032,color_battery_amoled_B.csv,True,True,train,0.32770204544067383,0.6630903482437134,0.08604128658771515,169.2820107936859,212.04401940107346,138.47026403993368,169,212,138,False,0,2,2,2,2.0
0,124,201,2,50,0.15760870237035804,0.07824218995037019,0.011265251547573357,color_battery_amoled_B.csv,True,True,train,0.5827212929725647,-0.8233253359794617,-0.6705619692802429,201.796964854002,22.526019662618637,42.00334891676903,202,23,42,False,0,1,21,8,10.0
0,125,95,168,228,0.11194711411428569,0.13401101820750239,0.3528051025554484,color_battery_amoled_B.csv,True,True,train,-0.30743226408958435,0.3304559588432312,0.8096556663513184,88.302386328578,169.63313475251198,230.7310974597931,88,170,231,False,0,7,2,3,4.0
0,126,102,46,178,0.06076520835068658,0.03216837963173364,0.20514174990614734,color_battery_amoled_B.csv,True,True,train,-0.22305598855018616,-0.6924247145652771,0.3780713677406311,99.06036145985126,39.21584889292717,175.70409938693047,99,39,176,False,0,3,7,2,4.0
0,127,239,135,100,0.2520558202869697,0.17392629413427377,0.0510079621051011,color_battery_amoled_B.csv,True,True,train,0.8813461065292358,0.08344811201095581,-0.21382269263267517,239.87162858247757,138.13963428139687,100.23760668933392,240,138,100,False,0,1,3,0,1.3333333333333333
0,128,158,81,221,0.12901999060714184,0.07340742020875404,0.3294795252462073,color_battery_amoled_B.csv,True,True,train,0.27561530470848083,-0.44334733486175537,0.7472862005233765,162.6409513503313,70.97321480512619,222.7789905667305,163,71,223,False,0,5,10,2,5.666666666666667
0,129,8,248,9,0.12093337770444998,0.3293601173750625,0.018962658907081775,color_battery_amoled_B.csv,True,True,train,-0.8348655700683594,0.9452800154685974,-0.8285856246948242,21.05463981628418,248.02320197224617,21.855332851409912,21,248,22,False,0,13,0,13,8.666666666666666
0,130,10,27,180,0.03605730375136796,0.017106123564528244,0.21404688626014676,color_battery_amoled_B.csv,True,True,train,-0.8222693204879761,-0.7877131700515747,0.3896673321723938,22.66066163778305,27.066570818424225,177.1825848519802,23,27,177,False,0,13,0,3,5.333333333333333
0,131,159,179,100,0.13550276690273932,0.17548619107999858,0.05725214454304992,color_battery_amoled_B.csv,True,True,train,0.27553173899650574,0.398975133895874,-0.2110283225774765,162.63029672205448,178.36932957172394,100.59388887137175,163,178,101,False,0,4,1,1,2.0
0,132,241,100,217,0.2606495817888565,0.1459387320386188,0.30215110667472456,color_battery_amoled_B.csv,True,True,train,0.893653392791748,-0.2718449831008911,0.7213866114616394,241.44080758094788,92.83976465463638,219.47679296135902,241,93,219,False,0,0,7,2,3.0
0,133,104,205,15,0.10010273216074159,0.21136778819928248,0.011990158445703801,color_battery_amoled_B.csv,True,True,train,-0.19705115258693695,0.5982385277748108,-0.819310188293457,102.37597804516554,203.77541229128838,23.03795099258423,102,204,23,False,0,2,1,8,3.6666666666666665
0,134,94,75,89,0.03711248635837867,0.031986886395085484,0.04336228514632749,color_battery_amoled_B.csv,True,True,train,-0.2886563837528229,-0.48091936111450195,-0.30457615852355957,90.69631107151508,66.182781457901,88.66653978824615,91,66,89,False,0,3,9,0,4.0
0,135,200,225,143,0.22843724918689046,0.29560905759072703,0.12120816146859326,color_battery_amoled_B.csv,True,True,train,0.560676097869873,0.7623734474182129,0.13761481642723083,198.9862024784088,224.70261454582214,145.04588909447193,199,225,145,False,0,1,0,2,1.0
0,136,165,53,53,0.09828689698769608,0.05468069134892581,0.013524606779943629,color_battery_amoled_B.csv,True,True,train,0.2911662459373474,-0.6627814173698425,-0.6568015217781067,164.6236963570118,42.99536928534508,43.7578059732914,165,43,44,False,0,0,10,9,6.333333333333333
0,137,48,156,227,0.09282101155172803,0.11215178424521946,0.35285294448427584,color_battery_amoled_B.csv,True,True,train,-0.6560850143432617,0.25271075963974,0.801206648349762,43.84916067123413,159.72062185406685,229.65384766459465,44,160,230,False,0,4,4,3,3.6666666666666665
0,138,38,116,35,0.022974299236798456,0.052958331680300674,0.008109647806799838,color_battery_amoled_B.csv,True,True,train,-0.7619569301605225,-0.07246137410402298,-0.7865476608276367,30.350491404533386,118.26117480173707,27.21517324447632,30,118,27,False,0,8,2,8,6.0
0,139,175,220,245,0.21102342583380213,0.25591208092362977,0.38627199390807887,color_battery_amoled_B.csv,True,True,train,0.3665173649787903,0.7022495865821838,0.9148675799369812,174.23096403479576,217.03682228922844,244.1456164419651,174,217,244,False,0,1,3,1,1.6666666666666667
0,140,221,10,79,0.1970286133531916,0.09775133596460477,0.029523695800891866,color_battery_amoled_B.csv,True,True,train,0.7492907643318176,-0.8230674266815186,-0.4267452359199524,223.03457245230675,22.558903098106384,73.08998242020607,223,23,73,False,0,2,13,6,7.0
0,141,72,163,153,0.07311631126195098,0.12136822125984477,0.1459690330138248,color_battery_amoled_B.csv,True,True,train,-0.48976051807403564,0.2903527021408081,0.19572004675865173,65.05553394556046,164.51996952295303,152.4543059617281,65,165,152,False,0,7,2,1,3.3333333333333335
0,142,113,38,207,0.07904238557597454,0.038870536543480015,0.29014784872237,color_battery_amoled_B.csv,True,True,train,-0.11177302151918411,-0.7227743864059448,0.6320258378982544,113.24893975630403,35.346265733242035,208.08329433202744,113,35,208,False,0,0,3,1,1.3333333333333333
0,143,231,140,26,0.23446997418158938,0.1729778137974365,0.006053621563058847,color_battery_amoled_B.csv,True,True,train,0.8217092156410217,0.13324929773807526,-0.7777014970779419,232.26792499423027,144.4892854616046,28.34305912256241,232,144,28,False,0,1,4,2,2.3333333333333335
0,144,137,91,163,0.08881419732571949,0.06213263000121842,0.16547759928243222,color_battery_amoled_B.csv,True,True,train,0.10913235694169998,-0.3144564628601074,0.26519060134887695,141.41437551006675,87.4068009853363,161.3118016719818,141,87,161,False,0,4,4,2,3.3333333333333335
0,145,32,242,117,0.12140081907598417,0.30074702674965803,0.08540226921928548,color_battery_amoled_B.csv,True,True,train,-0.7561858296394348,0.8994872570037842,-0.059100501239299774,31.08630672097206,242.18462526798248,119.96468609198928,31,242,120,False,0,1,0,3,1.3333333333333333
0,146,18,85,251,0.07851073288063587,0.049583245476598536,0.43319574601705957,color_battery_amoled_B.csv,True,True,train,-0.7771281003952026,-0.39296776056289673,0.9482790231704712,28.416167199611664,77.39661052823067,248.40557545423508,28,77,248,False,0,10,8,3,7.0
0,147,132,252,45,0.16462796169226965,0.3458474627264739,0.02557568343103359,color_battery_amoled_B.csv,True,True,train,0.04925522208213806,0.957926332950592,-0.7124444246292114,133.7800408154726,249.63560745120049,36.66333585977554,134,250,37,False,0,2,2,8,4.0
0,148,233,44,151,0.22953700886810421,0.11586920458702085,0.13206625866877428,color_battery_amoled_B.csv,True,True,train,0.8214721083641052,-0.7125074863433838,0.17363221943378448,232.23769381642342,36.65529549121857,149.63810797780752,232,37,150,False,0,1,7,1,3.0
0,150,255,0,0,0.2840336500970703,0.14126702724893483,0.00011189618003066671,color_battery_amoled_B.csv,True,True,train,0.9913931488990784,-0.9162805080413818,-0.889055609703064,253.9026264846325,10.674235224723816,14.145409762859344,254,11,14,False,0,1,11,14,8.666666666666666
0,151,0,255,255,0.1733336115134371,0.320321433435336,0.41499962434900683,color_battery_amoled_B.csv,True,True,train,-0.8869062066078186,1.0226117372512817,0.9757367968559265,14.419458657503128,255.0,251.90644159913063,14,255,252,True,1,14,0,3,5.666666666666667
0,152,255,255,255,0.34569973580471763,0.377386523590714,0.37869154942629624,color_battery_amoled_B.csv,True,True,train,0.9811554551124573,1.0110578536987305,0.9801594614982605,252.5973205268383,255.0,252.4703313410282,253,255,252,True,1,2,0,3,1.6666666666666667
0,153,100,0,0,0.031066092003157512,0.015377474297027979,1.1518928258091346e-05,color_battery_amoled_B.csv,True,True,train,-0.1963036209344864,-0.859871506690979,-0.8728510737419128,102.47128833085299,17.866382896900177,16.211488097906113,102,18,16,False,0,2,18,16,12.0
0,154,0,100,0,0.01562798467950374,0.04132314397178297,0.0023424079878799652,color_battery_amoled_B.csv,True,True,train,-0.8545979261398315,-0.17465786635875702,-0.8715152144432068,18.53876441717148,105.23112203925848,16.381810158491135,19,105,16,False,0,19,5,16,13.333333333333334
0,155,0,0,100,0.009670710039993681,0.004420990474007958,0.05796671927307945,color_battery_amoled_B.csv,True,True,train,-0.8724126219749451,-0.8582249879837036,-0.1913423240184784,16.267390698194504,18.07631403207779,103.103853687644,16,18,103,False,0,16,18,3,12.333333333333334
0,156,168,162,189,0.15424906455898646,0.15122097073459267,0.2291656857019821,color_battery_amoled_B.csv,True,True,train,0.3459409773349762,0.2946953773498535,0.47065484523773193,171.60747461020947,165.07366061210632,187.50849276781082,172,165,188,False,0,4,3,1,2.6666666666666665
0,157,173,175,211,0.17241416699031972,0.17246753153560893,0.2924784343453496,color_battery_amoled_B.csv,True,True,train,0.3831675946712494,0.37351924180984497,0.6626484394073486,176.3538683205843,175.12370333075523,211.98767602443695,176,175,212,False,0,3,0,1,1.3333333333333333
1,0,0,0,0,1.3382369549180758e-05,6.875678665958589e-06,2.4789906544715844e-05,color_battery_amoled_B.csv,True,True,train,-0.895990252494812,-0.8854337334632874,-0.8941351175308228,13.261242806911469,14.607198983430862,13.497772514820099,13,15,13,False,0,13,15,13,13.666666666666666
1,1,255,255,255,0.34545127452278523,0.37730766429131046,0.37886558590929476,color_battery_amoled_B.csv,True,True,train,0.9799282550811768,1.0111172199249268,0.9804616570472717,252.44085252285004,255.0,252.50886127352715,252,255,253,True,1,3,0,2,1.6666666666666667
1,2,11,115,212,0.06611561886611735,0.06369136679078617,0.3081588239912474,color_battery_amoled_B.csv,True,True,train,-0.7735799551010132,-0.08143464475870132,0.6823979020118713,28.86855572462082,117.11708279326558,214.5057325065136,29,117,215,False,0,18,2,3,7.666666666666667
1,3,157,218,2,0.16005452818793053,0.26590572099389104,0.013177118218815504,color_battery_amoled_B.csv,True,True,train,0.24749523401260376,0.7231110334396362,-0.8162225484848022,159.05564233660698,219.69665676355362,23.431625068187714,159,220,23,False,0,2,2,21,8.333333333333334
1,4,242,14,183,0.25450583289995493,0.1251007855224005,0.20560431714373825,color_battery_amoled_B.csv,True,True,train,0.894271731376648,-0.778937578201294,0.39977094531059265,241.5196457505226,28.185458779335022,178.47079552710056,242,28,178,False,0,0,14,5,6.333333333333333
1,5,101,163,110,0.07648321208814261,0.12651623507544796,0.06997588021748906,color_battery_amoled_B.csv,True,True,train,-0.20035085082054138,0.29107415676116943,-0.10540368407964706,101.95526652038097,164.6119549870491,114.061030279845,102,165,114,False,0,1,2,4,2.3333333333333335
1,7,202,139,237,0.2047091814337005,0.14364639364576243,0.36897284289098387,color_battery_amoled_B.csv,True,True,train,0.573289155960083,0.11700461804866791,0.874247133731842,200.59436738491058,142.41808880120516,238.96650955080986,201,142,239,False,0,1,3,2,2.0
1,8,164,93,84,0.10545118506867789,0.07419909950888343,0.03713108818257859,color_battery_amoled_B.csv,True,True,train,0.2871037423610687,-0.2886585593223572,-0.3596053719520569,164.10572715103626,90.69603368639946,81.65031507611275,164,91,82,False,0,0,2,2,1.3333333333333333
1,9,51,244,130,0.12771972595756073,0.3047909583573925,0.10479744727241809,color_battery_amoled_B.csv,True,True,train,-0.6771156191825867,0.9105094075202942,0.044697485864162445,41.1677585542202,243.5899494588375,133.1989294476807,41,244,133,False,0,10,0,3,4.333333333333333
1,10,36,29,67,0.007300191475596545,0.00504661959461767,0.022931452116753397,color_battery_amoled_B.csv,True,True,train,-0.8015029430389404,-0.825126051902771,-0.5591615438461304,25.308374762535095,22.296428382396698,56.20690315961838,25,22,56,False,0,11,7,11,9.666666666666666
1,11,178,180,147,0.1665653826348371,0.18629168081867412,0.12900595169332846,color_battery_amoled_B.csv,True,True,train,0.39586684107780457,0.41018176078796387,0.15442520380020142,177.97302223742008,179.7981745004654,147.18921348452568,178,180,147,False,0,0,0,0,0.0
1,12,220,100,46,0.19958351362148646,0.12382429716174113,0.01016128964379466,color_battery_amoled_B.csv,True,True,train,0.7297436594963074,-0.237359881401062,-0.6903390884399414,220.5423165857792,97.2366151213646,39.48176622390747,221,97,39,False,0,1,3,7,3.6666666666666665
1,13,75,202,248,0.1331052169408665,0.19032424591064426,0.40877337942858183,color_battery_amoled_B.csv,True,True,train,-0.540122389793396,0.5630777478218079,0.9412146210670471,58.63439530134201,199.2924128472805,247.5048641860485,59,199,248,False,0,16,3,0,6.333333333333333
1,14,115,76,174,0.0711469379527285,0.04590527837765929,0.19365917799938787,color_battery_amoled_B.csv,True,True,train,-0.08788436651229858,-0.4716717600822449,0.34912586212158203,116.29474326968193,67.36185058951378,172.0135474205017,116,67,172,False,0,1,9,2,4.0
1,15,229,229,120,0.2818031714091246,0.3299468101938739,0.08140045335168962,color_battery_amoled_B.csv,True,True,train,0.8168448209762573,0.8108165264129639,-0.01538942102342844,231.6477146744728,230.8791071176529,125.53784881951287,232,231,126,False,0,3,2,6,3.6666666666666665
1,16,139,50,194,0.09555271776061253,0.04958864691801713,0.2479210597688028,color_battery_amoled_B.csv,True,True,train,0.13114944100379944,-0.6626508235931396,0.5168683528900146,144.22155372798443,43.012019991874695,193.40071499347687,144,43,193,False,0,5,7,1,4.333333333333333
1,17,29,155,21,0.040696799241624095,0.10572246300629615,0.007424503451314468,color_battery_amoled_B.csv,True,True,train,-0.7799805402755737,0.22728563845157623,-0.839104413986206,28.05248111486435,156.47891890257597,20.514187216758728,28,156,21,False,0,1,1,0,0.6666666666666666
1,18,17,60,154,0.0287981633984397,0.020944710085001074,0.149307784426089,color_battery_amoled_B.csv,True,True,train,-0.8261348605155945,-0.6120249032974243,0.19164063036441803,22.167805284261703,49.4668248295784,151.9341803714633,22,49,152,False,0,5,11,2,6.0
1,19,134,149,76,0.08991007851712299,0.11611107708836635,0.03269417309267306,color_battery_amoled_B.csv,True,True,train,0.09939108788967133,0.20511025190353394,-0.4512472152709961,140.1723637059331,153.65155711770058,69.965980052948,140,154,70,False,0,6,5,6,5.666666666666667
1,20,232,66,246,0.2451868367016473,0.1245674792082206,0.3898352771214956,color_battery_amoled_B.csv,True,True,train,0.8208150267601013,-0.5672755837440491,0.9300519824028015,232.15391591191292,55.17236307263374,246.0816277563572,232,55,246,False,0,0,11,0,3.6666666666666665
1,21,126,235,32,0.14265493911102528,0.2951626190513174,0.01937890322241034,color_battery_amoled_B.csv,True,True,train,-0.0032299552112817764,0.8524674773216248,-0.7604108452796936,127.08818071056157,236.18960335850716,30.547617226839066,127,236,31,False,0,1,1,1,1.0
1,22,71,109,118,0.03974042896315317,0.05225178135360802,0.08013952920163585,color_battery_amoled_B.csv,True,True,train,-0.5151836276054382,-0.1354353129863739,-0.030735958367586136,61.814087480306625,110.23199759423733,123.58116530813277,62,110,124,False,0,9,1,6,5.333333333333333
1,23,208,196,160,0.2236742502094264,0.23479691208769266,0.15355448862973867,color_battery_amoled_B.csv,True,True,train,0.6246376633644104,0.527122974395752,0.24149462580680847,207.14130207896233,194.70817923545837,158.29056479036808,207,195,158,False,0,1,1,2,1.3333333333333333
1,24,191,19,27,0.13626099525733923,0.06802692119759118,0.0026927125258198463,color_battery_amoled_B.csv,True,True,train,0.48415565490722656,-0.8176955580711365,-0.8030520677566528,189.2298460006714,23.2438163459301,25.110861361026764,189,23,25,False,0,2,4,2,2.6666666666666665
1,25,41,186,203,0.09859785209094646,0.15948607418379468,0.27711383521575705,color_battery_amoled_B.csv,True,True,train,-0.6816310882568359,0.4430082440376282,0.6049546599388123,40.59203624725342,183.9835511147976,204.63171914219856,41,184,205,False,0,0,2,2,1.3333333333333333
1,26,63,83,12,0.018750212054465896,0.02853037074692378,0.0018983523282483281,color_battery_amoled_B.csv,True,True,train,-0.602460503578186,-0.398209810256958,-0.861155092716217,50.68628579378128,76.72824919223785,17.702725678682327,51,77,18,False,0,12,6,6,8.0
1,27,169,250,218,0.22118081921484894,0.3298251255536874,0.3074306229848856,color_battery_amoled_B.csv,True,True,train,0.3259662389755249,0.946540117263794,0.7130162715911865,169.06069546937943,248.18386495113373,218.40957462787628,169,248,218,False,0,0,2,0,0.6666666666666666
1,29,81,133,182,0.07127260544908147,0.0827302125747956,0.21540821226491258,color_battery_amoled_B.csv,True,True,train,-0.4175110459327698,0.08020099252462387,0.42048379778862,74.26734164357185,137.72562654688954,181.11168421804905,74,138,181,False,0,7,5,1,4.333333333333333
1,30,104,4,223,0.08163019512907281,0.03779351248971524,0.3446665483353322,color_battery_amoled_B.csv,True,True,train,-0.19426146149635315,-0.7708275318145752,0.7651305198669434,102.73166365921497,29.219489693641663,225.05414128303528,103,29,225,False,0,1,25,2,9.333333333333334
1,31,254,169,55,0.2970916222795747,0.23514407705464152,0.017859040153677796,color_battery_amoled_B.csv,True,True,train,0.9646332263946533,0.3072977662086487,-0.6465470790863037,250.4907363653183,166.6804651916027,45.06524741649628,250,167,45,False,0,4,2,10,5.333333333333333
1,32,144,125,140,0.09928724415094602,0.09128834553375378,0.11596294080223983,color_battery_amoled_B.csv,True,True,train,0.1691417545080185,0.02037821337580681,0.12148761004209518,149.06557369977236,130.09822220541537,142.98967028036714,149,130,143,False,0,5,5,3,4.333333333333333
1,33,7,212,90,0.08733474057890092,0.2225586952075502,0.052250875491056586,color_battery_amoled_B.csv,True,True,train,-0.8107118606567383,0.6668541431427002,-0.3099706172943115,24.13423776626587,212.52390325069427,87.97874629497528,24,213,88,False,0,17,1,2,6.666666666666667
1,34,2,11,40,0.0013793949063822346,0.0008924914515641238,0.007504726928371797,color_battery_amoled_B.csv,True,True,train,-0.8919578194618225,-0.8741575479507446,-0.7796289920806885,13.77537801861763,16.04491263628006,28.09730350971222,14,16,28,False,0,12,5,12,9.666666666666666
1,35,151,162,254,0.1566345117579343,0.14240570941727415,0.42373021116778825,color_battery_amoled_B.csv,True,True,train,0.2219325602054596,0.29242825508117676,0.9726336002349854,155.7964014261961,164.78460252285004,251.51078402996063,156,165,252,False,0,5,3,2,3.3333333333333335
1,36,249,117,69,0.26829904393896203,0.16711405717302497,0.022365998586890767,color_battery_amoled_B.csv,True,True,train,0.9406974911689758,-0.12008451670408249,-0.5465213060379028,247.43893012404442,112.18922412022948,57.81853348016739,247,112,58,False,0,2,5,11,6.0
1,37,112,219,146,0.1292698412843831,0.24198523894592072,0.13123971071946428,color_battery_amoled_B.csv,True,True,train,-0.12308336049318314,0.7097215056419373,0.15564410388469696,111.80687153711915,217.989491969347,147.34462324529886,112,218,147,False,0,0,1,1,0.6666666666666666
1,38,86,90,196,0.06677918339003655,0.04946186537836159,0.255891473078842,color_battery_amoled_B.csv,True,True,train,-0.3713650703430176,-0.33217811584472656,0.5413396954536438,80.15095353126526,85.14729022979736,196.52081117033958,80,85,197,False,0,6,5,1,4.0
1,39,192,243,19,0.2258724851535012,0.3480382077299016,0.017326405020300025,color_battery_amoled_B.csv,True,True,train,0.4813680946826935,0.9126071333885193,-0.7864487171173096,188.87443207204342,243.8574095070362,27.22778856754303,189,244,27,False,0,3,1,8,4.0
1,40,173,37,168,0.1261412809412463,0.06322470182047017,0.1755104577322106,color_battery_amoled_B.csv,True,True,train,0.34074667096138,-0.7277666926383972,0.29106754064559937,170.94520054757595,34.709746688604355,164.61111143231392,171,35,165,False,0,2,2,3,2.3333333333333335
1,41,56,141,126,0.049951512766667115,0.08657774726944899,0.09364281907353239,color_battery_amoled_B.csv,True,True,train,-0.6171160340309143,0.13971194624900818,0.025473205372691154,48.817705661058426,145.31327314674854,130.74783368501812,49,145,131,False,0,7,4,5,5.333333333333333
1,43,183,204,105,0.18290904227759208,0.23801621616196533,0.06333365729729795,color_battery_amoled_B.csv,True,True,train,0.42263898253440857,0.5841311812400818,-0.16901248693466187,181.3864702731371,201.97672560811043,105.95090791583061,181,202,106,False,0,2,2,1,1.6666666666666667
1,44,213,28,210,0.20148503962542225,0.09855050694871188,0.2875708404097833,color_battery_amoled_B.csv,True,True,train,0.6595429182052612,-0.7385793328285217,0.654809296131134,211.5917220711708,33.33113506436348,210.9881852567196,212,33,211,False,0,1,5,1,2.3333333333333335
1,45,64,178,4,0.06250753392593897,0.1487161925164431,0.008286073749085437,color_battery_amoled_B.csv,True,True,train,-0.5654340386390686,0.38406533002853394,-0.8487831354141235,55.40716007351875,176.46832957863808,19.28015023469925,55,176,19,False,0,9,2,15,8.666666666666666
1,46,121,52,82,0.05143181913026117,0.031220986201200826,0.03543495642566867,color_battery_amoled_B.csv,True,True,train,-0.027397679165005684,-0.6692752838134766,-0.38423100113868713,124.00679590646178,42.16740131378174,78.51054735481739,124,42,79,False,0,3,10,3,5.333333333333333
1,47,239,157,132,0.2619225132070586,0.20016293666035165,0.09552209184245916,color_battery_amoled_B.csv,True,True,train,0.8809448480606079,0.26413196325302124,0.06757161021232605,239.8204681277275,161.1768253147602,136.11538030207157,240,161,136,False,0,1,4,4,3.0
1,48,129,74,62,0.05943942277418994,0.04266999488539336,0.019385113911655562,color_battery_amoled_B.csv,True,True,train,0.04206233099102974,-0.4902689456939697,-0.5849891304969788,132.8629472013563,64.99070942401886,52.91388586163521,133,65,53,False,0,4,9,9,7.333333333333333
1,49,24,226,232,0.13960894599158205,0.24624090722863282,0.3602363945630239,color_battery_amoled_B.csv,True,True,train,-0.7982529997825623,0.7780432105064392,0.8401168584823608,25.722742527723312,226.700509339571,234.614899456501,26,227,235,False,0,2,1,3,2.0
1,50,26,68,102,0.016067732008098436,0.018958615765713567,0.05822802635673618,color_battery_amoled_B.csv,True,True,train,-0.8219730257987976,-0.5528439879417419,-0.18417905271053314,22.698439210653305,57.0123915374279,104.01717077940702,23,57,104,False,0,3,11,2,5.333333333333333
1,51,140,236,176,0.17141314461532392,0.2908483544619522,0.19556190938626183,color_battery_amoled_B.csv,True,True,train,0.12577013671398163,0.84657222032547,0.35405123233795166,143.53569243103266,235.43795809149742,172.64153212308884,144,235,173,False,0,4,1,3,2.6666666666666665
1,52,225,58,10,0.20503234325955821,0.10848937562918606,0.0006364116258014859,color_battery_amoled_B.csv,True,True,train,0.7812464833259583,-0.6514042615890503,-0.8294965028762817,227.10892662405968,44.44595664739609,21.73919588327408,227,44,22,False,0,2,14,12,9.333333333333334
1,53,116,147,220,0.10969048510514409,0.10967292897663625,0.3273828269344262,color_battery_amoled_B.csv,True,True,train,-0.08106300979852676,0.18873842060565948,0.7497686743736267,117.16446625068784,151.56414862722158,223.0955059826374,117,152,223,False,0,1,5,3,3.0
1,54,77,22,138,0.03313372992292564,0.016135404846539022,0.11432100388609201,color_battery_amoled_B.csv,True,True,train,-0.4851894974708557,-0.8090876340866089,0.09304512292146683,65.6383390724659,24.341326653957367,139.36325317248702,66,24,139,False,0,11,2,1,4.666666666666667
1,55,219,188,92,0.23279114240955712,0.23264973389554078,0.04721733487785818,color_battery_amoled_B.csv,True,True,train,0.7185189723968506,0.47293299436569214,-0.28360700607299805,219.11116898059845,187.79895678162575,91.34010672569275,219,188,91,False,0,0,0,1,0.3333333333333333
1,56,181,107,229,0.16338195412538195,0.1015572079977884,0.35092805421832485,color_battery_amoled_B.csv,True,True,train,0.41750001907348633,-0.19812917709350586,0.8117039203643799,180.7312524318695,102.238529920578,230.99224984645844,181,102,231,False,0,0,5,2,2.3333333333333335
1,57,36,194,49,0.06918459036117547,0.1781032750888546,0.02065345890842018,color_battery_amoled_B.csv,True,True,train,-0.7425256371498108,0.4998266100883484,-0.6876862645149231,32.827981263399124,191.22789278626442,39.820001274347305,33,191,40,False,0,3,3,9,5.0
1,58,54,43,240,0.07178295684441979,0.03482620061710879,0.3996227180880242,color_battery_amoled_B.csv,True,True,train,-0.6593031287193298,-0.7001498341560364,0.8751888275146484,43.438851088285446,38.23089614510536,239.08657550811768,43,38,239,False,0,11,5,1,5.666666666666667
1,59,163,131,38,0.11263733571518723,0.1071493879926968,0.009321883338263443,color_battery_amoled_B.csv,True,True,train,0.28285861015319824,0.07255467772483826,-0.7483904957771301,163.56447279453278,136.75072140991688,32.08021178841591,164,137,32,False,0,1,6,6,4.333333333333333
1,60,205,84,156,0.17755797433908074,0.10205518580282248,0.1445234994941256,color_battery_amoled_B.csv,True,True,train,0.5732206106185913,-0.38791513442993164,0.21712785959243774,200.5856278538704,78.04082036018372,155.1838020980358,201,78,155,False,0,4,6,1,3.6666666666666665
1,61,91,253,74,0.1421483411369633,0.33874911476281033,0.041323996464573465,color_battery_amoled_B.csv,True,True,train,-0.35410118103027344,0.9611433744430542,-0.5011998414993286,82.35209941864014,250.0457802414894,63.5970202088356,82,250,64,False,0,9,3,10,7.333333333333333
1,62,98,123,29,0.047707195479159845,0.06990896329698185,0.0064464079011345,color_battery_amoled_B.csv,True,True,train,-0.24022142589092255,-0.0034645013511180878,-0.8010364770889282,96.87176819890738,127.05827607773244,25.36784917116165,97,127,25,False,0,1,4,4,3.0
1,63,243,209,201,0.3007817981561615,0.2833795977483023,0.25122214438522056,color_battery_amoled_B.csv,True,True,train,0.9325233697891235,0.6339187622070312,0.5860540270805359,246.39672964811325,208.32464218139648,202.22188845276833,246,208,202,False,0,3,1,1,1.6666666666666667
1,64,154,5,112,0.08976985151573788,0.04410794885399314,0.06878008775295884,color_battery_amoled_B.csv,True,True,train,0.23073972761631012,-0.8138116598129272,-0.08805885910987854,156.91931527107954,23.739013373851776,116.27249546349049,157,24,116,False,0,3,19,4,8.666666666666666
1,65,12,172,166,0.0741132700815877,0.13553222572226484,0.17641084728955486,color_battery_amoled_B.csv,True,True,train,-0.7580510973930359,0.35360294580459595,0.2829751670360565,30.848485082387924,172.58437559008598,163.5793337970972,31,173,164,False,0,19,1,2,7.333333333333333
1,66,15,39,122,0.016083148544786513,0.010373565045421536,0.08644967174542219,color_battery_amoled_B.csv,True,True,train,-0.8516053557395935,-0.7603613138198853,-0.016356071457266808,18.920317143201828,30.55393248796463,125.41460088919848,19,31,125,False,0,4,8,3,5.0
1,67,153,143,171,0.12380820319897601,0.11764395262178093,0.18334132219138966,color_battery_amoled_B.csv,True,True,train,0.24205917119979858,0.16609764099121094,0.3234870731830597,158.36254432797432,148.6774492263794,168.7446018308401,158,149,169,False,0,5,6,2,4.333333333333333
1,68,246,88,22,0.2561444343478163,0.144968632004601,0.0025218727607243677,color_battery_amoled_B.csv,True,True,train,0.9250776767730713,-0.41446882486343384,-0.8241754174232483,245.4474037885666,74.65522482991219,22.417634278535843,245,75,22,False,0,1,13,0,4.666666666666667
1,69,97,241,192,0.15333868282259341,0.29188046110437077,0.23934491863469287,color_battery_amoled_B.csv,True,True,train,-0.32529157400131226,0.8887788653373718,0.49865543842315674,86.02532431483269,240.8193053305149,191.07856839895248,86,241,191,False,0,11,0,1,4.0
1,70,88,119,150,0.058835337135440584,0.06695935359710688,0.13872912036778515,color_battery_amoled_B.csv,True,True,train,-0.3429134488105774,-0.03890535980463028,0.18202805519104004,83.77853527665138,122.53956662490964,150.7085770368576,84,123,151,False,0,4,4,1,3.0
1,71,206,221,64,0.23010254100395872,0.2956461477979499,0.029173170835784357,color_battery_amoled_B.csv,True,True,train,0.5943179130554199,0.7388646006584167,-0.5522623658180237,203.27553391456604,221.70523658394814,57.08654835820198,203,222,57,False,0,3,1,7,3.6666666666666665
1,72,160,9,249,0.13849173832777542,0.0653277601876727,0.41834127870231025,color_battery_amoled_B.csv,True,True,train,0.2889993488788605,-0.7539936304092407,0.9331314563751221,164.3474169820547,31.365812122821808,246.47426068782806,164,31,246,False,0,4,22,3,9.666666666666666
1,73,55,160,45,0.04903186041785341,0.11436961780351076,0.014926769717451334,color_battery_amoled_B.csv,True,True,train,-0.6321149468421936,0.2582359313964844,-0.7258468270301819,46.905344277620316,160.42508125305176,34.95452955365181,47,160,35,False,0,8,0,10,6.0
1,74,32,72,236,0.06970354625922243,0.04084260577233272,0.38657597555391604,color_battery_amoled_B.csv,True,True,train,-0.7445111274719238,-0.5177289843559265,0.8526962399482727,32.57483124732971,61.48955449461937,236.21877059340477,33,61,236,False,0,1,11,0,4.0
1,75,182,224,58,0.1945141496916544,0.28815112363178524,0.026724246793892847,color_battery_amoled_B.csv,True,True,train,0.4027073085308075,0.7591271996498108,-0.6130584478378296,178.84518183767796,224.28871795535088,49.33504790067673,179,224,49,False,0,3,0,9,4.0
1,76,216,54,128,0.19092163448691865,0.09943078706807665,0.08910466255816665,color_battery_amoled_B.csv,True,True,train,0.6825215816497803,-0.6461659073829651,0.03915964066982269,214.52150166034698,45.11384680867195,132.4928541854024,215,45,132,False,0,1,9,4,4.666666666666667
1,77,79,159,87,0.060114693015700355,0.11541074377541047,0.044824316159254744,color_battery_amoled_B.csv,True,True,train,-0.4231840670108795,0.25792115926742554,-0.3313619792461395,73.54403145611286,160.38494780659676,85.25134764611721,74,160,85,False,0,5,1,2,2.6666666666666665
1,78,119,26,1,0.044200027729234134,0.023042885459072855,8.864271161929505e-05,color_battery_amoled_B.csv,True,True,train,-0.03662985563278198,-0.820037841796875,-0.8675755858421326,122.8296934068203,22.945175170898438,16.884112805128098,123,23,17,False,0,4,3,16,7.666666666666667
1,79,225,176,214,0.2528864628070182,0.20941814119050217,0.2937104174045753,color_battery_amoled_B.csv,True,True,train,0.7838024497032166,0.39871370792388916,0.7018277049064636,227.4348123371601,178.33599776029587,216.9830323755741,227,178,217,False,0,2,2,3,2.3333333333333335
1,80,143,103,108,0.08553602653159782,0.06981449890544801,0.06421334665655691,color_battery_amoled_B.csv,True,True,train,0.15681609511375427,-0.189573734998703,-0.11625655740499496,147.49405212700367,103.32934878766537,112.67728893086314,147,103,113,False,0,4,0,5,3.0
1,81,25,206,186,0.10489937208268636,0.20151325120781435,0.22661229680133133,color_battery_amoled_B.csv,True,True,train,-0.755523145198822,0.5990680456161499,0.45001548528671265,31.170798987150192,203.8811758160591,184.87697437405586,31,204,185,False,0,6,2,1,3.0
1,82,21,105,52,0.018351990580008096,0.04221445336371096,0.015560429310094858,color_battery_amoled_B.csv,True,True,train,-0.8276187777519226,-0.17272856831550598,-0.672217607498169,21.978605836629868,105.47710753977299,41.79225504398346,22,105,42,False,0,1,0,10,3.6666666666666665
1,83,130,192,226,0.14453304933774336,0.1822424992712274,0.34196739619797745,color_battery_amoled_B.csv,True,True,train,0.03580329567193985,0.48616325855255127,0.7918416857719421,132.06492019817233,189.4858154654503,228.45981493592262,132,189,228,False,0,2,3,2,2.3333333333333335
1,84,236,24,88,0.23020233842421678,0.11486481282716268,0.03732425353350037,color_battery_amoled_B.csv,True,True,train,0.8640676140785217,-0.8184952139854431,-0.34727737307548523,237.66862079501152,23.141860216856003,83.22213493287563,238,23,83,False,0,2,1,5,2.6666666666666665
1,85,122,190,142,0.11238029086663309,0.1794845756357984,0.12206347898695573,color_battery_amoled_B.csv,True,True,train,-0.008856220170855522,0.4731407165527344,0.1280721127986908,126.37083192821592,187.82544136047363,143.82919438183308,126,188,144,False,0,4,2,2,2.6666666666666665
1,86,67,56,215,0.06303686258917153,0.03419094553127597,0.31754672822182395,color_battery_amoled_B.csv,True,True,train,-0.5666589140892029,-0.631162703037262,0.6959130764007568,55.25098845362663,47.0267553627491,216.2289172410965,55,47,216,False,0,12,9,1,7.333333333333333
1,87,212,145,15,0.19699374439624784,0.1615020161060248,0.005159422257933708,color_battery_amoled_B.csv,True,True,train,0.6562072038650513,0.1882990598678589,-0.7983132600784302,211.16641849279404,151.508130133152,25.715059340000153,211,152,26,False,0,1,7,11,6.333333333333333
1,88,187,70,180,0.15147753255134297,0.0826959777126914,0.20374057940187845,color_battery_amoled_B.csv,True,True,train,0.435541570186615,-0.526030957698822,0.39053767919540405,183.0315501987934,60.43105289340019,177.29355409741402,183,60,177,False,0,4,10,3,5.666666666666667
1,89,45,238,98,0.11573812550113655,0.2897926544432664,0.06216919854061983,color_battery_amoled_B.csv,True,True,train,-0.7082998752593994,0.8700259327888489,-0.23802992701530457,37.191765904426575,238.42830643057823,97.15118430554867,37,238,97,False,0,8,0,1,3.0
1,90,59,7,162,0.034978425347521554,0.016117209062896463,0.16733782467629807,color_battery_amoled_B.csv,True,True,train,-0.6383854746818542,-0.8157308101654053,0.24553728103637695,46.10585197806358,23.494321703910828,158.80600333213806,46,23,159,False,0,13,16,3,10.666666666666666
1,91,173,174,116,0.15165335320156764,0.1739174554483493,0.07602977397744363,color_battery_amoled_B.csv,True,True,train,0.35963860154151917,0.36996519565582275,-0.06119230389595032,173.3539216965437,174.6705624461174,119.69798125326633,173,175,120,False,0,0,1,4,1.6666666666666667
1,92,194,121,206,0.1784078450339137,0.11967603056590707,0.276163362535528,color_battery_amoled_B.csv,True,True,train,0.5043215155601501,-0.0452335886657238,0.626031219959259,191.80099323391914,121.73271744512022,207.31898054480553,192,122,207,False,0,2,1,1,1.3333333333333333
1,93,85,207,24,0.09251452740180265,0.21226951029604177,0.013440478728698399,color_battery_amoled_B.csv,True,True,train,-0.38101163506507874,0.6126516461372375,-0.8040682673454285,78.92101652920246,205.6130848824978,24.98129591345787,79,206,25,False,0,6,1,1,2.6666666666666665
1,95,250,255,152,0.341635282734181,0.40818374873964064,0.13454210662941657,color_battery_amoled_B.csv,True,True,train,0.9929677248001099,1.0128982067108154,0.21013116836547852,254.103384912014,255.0,154.2917239665985,254,255,154,True,1,4,0,2,2.0
1,96,148,41,35,0.07506201168291361,0.04041299942425487,0.005385586915106418,color_battery_amoled_B.csv,True,True,train,0.18460965156555176,-0.7486801743507385,-0.780532956123352,151.03773057460785,32.04327777028084,27.982048094272614,151,32,28,False,0,3,9,7,6.333333333333333
1,98,6,94,134,0.029099270584270327,0.038176458879967415,0.1079059434205282,color_battery_amoled_B.csv,True,True,train,-0.828603208065033,-0.26836350560188293,0.07558843493461609,21.853090971708298,93.28365303575993,137.13752545416355,22,93,137,False,0,16,1,3,6.666666666666667
1,99,147,246,81,0.17435536376198743,0.33133993318266003,0.04518334824747616,color_battery_amoled_B.csv,True,True,train,0.18485896289348602,0.9223398566246033,-0.42628738284111023,151.06951776891947,245.09833171963692,73.14835868775845,151,245,73,False,0,4,1,8,4.333333333333333
1,100,253,32,234,0.27940925352024526,0.1369944972975665,0.351427318526937,color_battery_amoled_B.csv,True,True,train,0.9668129086494446,-0.7242940068244934,0.8376844525337219,250.76864585280418,35.15251412987709,234.30476769804955,251,35,234,False,0,2,3,0,1.6666666666666667
1,101,108,137,60,0.06141285969431084,0.08967668498005679,0.020857415211071147,color_battery_amoled_B.csv,True,True,train,-0.13878197968006134,0.11242671310901642,-0.6002025604248047,109.80529759079218,141.8344059213996,50.9741735458374,110,142,51,False,0,2,5,9,5.333333333333333
1,102,82,16,106,0.027824996700651528,0.013696438433686023,0.06250173342751793,color_battery_amoled_B.csv,True,True,train,-0.4217069149017334,-0.8308030962944031,-0.14396587014198303,73.73236835002899,21.572605222463608,109.14435155689716,74,22,109,False,0,8,6,3,5.666666666666667
1,103,196,165,188,0.19306021660830683,0.1723783001550355,0.22323385687893893,color_battery_amoled_B.csv,True,True,train,0.5269741415977478,0.318742036819458,0.4616474509239197,194.68920305371284,168.1396096944809,186.36004999279976,195,168,186,False,0,1,3,2,2.0
1,104,169,113,7,0.1145492081501786,0.09284457336810216,0.0026420066532307105,color_battery_amoled_B.csv,True,True,train,0.31897738575935364,-0.08486339449882507,-0.8334088325500488,168.1696166843176,116.6799172013998,21.240373849868774,168,117,21,False,0,1,4,14,6.333333333333333
1,106,42,48,16,0.006729040541594339,0.008840321476188587,0.0013311783478699422,color_battery_amoled_B.csv,True,True,train,-0.7712656259536743,-0.7242338061332703,-0.8704401254653931,29.163632690906525,35.16018971800804,16.518884003162384,29,35,17,False,0,13,13,1,9.0
1,107,187,153,198,0.1771830301974669,0.150058686543749,0.2531282762346077,color_battery_amoled_B.csv,True,True,train,0.4630716145038605,0.23740623891353607,0.5534218549728394,186.5416308492422,157.76929546147585,198.06128650903702,187,158,198,False,0,0,5,0,1.6666666666666667
1,108,210,78,125,0.18091165970412382,0.10203581967488758,0.08466906295845227,color_battery_amoled_B.csv,True,True,train,0.6275246143341064,-0.4527747631072998,0.02215464971959591,207.50938832759857,69.77121770381927,130.32471783924848,208,70,130,False,0,2,8,5,5.0
1,109,68,231,169,0.127315537643991,0.26503449992120165,0.182120545819716,color_battery_amoled_B.csv,True,True,train,-0.5686550736427307,0.8111879229545593,0.3071509301662445,54.996478110551834,230.9264601767063,166.66174359619617,55,231,167,False,0,13,0,2,5.0
1,110,125,98,251,0.11268867739124983,0.07108035992810023,0.4253370944968628,color_battery_amoled_B.csv,True,True,train,-0.026936018839478493,-0.2817954421043396,0.955380380153656,124.06565759796649,91.5710811316967,249.31099846959114,124,92,249,False,0,1,6,2,3.0
1,111,235,199,42,0.27116486356270514,0.2703626579007858,0.01574624895663829,color_battery_amoled_B.csv,True,True,train,0.8452160954475403,0.5492173433303833,-0.6940770149230957,235.2650521695614,197.52521127462387,39.0051805973053,235,198,39,False,0,0,1,3,1.3333333333333333
1,112,133,31,144,0.07258960309468938,0.03648104872005862,0.12443343450904441,color_battery_amoled_B.csv,True,True,train,0.0713624507188797,-0.7632628679275513,0.1341342180967331,136.59871246665716,30.183984339237213,144.60211280733347,137,30,145,False,0,4,1,1,2.0
1,113,20,182,70,0.06033209407325539,0.15325674803809616,0.03156651932141909,color_battery_amoled_B.csv,True,True,train,-0.7881968021392822,0.40934890508651733,-0.5239576697349548,27.004907727241516,179.69198539853096,60.69539710879326,27,180,61,False,0,7,2,9,6.0
1,114,30,17,200,0.04638060345076986,0.021177270920049417,0.27205500072105737,color_battery_amoled_B.csv,True,True,train,-0.7749410271644592,-0.7919020652770996,0.5649960041046143,28.69501903653145,26.5324866771698,199.53699052333832,29,27,200,False,0,1,10,0,3.6666666666666665
1,115,136,184,30,0.1093316569111906,0.1757456021987454,0.011561222728736388,color_battery_amoled_B.csv,True,True,train,0.10775496810674667,0.43169379234313965,-0.788402795791626,141.2387584336102,182.5409585237503,26.978643536567688,141,183,27,False,0,5,1,3,3.0
1,116,229,111,164,0.2304934737801215,0.14106151311930748,0.15948766392441138,color_battery_amoled_B.csv,True,True,train,0.7897739410400391,-0.13620153069496155,0.2721445858478546,228.19617748260498,110.1343048363924,162.19843469560146,228,110,162,False,0,1,1,2,1.3333333333333333
1,118,73,64,37,0.01920364229249344,0.019527912965275826,0.006677893125209986,color_battery_amoled_B.csv,True,True,train,-0.5168367624282837,-0.5953141450881958,-0.7817020416259766,61.60331279039383,51.597446501255035,27.83298969268799,62,52,28,False,0,11,12,9,10.666666666666666
1,119,223,233,241,0.2859330475331128,0.3142502053366595,0.3620299998882716,color_battery_amoled_B.csv,True,True,train,0.7542263865470886,0.8284342885017395,0.8995680809020996,223.6638642847538,233.1253717839718,242.1949303150177,224,233,242,False,0,1,0,1,0.6666666666666666
1,120,177,62,72,0.11732559117890923,0.06615197414625595,0.025308359018494663,color_battery_amoled_B.csv,True,True,train,0.36979395151138306,-0.5985086560249329,-0.4931682348251343,174.64872881770134,51.19014635682106,64.62105005979538,175,51,65,False,0,2,11,7,6.666666666666667
1,121,40,150,158,0.06045687118467456,0.09985192096763297,0.1572624680235259,color_battery_amoled_B.csv,True,True,train,-0.704855740070343,0.20790377259254456,0.22665119171142578,37.630893141031265,154.00773100554943,156.3980269432068,38,154,156,False,0,2,4,2,2.6666666666666665
1,122,50,127,94,0.0360226397048025,0.06703458582560207,0.05018080351778698,color_battery_amoled_B.csv,True,True,train,-0.6651685833930969,0.02474052459001541,-0.25979578495025635,42.69100561738014,130.65441688522696,94.37603741884232,43,131,94,False,0,7,4,0,3.6666666666666665
1,123,167,214,136,0.17315205510088016,0.2503269709591247,0.10999445998438424,color_battery_amoled_B.csv,True,True,train,0.32800132036209106,0.6629620790481567,0.08635706454515457,169.3201683461666,212.02766507863998,138.5105257295072,169,212,139,False,0,2,2,3,2.3333333333333335
1,124,201,2,50,0.15757105691622386,0.07817739432347644,0.011338393927916624,color_battery_amoled_B.csv,True,True,train,0.5825917720794678,-0.8246679902076721,-0.6695154905319214,201.78045094013214,22.354831248521805,42.13677495718002,202,22,42,False,0,1,20,8,9.666666666666666
1,125,95,168,228,0.1120082601183695,0.13394924094031957,0.35272281719714665,color_battery_amoled_B.csv,True,True,train,-0.30489715933799744,0.330022394657135,0.8094977140426636,88.62561218440533,169.5778553187847,230.7109585404396,89,170,231,False,0,6,2,3,3.6666666666666665
1,126,102,46,178,0.060651774886056255,0.03204920906664739,0.2051299704261445,color_battery_amoled_B.csv,True,True,train,-0.22458212077617645,-0.6942343711853027,0.37795668840408325,98.8657796010375,38.9851176738739,175.68947777152061,99,39,176,False,0,3,7,2,4.0
1,127,239,135,100,0.2518083903917531,0.17387314201907803,0.05090207503908545,color_battery_amoled_B.csv,True,True,train,0.8805381059646606,0.08415928483009338,-0.21473856270313263,239.76860851049423,138.2303088158369,100.12083325535059,240,138,100,False,0,1,3,0,1.3333333333333333
1,128,158,81,221,0.12884438249113167,0.07345665459313251,0.3293070614938121,color_battery_amoled_B.csv,True,True,train,0.27444615960121155,-0.44017457962036133,0.7469239234924316,162.49188534915447,71.37774109840393,222.73280024528503,162,71,223,False,0,4,10,2,5.333333333333333
1,129,8,248,9,0.12123715319478942,0.32951563902979764,0.018954291856405528,color_battery_amoled_B.csv,True,True,train,-0.8256487250328064,0.9455356597900391,-0.8285502195358276,22.229787558317184,248.05579662322998,21.859847009181976,22,248,22,False,0,14,0,13,9.0
1,130,10,27,180,0.036068626441136314,0.017195815209570732,0.21385720743511688,color_battery_amoled_B.csv,True,True,train,-0.8220794796943665,-0.7853318452835083,0.38914287090301514,22.684866338968277,27.37018972635269,177.11571604013443,23,27,177,False,0,13,0,3,5.333333333333333
1,131,159,179,100,0.13548779644342676,0.17555103123792734,0.05691344537492468,color_battery_amoled_B.csv,True,True,train,0.2754519581794739,0.39917904138565063,-0.2141275405883789,162.62012466788292,178.39532777667046,100.19873857498169,163,178,100,False,0,4,1,0,1.6666666666666667
1,132,241,100,217,0.260702357440127,0.14589360386965572,0.3021396258582304,color_battery_amoled_B.csv,True,True,train,0.8939173221588135,-0.27336013317108154,0.7213079929351807,241.47445857524872,92.6465830206871,219.46676909923553,241,93,219,False,0,0,7,2,3.0
1,133,104,205,15,0.10029697161630877,0.21146882295561406,0.011820836994889778,color_battery_amoled_B.csv,True,True,train,-0.19357162714004517,0.5983338952064514,-0.8218608498573303,102.81961753964424,203.78757163882256,22.712741643190384,103,204,23,False,0,1,1,8,3.3333333333333335
1,134,94,75,89,0.037059140976716504,0.03192711404123645,0.04337036255518233,color_battery_amoled_B.csv,True,True,train,-0.2894049286842346,-0.48169249296188354,-0.3045101761817932,90.60087159276009,66.08420714735985,88.67495253682137,91,66,89,False,0,3,9,0,4.0
1,135,200,225,143,0.22869563426107203,0.2956246350106795,0.12085352699149485,color_battery_amoled_B.csv,True,True,train,0.562314510345459,0.7620121836662292,0.13663503527641296,199.19510006904602,224.65655341744423,144.92096699774265,199,225,145,False,0,1,0,2,1.0
1,136,165,53,53,0.09827713974218794,0.05457415092172499,0.013551543213277418,color_battery_amoled_B.csv,True,True,train,0.29128578305244446,-0.6655027866363525,-0.6563944816589355,164.63893733918667,42.64839470386505,43.80970358848572,165,43,44,False,0,0,10,9,6.333333333333333
1,137,48,156,227,0.09232127502455334,0.11172259598005062,0.3526409575188852,color_battery_amoled_B.csv,True,True,train,-0.6672268509864807,0.25122612714767456,0.8004307150840759,42.42857649922371,159.5313312113285,229.55491617321968,42,160,230,False,0,6,4,3,4.333333333333333
1,138,38,116,35,0.02306385634787526,0.05294409843838432,0.00811272550777763,color_battery_amoled_B.csv,True,True,train,-0.7587165832519531,-0.07294721901416779,-0.7863516211509705,30.763635635375977,118.19922957569361,27.240168303251266,31,118,27,False,0,7,2,8,5.666666666666667
1,139,175,220,245,0.21083151712691245,0.2559553281845245,0.3858879792858707,color_battery_amoled_B.csv,True,True,train,0.36540743708610535,0.7026493549346924,0.9139375686645508,174.08944822847843,217.08779275417328,244.02704000473022,174,217,244,False,0,1,3,1,1.6666666666666667
1,140,221,10,79,0.19703336740039398,0.09776777995679599,0.029534476043377205,color_battery_amoled_B.csv,True,True,train,0.749284029006958,-0.8226331472396851,-0.42661240696907043,223.03371369838715,22.614273726940155,73.10691811144352,223,23,73,False,0,2,13,6,7.0
1,141,72,163,153,0.0731763455990366,0.12135034216007154,0.1459569394379046,color_battery_amoled_B.csv,True,True,train,-0.48773056268692017,0.29019612073898315,0.1957295686006546,65.31435325741768,164.50000539422035,152.45551999658346,65,165,152,False,0,7,2,1,3.3333333333333335
1,142,113,38,207,0.07922307283853185,0.03893945350269129,0.2900186539612942,color_battery_amoled_B.csv,True,True,train,-0.10854993015527725,-0.7233572006225586,0.6317172050476074,113.65988390520215,35.27195692062378,208.04394364356995,114,35,208,False,0,1,3,1,1.6666666666666667
1,143,231,140,26,0.23450724531267972,0.17301711232896255,0.006218840781291113,color_battery_amoled_B.csv,True,True,train,0.8217949271202087,0.13348785042762756,-0.7752092480659485,232.27885320782661,144.51970092952251,28.660820871591568,232,145,29,False,0,1,5,3,3.0
1,144,137,91,163,0.08879264648561487,0.06215688219613969,0.1654826452181342,color_battery_amoled_B.csv,True,True,train,0.10885544866323471,-0.313774049282074,0.2652166485786438,141.37906970456243,87.49380871653557,161.31512269377708,141,87,161,False,0,4,4,2,3.3333333333333335
1,145,32,242,117,0.12143665408892389,0.3009273603418304,0.08523702760503295,color_battery_amoled_B.csv,True,True,train,-0.7564224600791931,0.8998718857765198,-0.060243554413318634,31.056136339902878,242.23366543650627,119.81894681230187,31,242,120,False,0,1,0,3,1.3333333333333333
1,146,18,85,251,0.07817258520534354,0.049267537943427156,0.43305738563836466,color_battery_amoled_B.csv,True,True,train,-0.7848175764083862,-0.39659184217453003,0.9476842284202576,27.435759007930756,76.93454012274742,248.32973912358284,27,77,248,False,0,9,8,3,6.666666666666667
1,147,132,252,45,0.1643714830168817,0.34587896303818244,0.025531486114793014,color_battery_amoled_B.csv,True,True,train,0.045946188271045685,0.9581645727157593,-0.7132893204689026,133.35813900455832,249.6659830212593,36.55561164021492,133,250,37,False,0,1,2,8,3.6666666666666665
1,148,233,44,151,0.22959244878283538,0.11599301631234389,0.1318708130864907,color_battery_amoled_B.csv,True,True,train,0.8216429948806763,-0.7098295092582703,0.17313095927238464,232.25948184728622,36.99673756957054,149.57419730722904,232,37,150,False,0,1,7,1,3.0
1,150,255,0,0,0.28415761738426654,0.14122009411148187,0.00010767726857962111,color_battery_amoled_B.csv,True,True,train,0.9916489124298096,-0.919837236404419,-0.8892969489097595,253.93523633480072,10.220752358436584,14.114639014005661,254,10,14,False,0,1,10,14,8.333333333333334
1,151,0,255,255,0.1731920030077353,0.32022470061699737,0.4149679295009404,color_battery_amoled_B.csv,True,True,train,-0.8908141255378723,1.0224202871322632,0.9755859375,13.92119899392128,255.0,251.88720703125,14,255,252,True,1,14,0,3,5.666666666666667
1,152,255,255,255,0.3463023327583676,0.3773349926398105,0.37899846795011244,color_battery_amoled_B.csv,True,True,train,0.983979344367981,1.01040518283844,0.9813317656517029,252.95736640691757,255.0,252.61980012059212,253,255,253,True,1,2,0,2,1.3333333333333333
1,153,100,0,0,0.03099942479646822,0.015362846154574445,1.3667385155550363e-05,color_battery_amoled_B.csv,True,True,train,-0.19741681218147278,-0.8593634963035583,-0.8728495240211487,102.32935644686222,17.93115422129631,16.211685687303543,102,18,16,False,0,2,18,16,12.0
1,154,0,100,0,0.01565405717678713,0.04132171026522823,0.0023318537719260036,color_battery_amoled_B.csv,True,True,train,-0.8535895347595215,-0.17481160163879395,-0.8716362714767456,18.66733431816101,105.21152079105377,16.366375386714935,19,105,16,False,0,19,5,16,13.333333333333334
1,155,0,0,100,0.009658825137094412,0.004387008886950577,0.05790220051286162,color_battery_amoled_B.csv,True,True,train,-0.8721098899841309,-0.8590843081474304,-0.19185617566108704,16.305989027023315,17.96675071120262,103.0383376032114,16,18,103,False,0,16,18,3,12.333333333333334
1,156,168,162,189,0.15397891293907556,0.15110660909870846,0.22913111239625333,color_battery_amoled_B.csv,True,True,train,0.3446083068847656,0.29470014572143555,0.47050514817237854,171.43755912780762,165.07426857948303,187.48940639197826,171,165,187,False,0,3,3,2,2.6666666666666665
1,157,173,175,211,0.17219059716995264,0.1722836155974716,0.29232384803625033,color_battery_amoled_B.csv,True,True,train,0.38227328658103943,0.3730713725090027,0.662176251411438,176.23984403908253,175.06659999489784,211.92747205495834,176,175,212,False,0,3,0,1,1.3333333333333333
2,0,0,0,0,5.0112384095037125e-05,3.116396077268534e-05,2.903012847929e-06,color_battery_amoled_B.csv,True,True,train,-0.8948493003845215,-0.8852243423461914,-0.8944396376609802,13.40671420097351,14.633896350860596,13.458946198225021,13,15,13,False,0,13,15,13,13.666666666666666
2,1,255,255,255,0.3455006445518301,0.377069658397514,0.37875470015800844,color_battery_amoled_B.csv,True,True,train,0.9805479049682617,1.0101714134216309,0.9802281260490417,252.51985788345337,255.0,252.47908607125282,253,255,252,True,1,2,0,3,1.6666666666666667
2,2,11,115,212,0.06611846791769485,0.0636744856112817,0.30789645526336473,color_battery_amoled_B.csv,True,True,train,-0.7719330191612244,-0.08173024654388428,0.6817516088485718,29.078540056943893,117.07939356565475,214.4233301281929,29,117,214,False,0,18,2,2,7.333333333333333
2,3,157,218,2,0.15991802345006056,0.2660158481560526,0.013072676710867348,color_battery_amoled_B.csv,True,True,train,0.24641868472099304,0.7237322926521301,-0.8180122971534729,158.9183823019266,219.7758673131466,23.203432112932205,159,220,23,False,0,2,2,21,8.333333333333334
2,4,242,14,183,0.25446336462417496,0.12506058227124864,0.20570169197329455,color_battery_amoled_B.csv,True,True,train,0.8941495418548584,-0.7794482111930847,0.4000973701477051,241.50406658649445,28.1203530728817,178.5124146938324,242,28,179,False,0,0,14,4,6.0
2,5,101,163,110,0.07644773193055421,0.12635037911689997,0.06992127411925006,color_battery_amoled_B.csv,True,True,train,-0.19976410269737244,0.2903854250907898,-0.10571499913930893,102.03007690608501,164.5241416990757,114.02133760973811,102,165,114,False,0,1,2,4,2.3333333333333335
2,7,202,139,237,0.2043149181502892,0.14355986391538986,0.3690454654884599,color_battery_amoled_B.csv,True,True,train,0.5711137056350708,0.1179494559764862,0.8741863369941711,200.31699746847153,142.538555637002,238.95875796675682,200,143,239,False,0,2,4,2,2.6666666666666665
2,8,164,93,84,0.10548476791594774,0.07420627482482028,0.0371519495610228,color_battery_amoled_B.csv,True,True,train,0.28726455569267273,-0.28881341218948364,-0.35936081409454346,164.12623085081577,90.67628994584084,81.68149620294571,164,91,82,False,0,0,2,2,1.3333333333333333
2,9,51,244,130,0.12775034456861759,0.30491640849026475,0.10447963189262383,color_battery_amoled_B.csv,True,True,train,-0.6760953068733215,0.9107273817062378,0.04326880723237991,41.297848373651505,243.61774116754532,133.01677292212844,41,244,133,False,0,10,0,3,4.333333333333333
2,10,36,29,67,0.0072872784489296525,0.005038232049950135,0.022930948628781797,color_battery_amoled_B.csv,True,True,train,-0.8018516302108765,-0.8251965641975403,-0.5591787695884705,25.26391714811325,22.287438064813614,56.20470687747002,25,22,56,False,0,11,7,11,9.666666666666666
2,11,178,180,147,0.16643756362113288,0.18617821419257213,0.12869578959097788,color_battery_amoled_B.csv,True,True,train,0.3954971134662628,0.40984952449798584,0.15349917113780975,177.9258819669485,179.7558143734932,147.07114432007074,178,180,147,False,0,0,0,0,0.0
2,12,220,100,46,0.19940428968084775,0.12365276994619293,0.01033536911368517,color_battery_amoled_B.csv,True,True,train,0.729060709476471,-0.2386838048696518,-0.6877410411834717,220.45524045825005,97.0678148791194,39.81301724910736,220,97,40,False,0,0,3,6,3.0
2,13,75,202,248,0.1326516846192218,0.19023197890786828,0.4082368280128302,color_battery_amoled_B.csv,True,True,train,-0.5513205528259277,0.5631821751594543,0.93987637758255,57.206629514694214,199.30572733283043,247.33423814177513,57,199,247,False,0,18,3,1,7.333333333333333
2,14,115,76,174,0.07088251618692366,0.04580210071674781,0.19376263077044809,color_battery_amoled_B.csv,True,True,train,-0.09190434217453003,-0.4710944890975952,0.34941422939300537,115.78219637274742,67.43545264005661,172.05031424760818,116,67,172,False,0,1,9,2,4.0
2,15,229,229,120,0.2818962199560028,0.32979667093033005,0.08178842500325086,color_battery_amoled_B.csv,True,True,train,0.8174234628677368,0.8102214932441711,-0.012866920791566372,231.72149151563644,230.80324038863182,125.85946759907529,232,231,126,False,0,3,2,6,3.6666666666666665
2,16,139,50,194,0.09545980036095417,0.04953181478906282,0.24792901588133667,color_battery_amoled_B.csv,True,True,train,0.13041739165782928,-0.662960946559906,0.5168766975402832,144.12821743637323,42.972479313611984,193.4017789363861,144,43,193,False,0,5,7,1,4.333333333333333
2,17,29,155,21,0.040784763076877804,0.1056256220740099,0.007584237036061189,color_battery_amoled_B.csv,True,True,train,-0.7763720154762268,0.22682465612888336,-0.8364059329032898,28.512568026781082,156.42014365643263,20.85824355483055,29,156,21,False,0,0,1,0,0.3333333333333333
2,18,17,60,154,0.028636684156627894,0.020913258908841475,0.1492742762034537,color_battery_amoled_B.csv,True,True,train,-0.831440269947052,-0.6109820008277893,0.19142745435237885,21.49136558175087,49.59979489445686,151.9070004299283,21,50,152,False,0,4,10,2,5.333333333333333
2,19,134,149,76,0.0897775975717169,0.11597804703783732,0.032658077030925145,color_battery_amoled_B.csv,True,True,train,0.09858199208974838,0.2046767920255661,-0.45164936780929565,140.06920399144292,153.59629098325968,69.9147056043148,140,154,70,False,0,6,5,6,5.666666666666667
2,20,232,66,246,0.24515332679444596,0.12449831400759792,0.3900258344359351,color_battery_amoled_B.csv,True,True,train,0.8206538558006287,-0.5686529874801636,0.9304189682006836,232.13336661458015,54.996744096279144,246.12841844558716,232,55,246,False,0,0,11,0,3.6666666666666665
2,21,126,235,32,0.14244677583597745,0.2952217949755346,0.018807844363500574,color_battery_amoled_B.csv,True,True,train,-0.005669262260198593,0.8527656197547913,-0.769191324710846,126.77716906182468,236.22761651873589,29.42810609936714,127,236,29,False,0,1,1,3,1.6666666666666667
2,22,71,109,118,0.039645807104384416,0.05218281905613026,0.08011776908467289,color_battery_amoled_B.csv,True,True,train,-0.5171773433685303,-0.1358220875263214,-0.030900778248906136,61.55988872051239,110.18268384039402,123.56015077326447,62,110,124,False,0,9,1,6,5.333333333333333
2,23,208,196,160,0.22395818820623808,0.23481824549856056,0.15375206330612654,color_battery_amoled_B.csv,True,True,train,0.6261662244796753,0.526809811592102,0.2422204315662384,207.3361936211586,194.668250977993,158.3831050246954,207,195,158,False,0,1,1,2,1.3333333333333333
2,24,191,19,27,0.13612336309122688,0.06795924815402392,0.002591454250082087,color_battery_amoled_B.csv,True,True,train,0.48354586958885193,-0.8177517652511597,-0.8046326637268066,189.15209837257862,23.236649930477142,24.909335374832153,189,23,25,False,0,2,4,2,2.6666666666666665
2,25,41,186,203,0.098454477040671,0.15936879237743473,0.27711696370952627,color_battery_amoled_B.csv,True,True,train,-0.6852418184280396,0.44269275665283203,0.6048872470855713,40.13166815042496,183.94332647323608,204.62312400341034,40,184,205,False,0,1,2,2,1.6666666666666667
2,26,63,83,12,0.018747698051484917,0.028521243509121122,0.0018859998188854735,color_battery_amoled_B.csv,True,True,train,-0.6023957133293152,-0.39836931228637695,-0.8613408207893372,50.694546550512314,76.70791268348694,17.679045349359512,51,77,18,False,0,12,6,6,8.0
2,27,169,250,218,0.22140402017015723,0.3299366558889983,0.30717089288916327,color_battery_amoled_B.csv,True,True,train,0.3277398645877838,0.9464890956878662,0.7122858762741089,169.28683273494244,248.17735970020294,218.31644922494888,169,248,218,False,0,0,2,0,0.6666666666666666
2,29,81,133,182,0.07123962169748656,0.0826236606460138,0.21549168152997544,color_battery_amoled_B.csv,True,True,train,-0.4177107810974121,0.07942364364862442,0.420750230550766,74.24187541007996,137.6265145651996,181.14565439522266,74,138,181,False,0,7,5,1,4.333333333333333
2,30,104,4,223,0.0812290669396698,0.03769298530484413,0.34420409948462427,color_battery_amoled_B.csv,True,True,train,-0.20101772248744965,-0.7682262063026428,0.7640016674995422,101.87024038285017,29.55115869641304,224.91021260619164,102,30,225,False,0,2,26,2,10.0
2,31,254,169,55,0.297030721433903,0.23507463720482344,0.017925552909894723,color_battery_amoled_B.csv,True,True,train,0.9645500183105469,0.30715930461883545,-0.6455429196357727,250.48012733459473,166.66281133890152,45.19327774643898,250,167,45,False,0,4,2,10,5.333333333333333
2,32,144,125,140,0.0991406671138966,0.09116158049550434,0.11585939223590624,color_battery_amoled_B.csv,True,True,train,0.16839632391929626,0.019743870943784714,0.1211693063378334,148.97053129971027,130.01734354533255,142.94908655807376,149,130,143,False,0,5,5,3,4.333333333333333
2,33,7,212,90,0.08788132305526357,0.22288897688120599,0.05224022583725065,color_battery_amoled_B.csv,True,True,train,-0.7949957847595215,0.6676339507102966,-0.3097822368144989,26.13803744316101,212.62332871556282,88.00276480615139,26,213,88,False,0,19,1,2,7.333333333333333
2,34,2,11,40,0.001398132565486358,0.0008926707323333153,0.007528878375067366,color_battery_amoled_B.csv,True,True,train,-0.8913874626159668,-0.8743882179260254,-0.7792489528656006,13.848098516464233,16.015502214431763,28.145758509635925,14,16,28,False,0,12,5,12,9.666666666666666
2,35,151,162,254,0.1563497287531205,0.1424402305953802,0.4232326649566055,color_battery_amoled_B.csv,True,True,train,0.21973763406276703,0.2932687997817993,0.9715997576713562,155.5165483430028,164.8917719721794,251.37896910309792,156,165,251,False,0,5,3,3,3.6666666666666665
2,36,249,117,69,0.2682913579470961,0.16718295042631287,0.022213644001572184,color_battery_amoled_B.csv,True,True,train,0.9406358599662781,-0.11913592368364334,-0.5485735535621643,247.43107214570045,112.31016973033547,57.55687192082405,247,112,58,False,0,2,5,11,6.0
2,37,112,219,146,0.12937615692302515,0.2421289307893431,0.13118051385593982,color_battery_amoled_B.csv,True,True,train,-0.12188185006380081,0.7101173400878906,0.15546680986881256,111.9600641168654,218.03996086120605,147.3220182582736,112,218,147,False,0,0,1,1,0.6666666666666666
2,38,86,90,196,0.06659878814445856,0.049002767352207224,0.25633177811118063,color_battery_amoled_B.csv,True,True,train,-0.37351056933403015,-0.33960777521133423,0.5424157977104187,79.87740240991116,84.20000866055489,196.65801420807838,80,84,197,False,0,6,6,1,4.333333333333333
2,39,192,243,19,0.22612896836260643,0.347832295236694,0.017235736813574595,color_battery_amoled_B.csv,True,True,train,0.48317256569862366,0.9118713140487671,-0.787247896194458,189.10450212657452,243.7635925412178,27.125893235206604,189,244,27,False,0,3,1,8,4.0
2,40,173,37,168,0.12591371071900934,0.06310405635948949,0.17523257469730674,color_battery_amoled_B.csv,True,True,train,0.339841365814209,-0.7281297445297241,0.2901507616043091,170.82977414131165,34.663457572460175,164.4942221045494,171,35,164,False,0,2,2,4,2.6666666666666665
2,41,56,141,126,0.049946402944908756,0.08652930174601049,0.09350559750097703,color_battery_amoled_B.csv,True,True,train,-0.6161490678787231,0.13939836621284485,0.02491985820233822,48.9409938454628,145.27329169213772,130.67728192079812,49,145,131,False,0,7,4,5,5.333333333333333
2,43,183,204,105,0.1828177788017497,0.23779365733652488,0.06363377810608187,color_battery_amoled_B.csv,True,True,train,0.4224502146244049,0.5834202766418457,-0.16643144190311432,181.36240236461163,201.88608527183533,106.27999115735292,181,202,106,False,0,2,2,1,1.6666666666666667
2,44,213,28,210,0.20145485715807265,0.09851815476853136,0.28787978396339153,color_battery_amoled_B.csv,True,True,train,0.6593145728111267,-0.7389861345291138,0.6556438207626343,211.56260803341866,33.279267847537994,211.09458714723587,212,33,211,False,0,1,5,1,2.3333333333333335
2,45,64,178,4,0.06255003881004383,0.1487133574169022,0.008279354697179537,color_battery_amoled_B.csv,True,True,train,-0.5640726089477539,0.3840104341506958,-0.8488322496414185,55.58074235916138,176.46133035421371,19.273888170719147,56,176,19,False,0,8,2,15,8.333333333333334
2,46,121,52,82,0.05138480653330803,0.031201604323700068,0.03538671282002584,color_battery_amoled_B.csv,True,True,train,-0.027845563367009163,-0.6692155003547668,-0.3847883939743042,123.94969067070633,42.17502370476723,78.43947976827621,124,42,78,False,0,3,10,4,5.666666666666667
2,47,239,157,132,0.2619739319304281,0.2001375739604014,0.09543488161731105,color_battery_amoled_B.csv,True,True,train,0.8811841607093811,0.2637714743614197,0.06719635426998138,239.8509804904461,161.130862981081,136.06753516942263,240,161,136,False,0,1,4,4,3.0
2,48,129,74,62,0.05939525592013348,0.04264246756389677,0.01930981844053003,color_battery_amoled_B.csv,True,True,train,0.04177576303482056,-0.4904526472091675,-0.5860227942466736,132.82640978693962,64.96728748083115,52.78209373354912,133,65,53,False,0,4,9,9,7.333333333333333
2,49,24,226,232,0.1397600457127499,0.2460920628409823,0.3608132934480126,color_battery_amoled_B.csv,True,True,train,-0.7936887741088867,0.777445375919342,0.8415793776512146,26.304681301116943,226.6242854297161,234.80137065052986,26,227,235,False,0,2,1,3,2.0
2,50,26,68,102,0.01610309939712413,0.01896815328446973,0.058197613330378636,color_battery_amoled_B.csv,True,True,train,-0.8206833004951477,-0.5530012249946594,-0.18438489735126495,22.862879186868668,56.99234381318092,103.99092558771372,23,57,104,False,0,3,11,2,5.333333333333333
2,51,140,236,176,0.1714946169300229,0.2906087467253438,0.19578809332445354,color_battery_amoled_B.csv,True,True,train,0.12740576267242432,0.8456665873527527,0.3548261523246765,143.7442347407341,235.32248988747597,172.74033442139626,144,235,173,False,0,4,1,3,2.6666666666666665
2,52,225,58,10,0.20497901356483386,0.10842838577922327,0.0005967213676836726,color_battery_amoled_B.csv,True,True,train,0.7811077237129211,-0.6523476839065552,-0.8300954103469849,227.09123477339745,44.325670301914215,21.66283518075943,227,44,22,False,0,2,14,12,9.333333333333334
2,53,116,147,220,0.10951984550065756,0.10960981649699955,0.32713754444878207,color_battery_amoled_B.csv,True,True,train,-0.08326572179794312,0.18875518441200256,0.749119758605957,116.88362047076225,151.56628601253033,223.01276922225952,117,152,223,False,0,1,5,3,3.0
2,54,77,22,138,0.03338217791791824,0.016289930802561896,0.11432476231526542,color_battery_amoled_B.csv,True,True,train,-0.47972777485847473,-0.8079772591590881,0.0932186096906662,66.33470870554447,24.482899457216263,139.38537273555994,66,24,139,False,0,11,2,1,4.666666666666667
2,55,219,188,92,0.23282911967786554,0.2325993718300719,0.04746000237967793,color_battery_amoled_B.csv,True,True,train,0.7187526822090149,0.4727218747138977,-0.28100383281707764,219.1409669816494,187.77203902602196,91.6720113158226,219,188,92,False,0,0,0,0,0.0
2,56,181,107,229,0.1633823706066844,0.10157912277841726,0.35025855849676146,color_battery_amoled_B.csv,True,True,train,0.41781094670295715,-0.19794610142707825,0.8101481795310974,180.77089570462704,102.26187206804752,230.79389289021492,181,102,231,False,0,0,5,2,2.3333333333333335
2,57,36,194,49,0.06908169469073235,0.17802190203694726,0.020462533168834042,color_battery_amoled_B.csv,True,True,train,-0.744283139705658,0.49955129623413086,-0.6904811859130859,32.60389968752861,191.19279026985168,39.46364879608154,33,191,39,False,0,3,3,10,5.333333333333333
2,58,54,43,240,0.07169475647695679,0.034702645733821855,0.3996732373401943,color_battery_amoled_B.csv,True,True,train,-0.6611030697822571,-0.7024704813957214,0.8751580715179443,43.20935860276222,37.93501362204552,239.0826541185379,43,38,239,False,0,11,5,1,5.666666666666667
2,59,163,131,38,0.11256218344442316,0.10705750303520181,0.009328888247966734,color_battery_amoled_B.csv,True,True,train,0.282601922750473,0.07207798957824707,-0.748245358467102,163.5317451506853,136.6899436712265,32.09871679544449,164,137,32,False,0,1,6,6,4.333333333333333
2,60,205,84,156,0.17764245198164227,0.10203177930208819,0.14445026611406805,color_battery_amoled_B.csv,True,True,train,0.5737617611885071,-0.3893950581550598,0.2169121503829956,200.65462455153465,77.85213008522987,155.15629917383194,201,78,155,False,0,4,6,1,3.6666666666666665
2,61,91,253,74,0.14226570828554327,0.33889851677397814,0.0413233912890242,color_battery_amoled_B.csv,True,True,train,-0.35241350531578064,0.9613568186759949,-0.5012897849082947,82.56727807223797,250.07299438118935,63.58555242419243,83,250,64,False,0,8,3,10,7.0
2,62,98,123,29,0.04764241049401214,0.06984756303726171,0.006416866004591709,color_battery_amoled_B.csv,True,True,train,-0.24104399979114532,-0.0037924721837043762,-0.8014814853668213,96.76689002662897,127.01645979657769,25.311110615730286,97,127,25,False,0,1,4,4,3.0
2,63,243,209,201,0.3008404624478267,0.28351498219278654,0.2512430945994682,color_battery_amoled_B.csv,True,True,train,0.9326210618019104,0.6344271302223206,0.5861451625823975,246.40918537974358,208.38945910334587,202.23350822925568,246,208,202,False,0,3,1,1,1.6666666666666667
2,64,154,5,112,0.08979604087174622,0.044150977670105195,0.0686834776273367,color_battery_amoled_B.csv,True,True,train,0.23088499903678894,-0.8129662871360779,-0.08865226805210114,156.9378373771906,23.84679839015007,116.1968358233571,157,24,116,False,0,3,19,4,8.666666666666666
2,65,12,172,166,0.07402988026819728,0.13538701771635114,0.17641321486104658,color_battery_amoled_B.csv,True,True,train,-0.7592135071754456,0.3530943989753723,0.2829616963863373,30.70027783513069,172.51953586935997,163.577616289258,31,173,164,False,0,19,1,2,7.333333333333333
2,66,15,39,122,0.016129040405841375,0.01039391435007105,0.08652139290608937,color_battery_amoled_B.csv,True,True,train,-0.8505417704582214,-0.7603480219841003,-0.016002604737877846,19.055924266576767,30.555627197027206,125.45966789592057,19,31,125,False,0,4,8,3,5.0
2,67,153,143,171,0.12394160762979897,0.1175852550957876,0.18332785798724413,color_battery_amoled_B.csv,True,True,train,0.2430659681558609,0.1652504801750183,0.32346969842910767,158.49091093987226,148.56943622231483,168.74238654971123,158,149,169,False,0,5,6,2,4.333333333333333
2,68,246,88,22,0.25605209955359703,0.14499087614780945,0.0024623521582594434,color_battery_amoled_B.csv,True,True,train,0.9248059988021851,-0.4129367470741272,-0.8250309228897095,245.4127648472786,74.85056474804878,22.308557331562042,245,75,22,False,0,1,13,0,4.666666666666667
2,69,97,241,192,0.15339366155851963,0.2917421332749135,0.23913783899986904,color_battery_amoled_B.csv,True,True,train,-0.32169291377067566,0.8882045149803162,0.49802517890930176,86.48415349423885,240.7460756599903,190.99821031093597,86,241,191,False,0,11,0,1,4.0
2,70,88,119,150,0.0588087981343393,0.06684423533425518,0.13861036972818053,color_battery_amoled_B.csv,True,True,train,-0.3422282934188843,-0.04009835794568062,0.18169397115707397,83.86589258909225,122.38745936192572,150.66598132252693,84,122,151,False,0,4,3,1,2.6666666666666665
2,71,206,221,64,0.22980492068220476,0.29571480306265957,0.02871943816305878,color_battery_amoled_B.csv,True,True,train,0.5924786329269409,0.7394513487815857,-0.5587941408157349,203.04102569818497,221.78004696965218,56.253747045993805,203,222,56,False,0,3,1,8,4.0
2,72,160,9,249,0.13827274632290062,0.06529356473070695,0.4181683845043639,color_battery_amoled_B.csv,True,True,train,0.2876893877983093,-0.7518246173858643,0.9328172206878662,164.18039694428444,31.642361283302307,246.43419563770294,164,32,246,False,0,4,23,3,10.0
2,73,55,160,45,0.04905617182300039,0.11430429193797721,0.014929235394915003,color_battery_amoled_B.csv,True,True,train,-0.6306007504463196,0.25793635845184326,-0.7256991267204285,47.09840431809425,160.38688570261002,34.97336134314537,47,160,35,False,0,8,0,10,6.0
2,74,32,72,236,0.06950951201340547,0.040574718952188296,0.38708833907238416,color_battery_amoled_B.csv,True,True,train,-0.7507660984992981,-0.521993100643158,0.8534516096115112,31.777322441339493,60.94587966799736,236.31508022546768,32,61,236,False,0,0,11,0,3.6666666666666665
2,75,182,224,58,0.19459706221873904,0.2884016619189845,0.02673928704912918,color_battery_amoled_B.csv,True,True,train,0.4027303457260132,0.7599448561668396,-0.613023042678833,178.84811908006668,224.39296916127205,49.33956205844879,179,224,49,False,0,3,0,9,4.0
2,76,216,54,128,0.19109218673313988,0.09946854743292999,0.08913187330065893,color_battery_amoled_B.csv,True,True,train,0.6833412647247314,-0.6474853754043579,0.039251722395420074,214.62601125240326,44.94561463594437,132.50459460541606,215,45,133,False,0,1,9,5,5.0
2,77,79,159,87,0.06006615464602935,0.11542847812123828,0.044777009733141845,color_battery_amoled_B.csv,True,True,train,-0.4245101511478424,0.2580469846725464,-0.3319310247898102,73.3749557286501,160.40099054574966,85.1787943392992,73,160,85,False,0,6,1,2,3.0
2,78,119,26,1,0.04412026664577163,0.023007320151741912,9.310882001745535e-05,color_battery_amoled_B.csv,True,True,train,-0.03749140352010727,-0.8199503421783447,-0.867527961730957,122.71984605118632,22.956331372261047,16.89018487930298,123,23,17,False,0,4,3,16,7.666666666666667
2,79,225,176,214,0.2530587525967902,0.20932209195400847,0.29343124973667045,color_battery_amoled_B.csv,True,True,train,0.7849888205528259,0.3978503346443176,0.7011296153068542,227.5860746204853,178.2259176671505,216.89402595162392,228,178,217,False,0,3,2,3,2.6666666666666665
2,80,143,103,108,0.08547588177949224,0.06978864274018451,0.06418412860551104,color_battery_amoled_B.csv,True,True,train,0.1564476639032364,-0.18954317271709442,-0.11647333204746246,147.44707714766264,103.33324547857046,112.64965016394854,147,103,113,False,0,4,0,5,3.0
2,81,25,206,186,0.10518418795547961,0.20154289546355625,0.22677919693552162,color_battery_amoled_B.csv,True,True,train,-0.7462907433509827,0.5988923907279968,0.450716495513916,32.34793022274971,203.8587798178196,184.9663531780243,32,204,185,False,0,7,2,1,3.3333333333333335
2,82,21,105,52,0.01841338611198162,0.04220293838142474,0.015585652796312967,color_battery_amoled_B.csv,True,True,train,-0.825396716594696,-0.17318587005138397,-0.671758770942688,22.261918634176254,105.41880156844854,41.85075670480728,22,105,42,False,0,1,0,10,3.6666666666666665
2,83,130,192,226,0.1445461513973254,0.18243055638138375,0.34144502606631283,color_battery_amoled_B.csv,True,True,train,0.03607209399342537,0.486797034740448,0.7905575633049011,132.09919198416173,189.56662192940712,228.2960893213749,132,190,228,False,0,2,2,2,2.0
2,84,236,24,88,0.23023499332368977,0.11476522675103307,0.03747882714734765,color_battery_amoled_B.csv,True,True,train,0.8642410039901733,-0.8219333291053772,-0.34566357731819153,237.6907280087471,22.703500539064407,83.42789389193058,238,23,83,False,0,2,1,5,2.6666666666666665
2,85,122,190,142,0.11245798507790332,0.17947580311487468,0.12210775775981329,color_battery_amoled_B.csv,True,True,train,-0.007734287530183792,0.4729875922203064,0.12821730971336365,126.51387833990157,187.80591800808907,143.84770698845387,127,188,144,False,0,5,2,2,3.0
2,86,67,56,215,0.06284937095465684,0.03413815072022081,0.31764477736588853,color_battery_amoled_B.csv,True,True,train,-0.5725724697113037,-0.6301889419555664,0.6960418820381165,54.49701011180878,47.15090990066528,216.24533995985985,54,47,216,False,0,13,9,1,7.666666666666667
2,87,212,145,15,0.19702515941071705,0.16147918800753,0.005119900021029804,color_battery_amoled_B.csv,True,True,train,0.6564300060272217,0.18803611397743225,-0.7988699078559875,211.19482576847076,151.4746045321226,25.644086748361588,211,151,26,False,0,1,6,11,6.0
2,88,187,70,180,0.1514209120933383,0.08259584291536502,0.20391970352935315,color_battery_amoled_B.csv,True,True,train,0.43532517552375793,-0.5278163552284241,0.3910596966743469,183.00395987927914,60.20341470837593,177.36011132597923,183,60,177,False,0,4,10,3,5.666666666666667
2,89,45,238,98,0.11571855294448023,0.29003436320286335,0.06147386756052729,color_battery_amoled_B.csv,True,True,train,-0.7088668942451477,0.8705441951751709,-0.24492914974689484,37.11947098374367,238.4943848848343,96.27153340727091,37,238,96,False,0,8,0,2,3.3333333333333335
2,90,59,7,162,0.03504509876976581,0.016175201700353484,0.16718757217511268,color_battery_amoled_B.csv,True,True,train,-0.6362390518188477,-0.814989447593689,0.24514758586883545,46.379520893096924,23.588845431804657,158.75631719827652,46,24,159,False,0,13,17,3,11.0
2,91,173,174,116,0.1515316815041919,0.17385623559010266,0.07604351606182096,color_battery_amoled_B.csv,True,True,train,0.35908830165863037,0.36991560459136963,-0.0611325204372406,173.28375846147537,174.66423958539963,119.70560364425182,173,175,120,False,0,0,1,4,1.6666666666666667
2,92,194,121,206,0.17836712676486216,0.11977595102487103,0.27639003477259083,color_battery_amoled_B.csv,True,True,train,0.5038784742355347,-0.04354725033044815,0.6266633868217468,191.74450546503067,121.94772558286786,207.39958181977272,192,122,207,False,0,2,1,1,1.3333333333333333
2,93,85,207,24,0.09232055663380112,0.21227595602011387,0.013382766634066281,color_battery_amoled_B.csv,True,True,train,-0.38592445850372314,0.6129090189933777,-0.8051268458366394,78.2946315407753,205.64589992165565,24.846327155828476,78,206,25,False,0,7,1,1,3.0
2,95,250,255,152,0.3415766666293288,0.40830300862624164,0.13449322604987807,color_battery_amoled_B.csv,True,True,train,0.9927533864974976,1.0132477283477783,0.20994047820568085,254.07605677843094,255.0,154.2674109712243,254,255,154,True,1,4,0,2,2.0
2,96,148,41,35,0.07503588734275307,0.04041411361541233,0.005386598952229737,color_battery_amoled_B.csv,True,True,train,0.1844356507062912,-0.7482895851135254,-0.780525803565979,151.01554546505213,32.09307789802551,27.982960045337677,151,32,28,False,0,3,9,7,6.333333333333333
2,98,6,94,134,0.029092477084794996,0.03816081362636195,0.10783636078917168,color_battery_amoled_B.csv,True,True,train,-0.8283169865608215,-0.2685941159725189,0.07536285370588303,21.889584213495255,93.25425021350384,137.1087638475001,22,93,137,False,0,16,1,3,6.666666666666667
2,99,147,246,81,0.17425336085413468,0.331240425245378,0.045382782082664726,color_battery_amoled_B.csv,True,True,train,0.18414448201656342,0.9222466349601746,-0.4238152801990509,150.97842145711184,245.08644595742226,73.46355177462101,151,245,73,False,0,4,1,8,4.333333333333333
2,100,253,32,234,0.2792013236226881,0.13698112762571785,0.3513349973111889,color_battery_amoled_B.csv,True,True,train,0.9661145806312561,-0.7215349078178406,0.8375766277313232,250.67960903048515,35.50429925322533,234.2910200357437,251,36,234,False,0,2,4,0,2.0
2,101,108,137,60,0.06153004989084846,0.0897466587715613,0.020866746885786887,color_battery_amoled_B.csv,True,True,train,-0.13719139993190765,0.11258691549301147,-0.600049614906311,110.00809650868177,141.85483172535896,50.99367409944534,110,142,51,False,0,2,5,9,5.333333333333333
2,102,82,16,106,0.027843128630339723,0.013707113168846563,0.062459144463422864,color_battery_amoled_B.csv,True,True,train,-0.4211883842945099,-0.8307608962059021,-0.14425979554653168,73.79848100244999,21.577985733747482,109.10687606781721,74,22,109,False,0,8,6,3,5.666666666666667
2,103,196,165,188,0.19318798989243785,0.17235483736615714,0.2234952148158722,color_battery_amoled_B.csv,True,True,train,0.5276310443878174,0.31841540336608887,0.46255990862846375,194.77295815944672,168.09796392917633,186.47638835012913,195,168,186,False,0,1,3,2,2.0
2,104,169,113,7,0.11458443159051132,0.09285063038388257,0.002613525738173407,color_battery_amoled_B.csv,True,True,train,0.31916573643684387,-0.08500565588474274,-0.8338260650634766,168.1936313956976,116.6617788746953,21.18717670440674,168,117,21,False,0,1,4,14,6.333333333333333
2,106,42,48,16,0.006750115950045667,0.008857157871648154,0.0013412442500429441,color_battery_amoled_B.csv,True,True,train,-0.7707853317260742,-0.724037230014801,-0.8702697157859802,29.224870204925537,35.18525317311287,16.54061123728752,29,35,17,False,0,13,13,1,9.0
2,107,187,153,198,0.176981565937968,0.14972011541998384,0.2529146843871536,color_battery_amoled_B.csv,True,True,train,0.4625563621520996,0.2357916682958603,0.5527633428573608,186.4759361743927,157.5634377077222,197.9773262143135,186,158,198,False,0,1,5,0,2.0
2,108,210,78,125,0.18083361737519793,0.10188844128178773,0.08488570434746393,color_battery_amoled_B.csv,True,True,train,0.627188503742218,-0.4552344083786011,0.023105772212147713,207.4665342271328,69.45761293172836,130.44598595704883,207,69,130,False,0,3,9,5,5.666666666666667
2,109,68,231,169,0.12764307615505358,0.26521390546305074,0.1820627751148833,color_battery_amoled_B.csv,True,True,train,-0.5598329305648804,0.8114632368087769,0.30707770586013794,56.12130135297775,230.96156269311905,166.6524074971676,56,231,167,False,0,12,0,2,4.666666666666667
2,110,125,98,251,0.11273085772583434,0.07079575725094775,0.42547480355250733,color_battery_amoled_B.csv,True,True,train,-0.024831069633364677,-0.28799551725387573,0.9554857015609741,124.334038621746,90.78057155013084,249.3244269490242,124,91,249,False,0,1,7,2,3.3333333333333335
2,111,235,199,42,0.27099599245616757,0.27019149071662424,0.01562998690492347,color_battery_amoled_B.csv,True,True,train,0.8447408080101013,0.5487674474716187,-0.6957372426986694,235.20445302128792,197.46784955263138,38.79350155591965,235,197,39,False,0,0,2,3,1.6666666666666667
2,112,133,31,144,0.07250508695733478,0.03646908377033524,0.12427168932326799,color_battery_amoled_B.csv,True,True,train,0.07074808329343796,-0.7624884843826294,0.133681982755661,136.52038061991334,30.282718241214752,144.54445280134678,137,30,145,False,0,4,1,1,2.0
2,113,20,182,70,0.060397872465655485,0.15336242758630508,0.03117853893889677,color_battery_amoled_B.csv,True,True,train,-0.785435140132904,0.40963804721832275,-0.5290139317512512,27.357019633054733,179.72885102033615,60.05072370171547,27,180,60,False,0,7,2,10,6.333333333333333
2,114,30,17,200,0.04626411340962399,0.021054193985661974,0.27209534377397626,color_battery_amoled_B.csv,True,True,train,-0.7778130173683167,-0.7939044237136841,0.5649709105491638,28.328840285539627,26.27718597650528,199.5337910950184,28,26,200,False,0,2,9,0,3.6666666666666665
2,115,136,184,30,0.10923258760984937,0.1757312381588076,0.011383931578245429,color_battery_amoled_B.csv,True,True,train,0.1070014163851738,0.4317481517791748,-0.7911355495452881,141.14268058910966,182.5478893518448,26.63021743297577,141,183,27,False,0,5,1,3,3.0
2,116,229,111,164,0.23049360397329963,0.14104832808180806,0.1595041343915563,color_battery_amoled_B.csv,True,True,train,0.7897842526435852,-0.1364130973815918,0.2721920907497406,228.1974922120571,110.10733008384705,162.20449157059193,228,110,162,False,0,1,1,2,1.3333333333333333
2,118,73,64,37,0.019156681153167036,0.01951997985635103,0.006703082406948198,color_battery_amoled_B.csv,True,True,train,-0.5181684494018555,-0.5949751138687134,-0.7813669443130493,61.43352270126343,51.640672981739044,27.875714600086212,61,52,28,False,0,12,12,9,11.0
2,119,223,233,241,0.286007324376018,0.31431123591853,0.36179737113397265,color_battery_amoled_B.csv,True,True,train,0.754764974117279,0.8285013437271118,0.8990321755409241,223.73253419995308,233.13392132520676,242.12660238146782,224,233,242,False,0,1,0,1,0.6666666666666666
2,120,177,62,72,0.1171822449903881,0.0661136973848131,0.02516106981119033,color_battery_amoled_B.csv,True,True,train,0.36914920806884766,-0.5977726578712463,-0.4950922429561615,174.56652402877808,51.28398612141609,64.37573902308941,175,51,64,False,0,2,11,8,7.0
2,121,40,150,158,0.060467387654297725,0.09973444865362367,0.15754655456163072,color_battery_amoled_B.csv,True,True,train,-0.7043790817260742,0.20732606947422028,0.2275412380695343,37.69166707992554,153.93407385796309,156.51150785386562,38,154,157,False,0,2,4,1,2.3333333333333335
2,122,50,127,94,0.035973516335283236,0.06700949380726068,0.05015289090931269,color_battery_amoled_B.csv,True,True,train,-0.6663827896118164,0.024669915437698364,-0.2600960433483124,42.53619432449341,130.64541421830654,94.33775447309017,43,131,94,False,0,7,4,0,3.6666666666666665
2,123,167,214,136,0.17333030391770807,0.25038569753533657,0.10976938002879828,color_battery_amoled_B.csv,True,True,train,0.32905805110931396,0.6628459692001343,0.08556284755468369,169.45490151643753,212.01286107301712,138.40926306322217,169,212,138,False,0,2,2,2,2.0
2,124,201,2,50,0.1575332065399054,0.07808431832742413,0.011236552778943766,color_battery_amoled_B.csv,True,True,train,0.5826061367988586,-0.8269721865653992,-0.6709784865379333,201.78228244185448,22.061046212911606,41.9502429664135,202,22,42,False,0,1,20,8,9.666666666666666
2,125,95,168,228,0.11206939774825853,0.1341276791712616,0.35266425821706304,color_battery_amoled_B.csv,True,True,train,-0.304769366979599,0.3307625651359558,0.809373676776886,88.64190571010113,169.67222705483437,230.69514378905296,89,170,231,False,0,6,2,3,3.6666666666666665
2,126,102,46,178,0.06074783286553305,0.03212454011764828,0.20501005859350258,color_battery_amoled_B.csv,True,True,train,-0.22277478873729706,-0.6934551000595093,0.377627968788147,99.09621443599463,39.08447474241257,175.64756602048874,99,39,176,False,0,3,7,2,4.0
2,127,239,135,100,0.25205985225964794,0.17381388645401613,0.050924947598624475,color_battery_amoled_B.csv,True,True,train,0.8814839124679565,0.08230827748775482,-0.2145731896162033,239.88919883966446,137.99430537968874,100.14191832393408,240,138,100,False,0,1,3,0,1.3333333333333333
2,128,158,81,221,0.1288377352741356,0.07343484943220467,0.329190373710985,color_battery_amoled_B.csv,True,True,train,0.2745257616043091,-0.4406578540802002,0.746625542640686,162.5020346045494,71.31612360477448,222.69475668668747,163,71,223,False,0,5,10,2,5.666666666666667
2,129,8,248,9,0.12118127948288675,0.32933974464063037,0.018833473443325685,color_battery_amoled_B.csv,True,True,train,-0.824849009513855,0.9452397227287292,-0.8302047252655029,22.33175128698349,248.01806464791298,21.648897528648376,22,248,22,False,0,14,0,13,9.0
2,130,10,27,180,0.03603733513351361,0.017160017044895566,0.2139716922812947,color_battery_amoled_B.csv,True,True,train,-0.8233203291893005,-0.7859145402908325,0.38945522904396057,22.52665802836418,27.295896112918854,177.15554170310497,23,27,177,False,0,13,0,3,5.333333333333333
2,131,159,179,100,0.13531200452661338,0.175447681840993,0.057043112646878065,color_battery_amoled_B.csv,True,True,train,0.2745702862739563,0.3990805745124817,-0.21296924352645874,162.50771149992943,178.38277325034142,100.34642145037651,163,178,100,False,0,4,1,0,1.6666666666666667
2,132,241,100,217,0.2606662844368767,0.14580211212888602,0.30210107769904365,color_battery_amoled_B.csv,True,True,train,0.8938577771186829,-0.2749273180961609,0.7211490273475647,241.46686658263206,92.44676694273949,219.4465009868145,241,92,219,False,0,0,8,2,3.3333333333333335
2,133,104,205,15,0.10010091864000123,0.21129980739737775,0.011891562590256694,color_battery_amoled_B.csv,True,True,train,-0.19639046490192413,0.5979331731796265,-0.8207611441612244,102.46021572500467,203.73647958040237,22.852954119443893,102,204,23,False,0,2,1,8,3.6666666666666665
2,134,94,75,89,0.03703663629862487,0.03190913461205064,0.043357602331095875,color_battery_amoled_B.csv,True,True,train,-0.2897292971611023,-0.4818655848503113,-0.30464857816696167,90.55951461195946,66.06213793158531,88.65730628371239,91,66,89,False,0,3,9,0,4.0
2,135,200,225,143,0.22846573797130898,0.2956477086937473,0.1203918502270095,color_battery_amoled_B.csv,True,True,train,0.5611135363578796,0.7623017430305481,0.13502304255962372,199.04197588562965,224.69347223639488,144.71543792635202,199,225,145,False,0,1,0,2,1.0
2,136,165,53,53,0.09823571868984914,0.05461933445309083,0.013406875255759785,color_battery_amoled_B.csv,True,True,train,0.2910431921482086,-0.6638259887695312,-0.6584781408309937,164.6080069988966,42.862186431884766,43.54403704404831,165,43,44,False,0,0,10,9,6.333333333333333
2,137,48,156,227,0.09238173125089504,0.11186837277032827,0.3522546276827559,color_battery_amoled_B.csv,True,True,train,-0.6650054454803467,0.2518402934074402,0.7995812892913818,42.7118057012558,159.60963740944862,229.44661438465118,43,160,229,False,0,5,4,2,3.6666666666666665
2,138,38,116,35,0.022972249512272502,0.05291209840710248,0.008053147134829974,color_battery_amoled_B.csv,True,True,train,-0.7612358927726746,-0.0729411393404007,-0.7873422503471375,30.442423671483994,118.20000473409891,27.113863080739975,30,118,27,False,0,8,2,8,6.0
2,139,175,220,245,0.21098673496521103,0.25617378289661336,0.3858862503451358,color_battery_amoled_B.csv,True,True,train,0.36593595147132874,0.7033344507217407,0.9140006303787231,174.1568338125944,217.17514246702194,244.0350803732872,174,217,244,False,0,1,3,1,1.6666666666666667
2,140,221,10,79,0.19694004763933665,0.09773658553591624,0.029525234097081972,color_battery_amoled_B.csv,True,True,train,0.7488881945610046,-0.822136402130127,-0.4267062842845917,222.9832448065281,22.677608728408813,73.09494875371456,223,23,73,False,0,2,13,6,7.0
2,141,72,163,153,0.07311693863562374,0.12133459043154148,0.14621223058247876,color_battery_amoled_B.csv,True,True,train,-0.49035435914993286,0.2902485728263855,0.19643349945545197,64.97981920838356,164.50669303536415,152.54527118057013,65,165,153,False,0,7,2,0,3.0
2,142,113,38,207,0.07893592347880783,0.03877391730358921,0.2900506636336159,color_battery_amoled_B.csv,True,True,train,-0.11292567104101181,-0.7241071462631226,0.6317026019096375,113.101976942271,35.176338851451874,208.04208174347878,113,35,208,False,0,0,3,1,1.3333333333333333
2,143,231,140,26,0.23443567708252677,0.17292933850060774,0.006054576802400674,color_battery_amoled_B.csv,True,True,train,0.8216275572776794,0.1330123096704483,-0.7776556611061096,232.25751355290413,144.45906948298216,28.348903208971024,232,144,28,False,0,1,4,2,2.3333333333333335
2,144,137,91,163,0.08884932848682037,0.06224785358149725,0.16515781397165508,color_battery_amoled_B.csv,True,True,train,0.1094478890299797,-0.31262946128845215,0.2642384171485901,141.4546058513224,87.63974368572235,161.19039818644524,141,88,161,False,0,4,3,2,3.0
2,145,32,242,117,0.12127119014252827,0.3009622326200573,0.08465973335021143,color_battery_amoled_B.csv,True,True,train,-0.7600523829460144,0.8999043107032776,-0.06407902389764786,30.593321174383163,242.2377996146679,119.3299244530499,31,242,119,False,0,1,0,2,1.0
2,146,18,85,251,0.07828132615071781,0.049509051913169344,0.4327368946803795,color_battery_amoled_B.csv,True,True,train,-0.7822670340538025,-0.3923972249031067,0.9473053216934204,27.760953158140182,77.4693538248539,248.2814285159111,28,77,248,False,0,10,8,3,7.0
2,147,132,252,45,0.16496190240500078,0.3461300027851682,0.025904236362191604,color_battery_amoled_B.csv,True,True,train,0.051901012659072876,0.9582909345626831,-0.7077611088752747,134.1173791140318,249.6820941567421,37.26045861840248,134,250,37,False,0,2,2,8,4.0
2,148,233,44,151,0.22975133690486219,0.1159212918973788,0.1320894988451649,color_battery_amoled_B.csv,True,True,train,0.8222912549972534,-0.7141926884651184,0.17358601093292236,232.3421350121498,36.4404322206974,149.6322163939476,232,36,150,False,0,1,8,1,3.3333333333333335
2,150,255,0,0,0.284108631297698,0.14126168576923648,0.00010961453560468277,color_battery_amoled_B.csv,True,True,train,0.9915356636047363,-0.9177084565162659,-0.8891844153404236,253.92079710960388,10.492171794176102,14.128987044095993,254,10,14,False,0,1,10,14,8.333333333333334
2,151,0,255,255,0.1733728507995899,0.3200737616406245,0.41487157808247543,color_battery_amoled_B.csv,True,True,train,-0.8810466527938843,1.0218572616577148,0.9755618572235107,15.166551768779755,255.0,251.88413679599762,15,255,252,True,1,15,0,3,6.0
2,152,255,255,255,0.34577382077102914,0.37717262039341726,0.37876504011953244,color_battery_amoled_B.csv,True,True,train,0.9817488789558411,1.0102607011795044,0.9804155230522156,252.67298206686974,255.0,252.5029791891575,253,255,253,True,1,2,0,2,1.3333333333333333
2,153,100,0,0,0.03103663248258197,0.015379371189814342,1.4277924573065699e-05,color_battery_amoled_B.csv,True,True,train,-0.1968490034341812,-0.8593986630439758,-0.8728242516517639,102.4017520621419,17.92667046189308,16.2149079144001,102,18,16,False,0,2,18,16,12.0
2,154,0,100,0,0.015645146693090972,0.0413033831010159,0.0023345860987279273,color_battery_amoled_B.csv,True,True,train,-0.8536961078643799,-0.17499981820583344,-0.8715865612030029,18.653746247291565,105.18752317875624,16.372713446617126,19,105,16,False,0,19,5,16,13.333333333333334
2,155,0,0,100,0.00965182517871481,0.004381817336458517,0.05789775360863256,color_battery_amoled_B.csv,True,True,train,-0.8722795248031616,-0.8591439127922058,-0.19189690053462982,16.284360587596893,17.95915111899376,103.0331451818347,16,18,103,False,0,16,18,3,12.333333333333334
2,156,168,162,189,0.15417589334399948,0.1512293250807864,0.22902037751128662,color_battery_amoled_B.csv,True,True,train,0.34557220339775085,0.29486995935440063,0.4701719880104065,171.56045593321323,165.09591981768608,187.44692847132683,172,165,187,False,0,4,3,2,3.0
2,157,173,175,211,0.1722394349662373,0.1723976074482854,0.29235654996891836,color_battery_amoled_B.csv,True,True,train,0.3823316991329193,0.3735087513923645,0.6622685790061951,176.2472916394472,175.12236580252647,211.93924382328987,176,175,212,False,0,3,0,1,1.3333333333333333
0,6,92,34,56,0.027216101933493,0.015635818397189236,0.01566880574343141,color_battery_amoled_B.csv,True,True,test,-0.3113310933113098,-0.7908089756965637,-0.6434037089347839,87.805285602808,26.671855598688126,45.46602711081505,88,27,45,False,0,4,7,11,7.333333333333333
0,28,198,44,96,0.15252948313408674,0.07887258207434894,0.047223613853157015,color_battery_amoled_B.csv,True,True,test,0.5320441126823425,-0.7097156047821045,-0.2399420589208603,195.33562436699867,37.01126039028168,96.90738748759031,195,37,97,False,0,3,7,1,3.6666666666666665
0,42,46,101,189,0.05401407216659097,0.04977855574231567,0.2367791354590437,color_battery_amoled_B.csv,True,True,test,-0.6902371644973755,-0.22543905675411224,0.47863802313804626,39.494761526584625,98.75652026385069,188.5263479501009,39,99,189,False,0,7,2,0,3.0
0,94,108,86,78,0.04659677360061136,0.042549889132922694,0.03234951322574471,color_battery_amoled_B.csv,True,True,test,-0.14755013585090637,-0.3586035966873169,-0.42469391226768494,108.68735767900944,81.7780414223671,73.35152618587017,109,82,73,False,0,1,4,5,3.3333333333333335
0,97,3,129,243,0.0864622492992706,0.08224994170579096,0.4072140270211705,color_battery_amoled_B.csv,True,True,test,-0.7781310081481934,0.058445170521736145,0.9125246405601501,28.288296461105347,134.95175924152136,243.84689167141914,28,135,244,False,0,25,6,1,10.666666666666666
0,105,60,216,207,0.1250793194310887,0.22294426103663423,0.2858047693302564,color_battery_amoled_B.csv,True,True,test,-0.615120530128479,0.6774938106536865,0.6390693187713623,49.07213240861893,213.88046085834503,208.9813381433487,49,214,209,False,0,11,2,2,5.0
0,117,112,198,114,0.10619018235022266,0.1941269287920484,0.07673438196511219,color_battery_amoled_B.csv,True,True,test,-0.10305937379598618,0.5330419540405273,-0.07529643923044205,114.35992984101176,195.46284914016724,117.89970399811864,114,195,118,False,0,2,3,4,3.0
0,149,124,130,65,0.07094316457462385,0.08644701130134402,0.02337837876996466,color_battery_amoled_B.csv,True,True,test,0.009921546094119549,0.06038500368595123,-0.5557116866111755,128.76499712700024,135.19908796995878,56.64675995707512,129,135,57,False,0,5,5,8,6.0
1,6,92,34,56,0.027154447754247336,0.015588260961156456,0.015718575007495836,color_battery_amoled_B.csv,True,True,test,-0.3124672472476959,-0.7913050055503845,-0.642734944820404,87.66042597591877,26.608611792325974,45.55129453539848,88,27,46,False,0,4,7,10,7.0
1,28,198,44,96,0.1523942125298904,0.07870107127719604,0.04721279480275609,color_battery_amoled_B.csv,True,True,test,0.5315881371498108,-0.7126967310905457,-0.24009127914905548,195.27748748660088,36.63116678595543,96.88836190849543,195,37,97,False,0,3,7,1,3.6666666666666665
1,42,46,101,189,0.05407156322691365,0.04973194583890753,0.2369174195178406,color_battery_amoled_B.csv,True,True,test,-0.6883223652839661,-0.2266073226928711,0.4790884852409363,39.73889842629433,98.60756635665894,188.58378186821938,40,99,189,False,0,6,2,0,2.6666666666666665
1,94,108,86,78,0.04650333511402498,0.04248214496433237,0.03226288791461623,color_battery_amoled_B.csv,True,True,test,-0.1485869288444519,-0.359109103679657,-0.42574742436408997,108.55516657233238,81.71358928084373,73.21720339357853,109,82,73,False,0,1,4,5,3.3333333333333335
1,97,3,129,243,0.08679847083518512,0.08239414304887137,0.4067034915828425,color_battery_amoled_B.csv,True,True,test,-0.7647778987884521,0.05837409198284149,0.9118245244026184,29.99081790447235,134.9426967278123,243.75762686133385,30,135,244,False,0,27,6,1,11.333333333333334
1,105,60,216,207,0.1248712834941555,0.2231073010943343,0.28525281088327586,color_battery_amoled_B.csv,True,True,test,-0.6216350793838501,0.6782963871955872,0.637377142906189,48.24152737855911,213.98278936743736,208.7655857205391,48,214,209,False,0,12,2,2,5.333333333333333
1,117,112,198,114,0.10618246483886314,0.19411885536784793,0.07653419970594705,color_battery_amoled_B.csv,True,True,test,-0.10271156579256058,0.5329675078392029,-0.07661669701337814,114.40427536144853,195.45335724949837,117.73137113079429,114,195,118,False,0,2,3,4,3.0
1,149,124,130,65,0.07087399869685362,0.08639516184617438,0.02337720869811828,color_battery_amoled_B.csv,True,True,test,0.009298428893089294,0.06020697206258774,-0.555724024772644,128.68554968386889,135.17638893797994,56.645186841487885,129,135,57,False,0,5,5,8,6.0
2,6,92,34,56,0.027125995958519243,0.015579520003348129,0.015674759921249518,color_battery_amoled_B.csv,True,True,test,-0.31291186809539795,-0.7911955118179321,-0.6433630585670471,87.60373681783676,26.622572243213654,45.47121003270149,88,27,45,False,0,4,7,11,7.333333333333333
2,28,198,44,96,0.15243565099720574,0.07875205501728084,0.04716894061172066,color_battery_amoled_B.csv,True,True,test,0.5317601561546326,-0.7118537425994873,-0.24048805236816406,195.29941990971565,36.73864781856537,96.83777332305908,195,37,97,False,0,3,7,1,3.6666666666666665
2,42,46,101,189,0.05414524787869726,0.04979252498961824,0.2365541177231352,color_battery_amoled_B.csv,True,True,test,-0.6848497986793518,-0.2262122482061386,0.4780604839324951,40.181650668382645,98.65793835371733,188.45271170139313,40,99,188,False,0,6,2,1,3.0
2,94,108,86,78,0.04646954891042559,0.042444600917545296,0.032297730546124316,color_battery_amoled_B.csv,True,True,test,-0.14902113378047943,-0.35951387882232666,-0.42533400654792786,108.49980544298887,81.66198045015335,73.2699141651392,108,82,73,False,0,0,4,5,3.0
2,97,3,129,243,0.0867594357729012,0.0823510763719904,0.40693713288094385,color_battery_amoled_B.csv,True,True,test,-0.7669014930725098,0.05815298855304718,0.9122380018234253,29.720059633255005,134.91450604051352,243.81034523248672,30,135,244,False,0,27,6,1,11.333333333333334
2,105,60,216,207,0.125006990940056,0.22312852782837544,0.2853697461770626,color_battery_amoled_B.csv,True,True,test,-0.6178092956542969,0.6782374978065491,0.6377778649330139,48.72931480407715,213.975280970335,208.81667777895927,49,214,209,False,0,11,2,2,5.0
2,117,112,198,114,0.10593226104976726,0.19404352739226,0.07637285953310469,color_battery_amoled_B.csv,True,True,test,-0.10635257512331009,0.5329971313476562,-0.07773466408252716,113.94004667177796,195.45713424682617,117.58883032947779,114,195,118,False,0,2,3,4,3.0
2,149,124,130,65,0.07084512039421142,0.08633032554452456,0.02338920157668628,color_battery_amoled_B.csv,True,True,test,0.009190503507852554,0.059786684811115265,-0.5555213093757629,128.6717891972512,135.1228023134172,56.671033054590225,129,135,57,False,0,5,5,8,6.0
