rep,id,r,g,b,X,Y,Z,source_file,valid_rgb,valid_xyz,split,pred_X,pred_Y,pred_Z,pred_row_invalid_xyz,pred_invalid_xyz_channels,abs_err_X,abs_err_Y,abs_err_Z,mae_xyz_row
0,0,0,0,0,2.7280200340187205e-05,1.1315507715762993e-05,2.89779104648542e-05,color_battery_amoled_B.csv,True,True,train,0.0,0.0005435252096503973,0.0021726160775870085,True,1,2.7280200340187205e-05,0.0005322097019346343,0.0021436381671221545,0.000901042689798992
0,1,255,255,255,0.3459295617563859,0.3772726971138307,0.3786307583642055,color_battery_amoled_B.csv,True,True,train,0.3505610525608063,0.3771093785762787,0.38982170820236206,False,0,0.0046314908044203795,0.0001633185375520263,0.01119094983815655,0.005328586393376318
0,2,11,115,212,0.0662464723324932,0.06388181808301753,0.30786615383091126,color_battery_amoled_B.csv,True,True,train,0.06213759258389473,0.057032905519008636,0.3109497129917145,False,0,0.004108879748598471,0.006848912564008894,0.0030835591608032176,0.00468045049113686
0,3,157,218,2,0.16037289945633756,0.26608432359270406,0.012997558204131135,color_battery_amoled_B.csv,True,True,train,0.16090255975723267,0.2669089734554291,0.007594603579491377,False,0,0.0005296603008951017,0.0008246498627250132,0.005402954624639758,0.002252421596086624
0,4,242,14,183,0.2546098659207443,0.12515057203300375,0.20584410279207485,color_battery_amoled_B.csv,True,True,train,0.24615272879600525,0.11590880155563354,0.21251673996448517,False,0,0.008457137124739056,0.00924177047737021,0.006672637172410317,0.008123848258173194
0,5,101,163,110,0.07642497435783614,0.126496817638447,0.06988550687327226,color_battery_amoled_B.csv,True,True,train,0.07639110088348389,0.1269475221633911,0.0710340067744255,False,0,3.387347435225563e-05,0.00045070452494411217,0.0011484999011532465,0.0005443593001498714
0,7,202,139,237,0.2046454187509364,0.14347254592228728,0.36971953999285967,color_battery_amoled_B.csv,True,True,train,0.20551373064517975,0.14296671748161316,0.36050519347190857,False,0,0.0008683118942433565,0.000505828440674122,0.0092143465209511,0.0035294956186228597
0,8,164,93,84,0.1056262335477549,0.07430873239459104,0.03716937645604648,color_battery_amoled_B.csv,True,True,train,0.10796988010406494,0.07361289113759995,0.03700926899909973,False,0,0.0023436465563100445,0.0006958412569910977,0.00016010745694675088,0.0010665317567492977
0,9,51,244,130,0.1279527815001227,0.30522619841235504,0.1043887818241479,color_battery_amoled_B.csv,True,True,train,0.12545055150985718,0.2962856888771057,0.1069459468126297,False,0,0.002502229990265531,0.00894050953524933,0.002557164988481797,0.004666634837998886
0,10,36,29,67,0.0073541558670104715,0.005066285808375863,0.023009721831006563,color_battery_amoled_B.csv,True,True,train,0.007759161293506622,0.00765638193115592,0.021206170320510864,False,0,0.00040500542649615084,0.002590096122780057,0.0018035515104956983,0.0015995510199239688
0,11,178,180,147,0.16662110558918344,0.18626522672844623,0.12928070884203804,color_battery_amoled_B.csv,True,True,train,0.16732734441757202,0.18681934475898743,0.13078708946704865,False,0,0.0007062388283885779,0.0005541180305412008,0.0015063806250106004,0.0009222458279801263
0,12,220,100,46,0.1996795120267765,0.12384677789728689,0.010210268591713909,color_battery_amoled_B.csv,True,True,train,0.20199377834796906,0.12398369610309601,0.011952022090554237,False,0,0.002314266321192554,0.0001369182058091195,0.0017417534988403288,0.0013976460086140008
0,13,75,202,248,0.1326634879721661,0.19008703782695746,0.40946216753015435,color_battery_amoled_B.csv,True,True,train,0.13455811142921448,0.1986488699913025,0.40144985914230347,False,0,0.0018946234570483833,0.008561832164345029,0.008012308387850886,0.0061562546697481
0,14,115,76,174,0.07104245594617835,0.04593486154295054,0.1939030052938746,color_battery_amoled_B.csv,True,True,train,0.07050314545631409,0.04506003111600876,0.20077607035636902,False,0,0.0005393104898642614,0.0008748304269417806,0.00687306506249441,0.0027624019931001506
0,15,229,229,120,0.2815532541334131,0.3298320115127274,0.08177520291502038,color_battery_amoled_B.csv,True,True,train,0.27545493841171265,0.3243712782859802,0.083509162068367,False,0,0.0060983157217004424,0.005460733226747172,0.0017339591533466203,0.0044310027005980785
0,16,139,50,194,0.09572604930457007,0.04980011964796941,0.24827445878783588,color_battery_amoled_B.csv,True,True,train,0.09559130668640137,0.04900061711668968,0.2540278732776642,False,0,0.00013474261816870392,0.0007995025312797291,0.005753414489828301,0.0022292198797589113
0,17,29,155,21,0.04078222322934223,0.10573147033520416,0.007514856057950703,color_battery_amoled_B.csv,True,True,train,0.041186925023794174,0.10808595269918442,0.008662903681397438,False,0,0.0004047017944519421,0.0023544823639802537,0.0011480476234467353,0.0013024105939596438
0,18,17,60,154,0.0288352839299855,0.021038748968063486,0.1495247511553907,color_battery_amoled_B.csv,True,True,train,0.029338810592889786,0.01987549103796482,0.15455655753612518,False,0,0.0005035266629042842,0.0011632579300986656,0.0050318063807344715,0.002232863657912474
0,19,134,149,76,0.08993839737032838,0.11616606462234151,0.03264087725738406,color_battery_amoled_B.csv,True,True,train,0.09012016654014587,0.1152922734618187,0.03399064019322395,False,0,0.0001817691698174917,0.000873791160522816,0.001349762935839896,0.0008017744220600679
0,20,232,66,246,0.2454271323649721,0.12453783138691014,0.3913692510048173,color_battery_amoled_B.csv,True,True,train,0.24679133296012878,0.124982088804245,0.38696643710136414,False,0,0.0013642005951566838,0.0004442574173348507,0.004402813903453151,0.0020704239719815617
0,21,126,235,32,0.14275480351712003,0.2952739653304801,0.019415575084290718,color_battery_amoled_B.csv,True,True,train,0.14206714928150177,0.2917727530002594,0.01869504526257515,False,0,0.0006876542356182569,0.0035012123302207154,0.0007205298217155681,0.0016364654625181801
0,22,71,109,118,0.039786114340079316,0.05232612579405839,0.08013895129549611,color_battery_amoled_B.csv,True,True,train,0.039102379232645035,0.050146497786045074,0.08141913264989853,False,0,0.0006837351074342815,0.002179628008013315,0.0012801813544024154,0.001381181489950004
0,23,208,196,160,0.2241381372983875,0.23498857949731225,0.1537795144209624,color_battery_amoled_B.csv,True,True,train,0.22285662591457367,0.23531430959701538,0.1559230238199234,False,0,0.001281511383813827,0.00032573009970313094,0.002143509398960991,0.0012502502941593163
0,24,191,19,27,0.13630187471411773,0.06804378408113838,0.0026739122714864124,color_battery_amoled_B.csv,True,True,train,0.14662308990955353,0.07098610699176788,0.00215352326631546,False,0,0.010321215195435801,0.0029423229106294996,0.0005203890051709522,0.004594642370412084
0,25,41,186,203,0.09867267706620773,0.15959703877648082,0.27766299119082793,color_battery_amoled_B.csv,True,True,train,0.09867137670516968,0.1631656140089035,0.27951475977897644,False,0,1.300361038056308e-06,0.0035685752324226827,0.0018517685881485058,0.0018072147272030815
0,26,63,83,12,0.018816229979069458,0.028595292086151074,0.0018926579013409611,color_battery_amoled_B.csv,True,True,train,0.014675159007310867,0.023395715281367302,0.005950994323939085,False,0,0.00414107097175859,0.005199576804783772,0.004058336422598124,0.004466328066380162
0,27,169,250,218,0.22171174699820365,0.3302359742300035,0.3079393896150741,color_battery_amoled_B.csv,True,True,train,0.2201004922389984,0.322297602891922,0.30612242221832275,False,0,0.0016112547592052329,0.007938371338081507,0.0018169673967513567,0.0037888644980126986
0,29,81,133,182,0.07136602671312584,0.08277938310127894,0.21549683738703176,color_battery_amoled_B.csv,True,True,train,0.07096412777900696,0.08071856945753098,0.22205914556980133,False,0,0.0004018989341188772,0.0020608136437479663,0.006562308182769566,0.0030083402535454697
0,30,104,4,223,0.08145274826590232,0.037575985904913484,0.3449622151693459,color_battery_amoled_B.csv,True,True,train,0.07518897950649261,0.029362503439188004,0.3433827757835388,False,0,0.006263768759409705,0.00821348246572548,0.0015794393858070688,0.005352230203647418
0,31,254,169,55,0.29750164160141435,0.235306485625453,0.01800141727679229,color_battery_amoled_B.csv,True,True,train,0.28390195965766907,0.2345271110534668,0.019345436245203018,False,0,0.013599681943745279,0.0007793745719862077,0.001344018968410729,0.0052410251613807385
0,32,144,125,140,0.09948901927547288,0.0914073903600043,0.1161755517743001,color_battery_amoled_B.csv,True,True,train,0.09846203029155731,0.08887380361557007,0.11868130415678024,False,0,0.0010269889839155666,0.002533586744434227,0.0025057523824801448,0.002022109370276646
0,33,7,212,90,0.08758222872892708,0.2226993846092892,0.05205629325210938,color_battery_amoled_B.csv,True,True,train,0.08742089569568634,0.2250613421201706,0.047788772732019424,False,0,0.0001613330332407431,0.0023619575108813906,0.004267520520089954,0.002263603688070696
0,34,2,11,40,0.001384835706677554,0.0008929154948341375,0.007583578485914553,color_battery_amoled_B.csv,True,True,train,0.002245847135782242,0.00323069398291409,0.006508657708764076,False,0,0.0008610114291046878,0.0023377784880799527,0.0010749207771504768,0.0014245702314450391
0,35,151,162,254,0.15639897148157447,0.14255762110101444,0.42445079397953445,color_battery_amoled_B.csv,True,True,train,0.15641255676746368,0.14371231198310852,0.41137194633483887,False,0,1.3585285889211596e-05,0.0011546908820940782,0.01307884764469558,0.004749041270892956
0,36,249,117,69,0.26859747741933576,0.16748184900942825,0.02219540863108821,color_battery_amoled_B.csv,True,True,train,0.25609320402145386,0.16317534446716309,0.02493102476000786,False,0,0.012504273397881904,0.004306504542265166,0.002735616128919649,0.006515464689688906
0,37,112,219,146,0.1294305993558299,0.24212943310234353,0.13122130327067444,color_battery_amoled_B.csv,True,True,train,0.12994353473186493,0.24206824600696564,0.13430538773536682,False,0,0.0005129353760350286,6.118709537789035e-05,0.0030840844646923826,0.0012194023120351005
0,38,86,90,196,0.0666718168862391,0.04924920569432085,0.25651359688160474,color_battery_amoled_B.csv,True,True,train,0.0654502660036087,0.04695193096995354,0.26294711232185364,False,0,0.0012215508826304011,0.002297274724367311,0.006433515440248894,0.0033174470157488686
0,39,192,243,19,0.2256996255317166,0.34804865513488886,0.017376427652970608,color_battery_amoled_B.csv,True,True,train,0.22941350936889648,0.3431514799594879,0.01241767406463623,False,0,0.003713883837179882,0.004897175175400947,0.0049587535883343775,0.004523270866971736
0,40,173,37,168,0.12618626763004503,0.06325959855114753,0.17549847376548589,color_battery_amoled_B.csv,True,True,train,0.12844882905483246,0.06339086592197418,0.18029390275478363,False,0,0.0022625614247874237,0.00013126737082665152,0.004795428989297745,0.0023964192616372734
0,41,56,141,126,0.049977493334454504,0.0866351392398154,0.09367623556913855,color_battery_amoled_B.csv,True,True,train,0.05038965493440628,0.0855787917971611,0.09526274353265762,False,0,0.0004121615999517769,0.0010563474426543012,0.001586507963519071,0.0010183390020417165
0,43,183,204,105,0.18320072354306846,0.23816463931019383,0.06361428174938379,color_battery_amoled_B.csv,True,True,train,0.18609699606895447,0.24145321547985077,0.06430964171886444,False,0,0.0028962725258860067,0.0032885761696569427,0.000695359969480655,0.0022934028883412013
0,44,213,28,210,0.20167174672424856,0.09856389364794002,0.2885141681768041,color_battery_amoled_B.csv,True,True,train,0.20321741700172424,0.09575340151786804,0.29071253538131714,False,0,0.0015456702774756803,0.0028104921300719787,0.002198367204513052,0.002184843204020237
0,45,64,178,4,0.06245254811233021,0.14869385942175267,0.008229849185267035,color_battery_amoled_B.csv,True,True,train,0.06137382611632347,0.15401482582092285,0.007913077250123024,False,0,0.0010787219960067401,0.0053209663991701794,0.00031677193514401125,0.002238820110106977
0,46,121,52,82,0.051528286024270877,0.031275957336515885,0.035504860016071435,color_battery_amoled_B.csv,True,True,train,0.0511949323117733,0.031776681542396545,0.03440846875309944,False,0,0.00033335371249757634,0.0005007242058806607,0.0010963912629719935,0.0006434897271167436
0,47,239,157,132,0.2623976741449034,0.20048754672927666,0.09560257197086423,color_battery_amoled_B.csv,True,True,train,0.2513265609741211,0.19610445201396942,0.09882443398237228,False,0,0.011071113170782299,0.004383094715307234,0.0032218620115080504,0.006225356632532528
0,48,129,74,62,0.05956198718731325,0.04278288520390085,0.01943551839803901,color_battery_amoled_B.csv,True,True,train,0.0600544773042202,0.04203115403652191,0.020913273096084595,False,0,0.0004924901169069476,0.0007517311673789356,0.0014777546980455844,0.0009073253274438225
0,49,24,226,232,0.13966360245239517,0.24599261089565774,0.36132006684425805,color_battery_amoled_B.csv,True,True,train,0.13575588166713715,0.2483772486448288,0.3598853051662445,False,0,0.003907720785258029,0.0023846377491710535,0.0014347616780135408,0.002575706737480874
0,50,26,68,102,0.016103756089149535,0.01899470443050188,0.058242264814887874,color_battery_amoled_B.csv,True,True,train,0.017153248190879822,0.018874676898121834,0.056289367377758026,False,0,0.0010494921017302865,0.00012002753238004454,0.0019528974371298483,0.001040805690413393
0,51,140,236,176,0.17170183930618046,0.29088610660844233,0.19584259548059066,color_battery_amoled_B.csv,True,True,train,0.17039166390895844,0.28461140394210815,0.20001491904258728,False,0,0.0013101753972220298,0.006274702666334175,0.0041723235619966215,0.003919067208517609
0,52,225,58,10,0.20506537356999327,0.10849491409684746,0.0006220115783736253,color_battery_amoled_B.csv,True,True,train,0.20930181443691254,0.10904800146818161,0.0,True,1,0.004236440866919267,0.0005530873713341516,0.0006220115783736253,0.0018038466055423478
0,53,116,147,220,0.10988021997869744,0.10963327951023832,0.3279424545390846,color_battery_amoled_B.csv,True,True,train,0.1089649498462677,0.1086793914437294,0.32425186038017273,False,0,0.0009152701324297435,0.0009538880665089233,0.003690594158911875,0.0018532507859501807
0,54,77,22,138,0.033480361060669483,0.016327938016246338,0.11452318437318573,color_battery_amoled_B.csv,True,True,train,0.03126956894993782,0.016220083460211754,0.11735182255506516,False,0,0.002210792110731663,0.00010785455603458394,0.0028286381818794226,0.0017157616162152233
0,55,219,188,92,0.23301918765661905,0.23272819991740468,0.0473365177077905,color_battery_amoled_B.csv,True,True,train,0.23243407905101776,0.23612618446350098,0.04779861867427826,False,0,0.0005851086056012922,0.0033979845460963,0.0004621009664877579,0.00148173137272845
0,56,181,107,229,0.16360961011593553,0.10158452125181362,0.3508432355184935,color_battery_amoled_B.csv,True,True,train,0.16543921828269958,0.10140323638916016,0.34428003430366516,False,0,0.0018296081667640574,0.00018128486265346633,0.00656320121482834,0.0028580314147486213
0,57,36,194,49,0.06891105639796626,0.17795646958920322,0.02042870060842577,color_battery_amoled_B.csv,True,True,train,0.07245233654975891,0.1870887279510498,0.020094286650419235,False,0,0.0035412801517926557,0.009132258361846585,0.0003344139580065339,0.004335984157215258
0,58,54,43,240,0.07164577693642352,0.03471577101526175,0.40061930993116585,color_battery_amoled_B.csv,True,True,train,0.06930312514305115,0.03324328735470772,0.39466363191604614,False,0,0.002342651793372369,0.0014724836605540317,0.005955678015119703,0.0032569378230153678
0,59,163,131,38,0.11270194045859355,0.10730042338314917,0.009323367319490935,color_battery_amoled_B.csv,True,True,train,0.11592650413513184,0.10690011084079742,0.011881973594427109,False,0,0.0032245636765382835,0.00040031254235174674,0.0025586062749361742,0.0020611608312754016
0,60,205,84,156,0.1775942310877429,0.10205026373997775,0.14478288490799113,color_battery_amoled_B.csv,True,True,train,0.17909865081310272,0.10216526687145233,0.14830757677555084,False,0,0.0015044197253598346,0.00011500313147458363,0.003524691867559715,0.0017147049081313777
0,61,91,253,74,0.1423577705322858,0.33901198330089455,0.041584296136382905,color_battery_amoled_B.csv,True,True,train,0.1374863237142563,0.3238101303577423,0.04213889688253403,False,0,0.004871446818029507,0.015201852943152239,0.0005546007461511224,0.006875966835777622
0,62,98,123,29,0.04772487872925981,0.0699942096424165,0.006446125592869569,color_battery_amoled_B.csv,True,True,train,0.04513711854815483,0.0668235644698143,0.01036854274570942,False,0,0.0025877601811049797,0.003170645172602196,0.00392241715283985,0.003226940835515675
0,63,243,209,201,0.3010126189394728,0.2837270150521593,0.2518381969111438,color_battery_amoled_B.csv,True,True,train,0.2929915487766266,0.28129902482032776,0.2523740828037262,False,0,0.0080210701628462,0.002427990231831545,0.0005358858925824106,0.003661648762420052
0,64,154,5,112,0.08992164500906025,0.044199587163428075,0.06894292118419232,color_battery_amoled_B.csv,True,True,train,0.08896951377391815,0.041030652821063995,0.06564818322658539,False,0,0.0009521312351420952,0.0031689343423640798,0.0032947379576069302,0.0024719345117043684
0,65,12,172,166,0.07413801848868279,0.13547908193579233,0.17664135938511785,color_battery_amoled_B.csv,True,True,train,0.0725434273481369,0.1343855857849121,0.18070851266384125,False,0,0.0015945911405458868,0.0010934961508802243,0.0040671532787233955,0.002251746856716502
0,66,15,39,122,0.01615295626449922,0.010428166737682067,0.08660600736734522,color_battery_amoled_B.csv,True,True,train,0.017379654571413994,0.011766880750656128,0.08661622554063797,False,0,0.0012266983069147731,0.0013387140129740606,1.0218173292747545e-05,0.0008585434977271938
0,67,153,143,171,0.12395710574312654,0.11786823787753486,0.18322355698448942,color_battery_amoled_B.csv,True,True,train,0.12260748445987701,0.11482571065425873,0.18739941716194153,False,0,0.0013496212832495302,0.003042527223276137,0.004175860177452112,0.0028560028946592597
0,68,246,88,22,0.25630411907753636,0.1450957028637495,0.0025736701301935032,color_battery_amoled_B.csv,True,True,train,0.2484564483165741,0.1406935453414917,0.003153366968035698,False,0,0.007847670760962266,0.00440215752225781,0.0005796968378421947,0.004276508373687424
0,69,97,241,192,0.15327528109245694,0.2918056722513433,0.23943269367429604,color_battery_amoled_B.csv,True,True,train,0.15226298570632935,0.286978155374527,0.24475456774234772,False,0,0.0010122953861275985,0.004827516876816318,0.00532187406805168,0.0037205621103318653
0,70,88,119,150,0.05875512424157364,0.06687036264566577,0.13878184392571405,color_battery_amoled_B.csv,True,True,train,0.057450901716947556,0.06440336257219315,0.14269904792308807,False,0,0.0013042225246260863,0.0024670000734726277,0.003917203997374025,0.0025628088651575794
0,71,206,221,64,0.2300706348300402,0.29565783732740963,0.029133546783649565,color_battery_amoled_B.csv,True,True,train,0.23378488421440125,0.29872018098831177,0.029074737802147865,False,0,0.003714249384361046,0.0030623436609021337,5.880898150169983e-05,0.0022784673422549598
0,72,160,9,249,0.13844917566253886,0.06521282257476578,0.41936608208041304,color_battery_amoled_B.csv,True,True,train,0.13653789460659027,0.05770685523748398,0.40835022926330566,False,0,0.0019112810559485938,0.007505967337281802,0.011015852817107374,0.006811033736779257
0,73,55,160,45,0.049028051359187266,0.11435851948931956,0.015153699587682657,color_battery_amoled_B.csv,True,True,train,0.04995949938893318,0.11748196929693222,0.016789602115750313,False,0,0.0009314480297459155,0.0031234498076126577,0.0016359025280676554,0.001896933455142076
0,74,32,72,236,0.06943535185048008,0.04065846950978841,0.38701610336267656,color_battery_amoled_B.csv,True,True,train,0.06694991886615753,0.03796280175447464,0.38269782066345215,False,0,0.0024854329843225498,0.0026956677553137687,0.004318282699224407,0.0031664611462869086
0,75,182,224,58,0.19452226383258345,0.28820465075466367,0.02714830106855868,color_battery_amoled_B.csv,True,True,train,0.19912630319595337,0.2901260256767273,0.026790600270032883,False,0,0.004604039363369922,0.0019213749220636234,0.00035770079852579656,0.002294371694653114
0,76,216,54,128,0.19114745400445204,0.0996036060451823,0.08920239156760802,color_battery_amoled_B.csv,True,True,train,0.19220978021621704,0.10086516290903091,0.0907917469739914,False,0,0.0010623262117649968,0.0012615568638486147,0.001589355406383372,0.0013044128273323279
0,77,79,159,87,0.060251417545810634,0.11557066792223883,0.04493750920371363,color_battery_amoled_B.csv,True,True,train,0.06042486056685448,0.11683931946754456,0.0442352294921875,False,0,0.00017344302104384257,0.0012686515453057268,0.0007022797115261298,0.0007147914259585664
0,78,119,26,1,0.04422702810660148,0.02306552983734971,9.260596647789075e-05,color_battery_amoled_B.csv,True,True,train,0.04226258769631386,0.020724181085824966,0.002187478356063366,False,0,0.001964440410287621,0.0023413487515247453,0.0020948723895854752,0.002133553850465947
0,79,225,176,214,0.2532034363878522,0.20945324089825454,0.2941123104762172,color_battery_amoled_B.csv,True,True,train,0.24911484122276306,0.20812194049358368,0.2912381589412689,False,0,0.004088595165089137,0.0013313004046708599,0.0028741515349482993,0.002764682368236099
0,80,143,103,108,0.08569513916053256,0.069973457672639,0.06424562713980643,color_battery_amoled_B.csv,True,True,train,0.08542890846729279,0.06799239665269852,0.0649821013212204,False,0,0.00026623069323977733,0.001981061019940486,0.000736474181413968,0.0009945886315314105
0,81,25,206,186,0.10528566704727164,0.20159752767791364,0.2270744682965617,color_battery_amoled_B.csv,True,True,train,0.10477316379547119,0.20476505160331726,0.232349693775177,False,0,0.000512503251800453,0.0031675239254036203,0.0052752254786153085,0.0029850842186064605
0,82,21,105,52,0.01836635658505662,0.04221658816084833,0.015596172379485981,color_battery_amoled_B.csv,True,True,train,0.018508201465010643,0.0394064225256443,0.01531657762825489,False,0,0.00014184487995402145,0.0028101656352040247,0.00027959475123109055,0.0010772017554630455
0,83,130,192,226,0.14491262378148517,0.18253288184816543,0.34217799683165356,color_battery_amoled_B.csv,True,True,train,0.14578676223754883,0.18636299669742584,0.33614638447761536,False,0,0.0008741384560636556,0.0038301148492604076,0.006031612354038207,0.00357862188645409
0,84,236,24,88,0.23052055226334262,0.1149244916118172,0.037387882959014955,color_battery_amoled_B.csv,True,True,train,0.22592811286449432,0.11259346455335617,0.03460109978914261,False,0,0.0045924393988482914,0.002331027058461027,0.0027867831698723464,0.0032367498757272218
0,85,122,190,142,0.1129107397051183,0.17971544254037145,0.12217552667794766,color_battery_amoled_B.csv,True,True,train,0.11381867527961731,0.18201515078544617,0.12480911612510681,False,0,0.0009079355744990164,0.002299708245074722,0.0026335894471591487,0.001947077755577629
0,86,67,56,215,0.06319150206762246,0.03400551889705957,0.3183289510850036,color_battery_amoled_B.csv,True,True,train,0.06219226494431496,0.03336773067712784,0.3213934600353241,False,0,0.0009992371233075031,0.0006377882199317328,0.0030645089503205103,0.0015671780978532487
0,87,212,145,15,0.1970958357659997,0.16161150596495655,0.005207182843020846,color_battery_amoled_B.csv,True,True,train,0.20156043767929077,0.1636127233505249,0.003938042093068361,False,0,0.004464601913291066,0.0020012173855683546,0.0012691407499524849,0.0025783200162706353
0,88,187,70,180,0.15159256842510077,0.08269210111564439,0.20414321438049607,color_battery_amoled_B.csv,True,True,train,0.15452800691127777,0.08362201601266861,0.20948240160942078,False,0,0.002935438486177,0.0009299148970242227,0.005339187228924708,0.0030681802040419767
0,89,45,238,98,0.11597908543582265,0.29008280670883796,0.06245840890570014,color_battery_amoled_B.csv,True,True,train,0.1146424263715744,0.2852671444416046,0.06100430712103844,False,0,0.0013366590642482495,0.004815662267233345,0.001454101784661703,0.0025354743720477657
0,90,59,7,162,0.03519714451695057,0.01611068108738721,0.16789843041273383,color_battery_amoled_B.csv,True,True,train,0.032522596418857574,0.013498466461896896,0.17453449964523315,False,0,0.002674548098092998,0.002612214625490314,0.00663606923249932,0.003974277318694211
0,91,173,174,116,0.1516230430158437,0.17388775115509927,0.07621013949515015,color_battery_amoled_B.csv,True,True,train,0.1534138321876526,0.17533063888549805,0.07742534577846527,False,0,0.0017907891718088875,0.001442887730398773,0.0012152062833151178,0.0014829610618409261
0,92,194,121,206,0.17839535087739028,0.11982001838842417,0.27655152993540777,color_battery_amoled_B.csv,True,True,train,0.17964684963226318,0.11876802891492844,0.2770465612411499,False,0,0.001251498754872904,0.001051989473495732,0.0004950313057421329,0.0009328398447035896
0,93,85,207,24,0.0924593830393482,0.21236032854797962,0.01354823764101165,color_battery_amoled_B.csv,True,True,train,0.09293708205223083,0.2193707823753357,0.014245191588997841,False,0,0.0004776990128826375,0.007010453827356072,0.0006969539479861914,0.0027283689294083004
0,95,250,255,152,0.34208354347006253,0.40844864588441526,0.13487651288748756,color_battery_amoled_B.csv,True,True,train,0.3282100260257721,0.38989487290382385,0.1376282125711441,False,0,0.01387351744429044,0.01855377298059141,0.0027516996836565444,0.011726330036179464
0,96,148,41,35,0.07518199340791933,0.040516508086774726,0.005368444601816492,color_battery_amoled_B.csv,True,True,train,0.07868577539920807,0.041676126420497894,0.007298941258341074,False,0,0.003503781991288743,0.0011596183337231683,0.0019304966565245824,0.0021979656605121646
0,98,6,94,134,0.02914892996096604,0.03817597765928352,0.10795510962164233,color_battery_amoled_B.csv,True,True,train,0.027995776385068893,0.032761961221694946,0.1090390533208847,False,0,0.0011531535758971465,0.005414016437588577,0.0010839436992423762,0.002550371237576033
0,99,147,246,81,0.17425677649620447,0.3312479108447203,0.04553685903946801,color_battery_amoled_B.csv,True,True,train,0.1723196804523468,0.3198689818382263,0.04574444890022278,False,0,0.0019370960438576668,0.011378929006493954,0.00020758986075476715,0.004507871637035463
0,100,253,32,234,0.27987112044595586,0.13704364034816738,0.3520812291662303,color_battery_amoled_B.csv,True,True,train,0.2784809172153473,0.13316166400909424,0.35343343019485474,False,0,0.0013902032306085665,0.00388197633907314,0.0013522010286244335,0.0022081268661020468
0,101,108,137,60,0.06147655050164311,0.08980406415900849,0.021014148765051144,color_battery_amoled_B.csv,True,True,train,0.06062475964426994,0.08840714395046234,0.02315843477845192,False,0,0.0008517908573731636,0.0013969202085461485,0.0021442860134007757,0.0014643323597733626
0,102,82,16,106,0.02784345005881424,0.013702777066108899,0.06258491636514708,color_battery_amoled_B.csv,True,True,train,0.024718213826417923,0.013439977541565895,0.06059793010354042,False,0,0.0031252362323963175,0.00026279952454300384,0.001986986261606663,0.0017916740061819948
0,103,196,165,188,0.19307954804506205,0.17233369203378146,0.2235895734602291,color_battery_amoled_B.csv,True,True,train,0.1930122673511505,0.17119643092155457,0.2255183458328247,False,0,6.728069391154223e-05,0.001137261112226895,0.0019287723725956163,0.0010444380595780178
0,104,169,113,7,0.11455156570959375,0.09284449533336844,0.002613018848447644,color_battery_amoled_B.csv,True,True,train,0.11871424317359924,0.09097521752119064,0.0029124715365469456,False,0,0.00416267746400549,0.0018692778121777998,0.00029945268809930146,0.0021104693214275307
0,106,42,48,16,0.0067811487473114366,0.008886152662382135,0.0013608095394302387,color_battery_amoled_B.csv,True,True,train,0.004835997708141804,0.007798435632139444,0.005322870332747698,False,0,0.0019451510391696328,0.0010877170302426905,0.003962060793317459,0.002331642954243261
0,107,187,153,198,0.17718258771628406,0.15004353775763046,0.2532789635916808,color_battery_amoled_B.csv,True,True,train,0.17727339267730713,0.14799973368644714,0.2538740038871765,False,0,9.080496102306657e-05,0.0020438040711833194,0.0005950402954957301,0.0009098831092340387
0,108,210,78,125,0.18102257695958957,0.10209196933981379,0.08481039364669289,color_battery_amoled_B.csv,True,True,train,0.18271604180335999,0.10328279435634613,0.08673063665628433,False,0,0.0016934648437704203,0.0011908250165323375,0.0019202430095914408,0.0016015109566313995
0,109,68,231,169,0.1276296440617627,0.26517850096198936,0.1824821447347822,color_battery_amoled_B.csv,True,True,train,0.12759140133857727,0.2635459899902344,0.18773657083511353,False,0,3.82427231854221e-05,0.0016325109717549857,0.005254426100331333,0.0023083932650905803
0,110,125,98,251,0.11307896314950558,0.07119906085151577,0.42565636055261336,color_battery_amoled_B.csv,True,True,train,0.11265435814857483,0.07086098194122314,0.41309645771980286,False,0,0.00042460500093075004,0.0003380789102926246,0.012559902832810499,0.0044408622480112915
0,111,235,199,42,0.27132047176469215,0.2704125560056673,0.015675845090715165,color_battery_amoled_B.csv,True,True,train,0.2690824866294861,0.2765040695667267,0.015360474586486816,False,0,0.0022379851352060665,0.0060915135610593585,0.0003153705042283489,0.002881623066831258
0,112,133,31,144,0.07274819624045224,0.03652736278691073,0.12464356513230117,color_battery_amoled_B.csv,True,True,train,0.0719706118106842,0.036294594407081604,0.12710341811180115,False,0,0.0007775844297680384,0.00023276837982912774,0.0024598529794999796,0.001156735263032382
0,113,20,182,70,0.06030555917968139,0.15342621547831073,0.031291413620150234,color_battery_amoled_B.csv,True,True,train,0.06312879920005798,0.15960970520973206,0.029513239860534668,False,0,0.002823240020376594,0.006183489731421327,0.0017781737596155658,0.003594967837137829
0,114,30,17,200,0.04634744621789839,0.02116733587897778,0.2724247152960753,color_battery_amoled_B.csv,True,True,train,0.04503282904624939,0.018357839435338974,0.2820092439651489,False,0,0.0013146171716489977,0.0028094964436388044,0.009584528669073611,0.004569547428120471
0,115,136,184,30,0.10949147426503922,0.17588022766603634,0.011590040083035942,color_battery_amoled_B.csv,True,True,train,0.1118982583284378,0.181290403008461,0.013246698305010796,False,0,0.002406784063398587,0.005410175342424661,0.0016566582219748535,0.0031578725425993673
0,116,229,111,164,0.2305078567220477,0.14116902507110662,0.1595238597350494,color_battery_amoled_B.csv,True,True,train,0.2248346358537674,0.13814765214920044,0.16451075673103333,False,0,0.005673220868280315,0.0030213729219061847,0.004986896995983925,0.004560496928723475
0,118,73,64,37,0.01921323037499097,0.019563674183137193,0.006732769975749373,color_battery_amoled_B.csv,True,True,train,0.01699036918580532,0.01795247569680214,0.010335590690374374,False,0,0.0022228611891856494,0.0016111984863350533,0.003602820714625001,0.002478960130048568
0,119,223,233,241,0.2861909308674249,0.31429814187422106,0.36256379513657344,color_battery_amoled_B.csv,True,True,train,0.28493815660476685,0.31212905049324036,0.3602338135242462,False,0,0.001252774262658074,0.0021690913809807033,0.0023299816123272254,0.0019172824186553343
0,120,177,62,72,0.1173115716441521,0.06620263819724768,0.02528239984662348,color_battery_amoled_B.csv,True,True,train,0.12348641455173492,0.06921973824501038,0.02529844269156456,False,0,0.006174842907582828,0.0030171000477626914,1.6042844941079742e-05,0.0030693286000955332
0,121,40,150,158,0.060555103035799654,0.09984982727494604,0.15757204868725994,color_battery_amoled_B.csv,True,True,train,0.06083518639206886,0.09827478229999542,0.16164962947368622,False,0,0.000280083356269209,0.001575044974950618,0.0040775807864262825,0.0019775697058820366
0,122,50,127,94,0.035980168541983854,0.06708345102761408,0.050125654569538054,color_battery_amoled_B.csv,True,True,train,0.03621108457446098,0.06598188728094101,0.0491330549120903,False,0,0.00023091603247712977,0.0011015637466730704,0.0009925996574477527,0.0007750264788659844
0,123,167,214,136,0.17309937422529767,0.2503413190039768,0.10991060443665032,color_battery_amoled_B.csv,True,True,train,0.17425449192523956,0.2503451704978943,0.11178784817457199,False,0,0.0011551176999418933,3.851493917461646e-06,0.0018772437379216689,0.0010120709772603413
0,124,201,2,50,0.15760870237035804,0.07824218995037019,0.011265251547573357,color_battery_amoled_B.csv,True,True,train,0.16330014169216156,0.0771164521574974,0.007711344864219427,False,0,0.005691439321803521,0.001125737792872783,0.0035539066833539298,0.0034570279326767445
0,125,95,168,228,0.11194711411428569,0.13401101820750239,0.3528051025554484,color_battery_amoled_B.csv,True,True,train,0.11182095110416412,0.13612832129001617,0.3473460376262665,False,0,0.00012616301012156883,0.0021173030825137884,0.0054590649291819116,0.002567510340605756
0,126,102,46,178,0.06076520835068658,0.03216837963173364,0.20514174990614734,color_battery_amoled_B.csv,True,True,train,0.05965128913521767,0.03181465342640877,0.21350042521953583,False,0,0.0011139192154689115,0.0003537262053248738,0.008358675313388492,0.0032754402447274255
0,127,239,135,100,0.2520558202869697,0.17392629413427377,0.0510079621051011,color_battery_amoled_B.csv,True,True,train,0.2425580620765686,0.17059236764907837,0.05307377502322197,False,0,0.009497758210401108,0.0033339264851953987,0.002065812918120871,0.004965832537905793
0,128,158,81,221,0.12901999060714184,0.07340742020875404,0.3294795252462073,color_battery_amoled_B.csv,True,True,train,0.129535511136055,0.0728360265493393,0.3269156813621521,False,0,0.0005155205289131548,0.0005713936594147484,0.002563843884055228,0.0012169193574610437
0,129,8,248,9,0.12093337770444998,0.3293601173750625,0.018962658907081775,color_battery_amoled_B.csv,True,True,train,0.11280795931816101,0.31618162989616394,0.012563653290271759,False,0,0.008125418386288968,0.013178487478898548,0.0063990056168100155,0.00923430382733251
0,130,10,27,180,0.03605730375136796,0.017106123564528244,0.21404688626014676,color_battery_amoled_B.csv,True,True,train,0.0356362909078598,0.015551798045635223,0.22455887496471405,False,0,0.00042101284350815754,0.001554325518893021,0.010511988704567293,0.004162442355656157
0,131,159,179,100,0.13550276690273932,0.17548619107999858,0.05725214454304992,color_battery_amoled_B.csv,True,True,train,0.13710781931877136,0.17784889042377472,0.05781405419111252,False,0,0.0016050524160320379,0.0023626993437761423,0.000561909648062596,0.0015098871359569253
0,132,241,100,217,0.2606495817888565,0.1459387320386188,0.30215110667472456,color_battery_amoled_B.csv,True,True,train,0.25582432746887207,0.1435081958770752,0.3034352958202362,False,0,0.004825254319984429,0.002430536161543595,0.0012841891455116494,0.002846659875679891
0,133,104,205,15,0.10010273216074159,0.21136778819928248,0.011990158445703801,color_battery_amoled_B.csv,True,True,train,0.10059906542301178,0.21790726482868195,0.011656858026981354,False,0,0.0004963332622701933,0.0065394766293994655,0.00033330041872244726,0.0024563701034640353
0,134,94,75,89,0.03711248635837867,0.031986886395085484,0.04336228514632749,color_battery_amoled_B.csv,True,True,train,0.035118360072374344,0.030768420547246933,0.04257053881883621,False,0,0.0019941262860043232,0.0012184658478385513,0.00079174632749128,0.0013347794871113848
0,135,200,225,143,0.22843724918689046,0.29560905759072703,0.12120816146859326,color_battery_amoled_B.csv,True,True,train,0.22797442972660065,0.292167991399765,0.12270694971084595,False,0,0.00046281946028980947,0.0034410661909620166,0.001498788242252691,0.001800891297834839
0,136,165,53,53,0.09828689698769608,0.05468069134892581,0.013524606779943629,color_battery_amoled_B.csv,True,True,train,0.1039876937866211,0.05697332322597504,0.014048874378204346,False,0,0.0057007967989250175,0.0022926318770492282,0.0005242675982607171,0.0028392320914116544
0,137,48,156,227,0.09282101155172803,0.11215178424521946,0.35285294448427584,color_battery_amoled_B.csv,True,True,train,0.09109854698181152,0.11182309687137604,0.34912946820259094,False,0,0.0017224645699165098,0.0003286873738434226,0.003723476281684901,0.0019248760751482779
0,138,38,116,35,0.022974299236798456,0.052958331680300674,0.008109647806799838,color_battery_amoled_B.csv,True,True,train,0.022571122273802757,0.05087364837527275,0.010659806430339813,False,0,0.0004031769629956987,0.0020846833050279234,0.002550158623539975,0.001679339630521199
0,139,175,220,245,0.21102342583380213,0.25591208092362977,0.38627199390807887,color_battery_amoled_B.csv,True,True,train,0.21300405263900757,0.25853589177131653,0.37927135825157166,False,0,0.001980626805205443,0.0026238108476867583,0.007000635656507215,0.0038683577697998053
0,140,221,10,79,0.1970286133531916,0.09775133596460477,0.029523695800891866,color_battery_amoled_B.csv,True,True,train,0.1986391842365265,0.09617087244987488,0.025591090321540833,False,0,0.001610570883334883,0.0015804635147298879,0.003932605479351033,0.0023745466258052682
0,141,72,163,153,0.07311631126195098,0.12136822125984477,0.1459690330138248,color_battery_amoled_B.csv,True,True,train,0.07386457920074463,0.12205777317285538,0.14952528476715088,False,0,0.0007482679387936508,0.0006895519130106081,0.0035562517533260785,0.0016646905350434459
0,142,113,38,207,0.07904238557597454,0.038870536543480015,0.29014784872237,color_battery_amoled_B.csv,True,True,train,0.07759346067905426,0.03747627139091492,0.29472920298576355,False,0,0.0014489248969202784,0.0013942651525650981,0.004581354263393567,0.002474848104292981
0,143,231,140,26,0.23446997418158938,0.1729778137974365,0.006053621563058847,color_battery_amoled_B.csv,True,True,train,0.23285309970378876,0.17307601869106293,0.0063317203894257545,False,0,0.0016168744778006228,9.820489362641349e-05,0.00027809882636690725,0.0006643927325979812
0,144,137,91,163,0.08881419732571949,0.06213263000121842,0.16547759928243222,color_battery_amoled_B.csv,True,True,train,0.08829990029335022,0.060204386711120605,0.17055708169937134,False,0,0.0005142970323692708,0.001928243290097817,0.005079482416939118,0.002507340913135402
0,145,32,242,117,0.12140081907598417,0.30074702674965803,0.08540226921928548,color_battery_amoled_B.csv,True,True,train,0.11851328611373901,0.2927367091178894,0.08539789170026779,False,0,0.0028875329622451568,0.008010317631768626,4.3775190176897905e-06,0.003634076037677158
0,146,18,85,251,0.07851073288063587,0.049583245476598536,0.43319574601705957,color_battery_amoled_B.csv,True,True,train,0.07338978350162506,0.04432419687509537,0.4233853816986084,False,0,0.0051209493790108085,0.005259048601503169,0.00981036431845117,0.006730120766321716
0,147,132,252,45,0.16462796169226965,0.3458474627264739,0.02557568343103359,color_battery_amoled_B.csv,True,True,train,0.16147460043430328,0.33169180154800415,0.025324638932943344,False,0,0.003153361257966364,0.014155661178469725,0.000251044498090245,0.005853355644842111
0,148,233,44,151,0.22953700886810421,0.11586920458702085,0.13206625866877428,color_battery_amoled_B.csv,True,True,train,0.22491072118282318,0.11405755579471588,0.13495565950870514,False,0,0.004626287685281033,0.0018116487923049707,0.0028894008399308613,0.003109112439172288
0,150,255,0,0,0.2840336500970703,0.14126702724893483,0.00011189618003066671,color_battery_amoled_B.csv,True,True,train,0.2650274634361267,0.1263946294784546,0.0,True,1,0.019006186660943614,0.014872397770480245,0.00011189618003066671,0.011330160203818175
0,151,0,255,255,0.1733336115134371,0.320321433435336,0.41499962434900683,color_battery_amoled_B.csv,True,True,train,0.16145645081996918,0.3123835027217865,0.42131778597831726,False,0,0.01187716069346792,0.00793793071354948,0.006318161629310426,0.008711084345442608
0,152,255,255,255,0.34569973580471763,0.377386523590714,0.37869154942629624,color_battery_amoled_B.csv,True,True,train,0.3505610525608063,0.3771093785762787,0.38982170820236206,False,0,0.0048613167560886406,0.00027714501443532047,0.011130158776065824,0.005422873515529929
0,153,100,0,0,0.031066092003157512,0.015377474297027979,1.1518928258091346e-05,color_battery_amoled_B.csv,True,True,train,0.02376081794500351,0.0099005913361907,0.0019161568488925695,False,0,0.007305274058154003,0.005476882960837278,0.0019046379206344782,0.004895598313208586
0,154,0,100,0,0.01562798467950374,0.04132314397178297,0.0023424079878799652,color_battery_amoled_B.csv,True,True,train,0.011571042239665985,0.03209784999489784,0.0031522405333817005,False,0,0.004056942439837754,0.00922529397688513,0.0008098325455017353,0.00469735632074154
0,155,0,0,100,0.009670710039993681,0.004420990474007958,0.05796671927307945,color_battery_amoled_B.csv,True,True,train,0.008969362825155258,0.004500576760619879,0.050536397844552994,False,0,0.0007013472148384228,7.958628661192037e-05,0.007430321428526454,0.002737084976658933
0,156,168,162,189,0.15424906455898646,0.15122097073459267,0.2291656857019821,color_battery_amoled_B.csv,True,True,train,0.15369576215744019,0.1493798792362213,0.23150059580802917,False,0,0.000553302401546274,0.001841091498371361,0.0023349101060470834,0.0015764346686549062
0,157,173,175,211,0.17241416699031972,0.17246753153560893,0.2924784343453496,color_battery_amoled_B.csv,True,True,train,0.17281129956245422,0.17272554337978363,0.2899954915046692,False,0,0.00039713257213450093,0.0002580118441747048,0.002482942840680402,0.0010460290856632026
1,0,0,0,0,1.3382369549180758e-05,6.875678665958589e-06,2.4789906544715844e-05,color_battery_amoled_B.csv,True,True,train,0.0,0.0005435252096503973,0.0021726160775870085,True,1,1.3382369549180758e-05,0.0005366495309844388,0.0021478261710422926,0.0008992860238586373
1,1,255,255,255,0.34545127452278523,0.37730766429131046,0.37886558590929476,color_battery_amoled_B.csv,True,True,train,0.3505610525608063,0.3771093785762787,0.38982170820236206,False,0,0.00510977803802104,0.00019828571503177628,0.010956122293067305,0.0054213953487067075
1,2,11,115,212,0.06611561886611735,0.06369136679078617,0.3081588239912474,color_battery_amoled_B.csv,True,True,train,0.06213759258389473,0.057032905519008636,0.3109497129917145,False,0,0.003978026282222616,0.0066584612717775354,0.0027908890004670894,0.004475792184822414
1,3,157,218,2,0.16005452818793053,0.26590572099389104,0.013177118218815504,color_battery_amoled_B.csv,True,True,train,0.16090255975723267,0.2669089734554291,0.007594603579491377,False,0,0.0008480315693021323,0.00100325246153804,0.005582514639324127,0.0024779328900547664
1,4,242,14,183,0.25450583289995493,0.1251007855224005,0.20560431714373825,color_battery_amoled_B.csv,True,True,train,0.24615272879600525,0.11590880155563354,0.21251673996448517,False,0,0.008353104103949682,0.009191983966766959,0.006912422820746916,0.008152503630487853
1,5,101,163,110,0.07648321208814261,0.12651623507544796,0.06997588021748906,color_battery_amoled_B.csv,True,True,train,0.07639110088348389,0.1269475221633911,0.0710340067744255,False,0,9.211120465872635e-05,0.0004312870879431552,0.0010581265569364479,0.0005271749498461098
1,7,202,139,237,0.2047091814337005,0.14364639364576243,0.36897284289098387,color_battery_amoled_B.csv,True,True,train,0.20551373064517975,0.14296671748161316,0.36050519347190857,False,0,0.0008045492114792385,0.0006796761641492677,0.008467649419075296,0.0033172915982346007
1,8,164,93,84,0.10545118506867789,0.07419909950888343,0.03713108818257859,color_battery_amoled_B.csv,True,True,train,0.10796988010406494,0.07361289113759995,0.03700926899909973,False,0,0.0025186950353870557,0.0005862083712834809,0.00012181918347885928,0.0010755741967164653
1,9,51,244,130,0.12771972595756073,0.3047909583573925,0.10479744727241809,color_battery_amoled_B.csv,True,True,train,0.12545055150985718,0.2962856888771057,0.1069459468126297,False,0,0.0022691744477035536,0.008505269480286792,0.0021484995402116097,0.0043076478227339855
1,10,36,29,67,0.007300191475596545,0.00504661959461767,0.022931452116753397,color_battery_amoled_B.csv,True,True,train,0.007759161293506622,0.00765638193115592,0.021206170320510864,False,0,0.0004589698179100774,0.0026097623365382502,0.0017252817962425324,0.0015980046502302866
1,11,178,180,147,0.1665653826348371,0.18629168081867412,0.12900595169332846,color_battery_amoled_B.csv,True,True,train,0.16732734441757202,0.18681934475898743,0.13078708946704865,False,0,0.0007619617827349101,0.000527663940313311,0.0017811377737201872,0.001023587832256136
1,12,220,100,46,0.19958351362148646,0.12382429716174113,0.01016128964379466,color_battery_amoled_B.csv,True,True,train,0.20199377834796906,0.12398369610309601,0.011952022090554237,False,0,0.0024102647264825916,0.0001593989413548741,0.001790732446759577,0.0014534653715323476
1,13,75,202,248,0.1331052169408665,0.19032424591064426,0.40877337942858183,color_battery_amoled_B.csv,True,True,train,0.13455811142921448,0.1986488699913025,0.40144985914230347,False,0,0.0014528944883479833,0.008324624080658233,0.007323520286278362,0.005700346285094859
1,14,115,76,174,0.0711469379527285,0.04590527837765929,0.19365917799938787,color_battery_amoled_B.csv,True,True,train,0.07050314545631409,0.04506003111600876,0.20077607035636902,False,0,0.0006437924964144137,0.000845247261650528,0.007116892356981153,0.002868644038348698
1,15,229,229,120,0.2818031714091246,0.3299468101938739,0.08140045335168962,color_battery_amoled_B.csv,True,True,train,0.27545493841171265,0.3243712782859802,0.083509162068367,False,0,0.00634823299741194,0.005575531907893672,0.002108708716677385,0.004677491207327665
1,16,139,50,194,0.09555271776061253,0.04958864691801713,0.2479210597688028,color_battery_amoled_B.csv,True,True,train,0.09559130668640137,0.04900061711668968,0.2540278732776642,False,0,3.8588925788840545e-05,0.0005880298013274457,0.006106813508861386,0.0022444774119925576
1,17,29,155,21,0.040696799241624095,0.10572246300629615,0.007424503451314468,color_battery_amoled_B.csv,True,True,train,0.041186925023794174,0.10808595269918442,0.008662903681397438,False,0,0.0004901257821700797,0.002363489692888271,0.0012384002300829698,0.0013640052350471067
1,18,17,60,154,0.0287981633984397,0.020944710085001074,0.149307784426089,color_battery_amoled_B.csv,True,True,train,0.029338810592889786,0.01987549103796482,0.15455655753612518,False,0,0.0005406471944500862,0.001069219047036253,0.005248773110036187,0.0022862131171741754
1,19,134,149,76,0.08991007851712299,0.11611107708836635,0.03269417309267306,color_battery_amoled_B.csv,True,True,train,0.09012016654014587,0.1152922734618187,0.03399064019322395,False,0,0.00021008802302288632,0.0008188036265476539,0.0012964671005508965,0.0007751195833738123
1,20,232,66,246,0.2451868367016473,0.1245674792082206,0.3898352771214956,color_battery_amoled_B.csv,True,True,train,0.24679133296012878,0.124982088804245,0.38696643710136414,False,0,0.001604496258481497,0.00041460959602439285,0.002868840020131491,0.0016293152915457937
1,21,126,235,32,0.14265493911102528,0.2951626190513174,0.01937890322241034,color_battery_amoled_B.csv,True,True,train,0.14206714928150177,0.2917727530002594,0.01869504526257515,False,0,0.0005877898295235107,0.0033898660510580103,0.00068385795983519,0.0015538379468055703
1,22,71,109,118,0.03974042896315317,0.05225178135360802,0.08013952920163585,color_battery_amoled_B.csv,True,True,train,0.039102379232645035,0.050146497786045074,0.08141913264989853,False,0,0.0006380497305081348,0.0021052835675629475,0.0012796034482626811,0.0013409789154445878
1,23,208,196,160,0.2236742502094264,0.23479691208769266,0.15355448862973867,color_battery_amoled_B.csv,True,True,train,0.22285662591457367,0.23531430959701538,0.1559230238199234,False,0,0.0008176242948527424,0.0005173975093227257,0.002368535190184734,0.0012345189981200673
1,24,191,19,27,0.13626099525733923,0.06802692119759118,0.0026927125258198463,color_battery_amoled_B.csv,True,True,train,0.14662308990955353,0.07098610699176788,0.00215352326631546,False,0,0.010362094652214299,0.0029591857941766997,0.0005391892595043861,0.004620156568631795
1,25,41,186,203,0.09859785209094646,0.15948607418379468,0.27711383521575705,color_battery_amoled_B.csv,True,True,train,0.09867137670516968,0.1631656140089035,0.27951475977897644,False,0,7.352461422321932e-05,0.003679539825108824,0.0024009245632193865,0.0020513296675171433
1,26,63,83,12,0.018750212054465896,0.02853037074692378,0.0018983523282483281,color_battery_amoled_B.csv,True,True,train,0.014675159007310867,0.023395715281367302,0.005950994323939085,False,0,0.0040750530471550285,0.005134655465556477,0.0040526419956907565,0.004420783502800754
1,27,169,250,218,0.22118081921484894,0.3298251255536874,0.3074306229848856,color_battery_amoled_B.csv,True,True,train,0.2201004922389984,0.322297602891922,0.30612242221832275,False,0,0.0010803269758505318,0.007527522661765429,0.0013082007665628503,0.0033053501347262704
1,29,81,133,182,0.07127260544908147,0.0827302125747956,0.21540821226491258,color_battery_amoled_B.csv,True,True,train,0.07096412777900696,0.08071856945753098,0.22205914556980133,False,0,0.0003084776700745112,0.002011643117264622,0.006650933304888751,0.0029903513640759613
1,30,104,4,223,0.08163019512907281,0.03779351248971524,0.3446665483353322,color_battery_amoled_B.csv,True,True,train,0.07518897950649261,0.029362503439188004,0.3433827757835388,False,0,0.006441215622580196,0.008431009050527238,0.001283772551793405,0.0053853324083002795
1,31,254,169,55,0.2970916222795747,0.23514407705464152,0.017859040153677796,color_battery_amoled_B.csv,True,True,train,0.28390195965766907,0.2345271110534668,0.019345436245203018,False,0,0.013189662621905629,0.0006169660011747236,0.0014863960915252224,0.005097674904868525
1,32,144,125,140,0.09928724415094602,0.09128834553375378,0.11596294080223983,color_battery_amoled_B.csv,True,True,train,0.09846203029155731,0.08887380361557007,0.11868130415678024,False,0,0.0008252138593887043,0.0024145419181837158,0.0027183633545404123,0.0019860397107042773
1,33,7,212,90,0.08733474057890092,0.2225586952075502,0.052250875491056586,color_battery_amoled_B.csv,True,True,train,0.08742089569568634,0.2250613421201706,0.047788772732019424,False,0,8.61551167854191e-05,0.002502646912620393,0.004462102759037162,0.002350301596147658
1,34,2,11,40,0.0013793949063822346,0.0008924914515641238,0.007504726928371797,color_battery_amoled_B.csv,True,True,train,0.002245847135782242,0.00323069398291409,0.006508657708764076,False,0,0.0008664522294000072,0.0023382025313499664,0.0009960692196077205,0.001400241326785898
1,35,151,162,254,0.1566345117579343,0.14240570941727415,0.42373021116778825,color_battery_amoled_B.csv,True,True,train,0.15641255676746368,0.14371231198310852,0.41137194633483887,False,0,0.00022195499047061862,0.0013066025658343694,0.012358264832949384,0.004628940796418124
1,36,249,117,69,0.26829904393896203,0.16711405717302497,0.022365998586890767,color_battery_amoled_B.csv,True,True,train,0.25609320402145386,0.16317534446716309,0.02493102476000786,False,0,0.012205839917508177,0.00393871270586188,0.0025650261731170916,0.006236526265495716
1,37,112,219,146,0.1292698412843831,0.24198523894592072,0.13123971071946428,color_battery_amoled_B.csv,True,True,train,0.12994353473186493,0.24206824600696564,0.13430538773536682,False,0,0.0006736934474818324,8.300706104491518e-05,0.003065677015902546,0.0012741258414764312
1,38,86,90,196,0.06677918339003655,0.04946186537836159,0.255891473078842,color_battery_amoled_B.csv,True,True,train,0.0654502660036087,0.04695193096995354,0.26294711232185364,False,0,0.001328917386427847,0.0025099344084080558,0.007055639243011613,0.0036314970126158385
1,39,192,243,19,0.2258724851535012,0.3480382077299016,0.017326405020300025,color_battery_amoled_B.csv,True,True,train,0.22941350936889648,0.3431514799594879,0.01241767406463623,False,0,0.0035410242153952887,0.004886727770413712,0.004908730955663795,0.0044454943138242655
1,40,173,37,168,0.1261412809412463,0.06322470182047017,0.1755104577322106,color_battery_amoled_B.csv,True,True,train,0.12844882905483246,0.06339086592197418,0.18029390275478363,False,0,0.002307548113586161,0.00016616410150400995,0.004783445022573024,0.0024190524125543983
1,41,56,141,126,0.049951512766667115,0.08657774726944899,0.09364281907353239,color_battery_amoled_B.csv,True,True,train,0.05038965493440628,0.0855787917971611,0.09526274353265762,False,0,0.0004381421677391653,0.0009989554722878852,0.0016199244591252326,0.0010190073663840944
1,43,183,204,105,0.18290904227759208,0.23801621616196533,0.06333365729729795,color_battery_amoled_B.csv,True,True,train,0.18609699606895447,0.24145321547985077,0.06430964171886444,False,0,0.0031879537913623857,0.0034369993178854363,0.0009759844215664892,0.0025336458436047704
1,44,213,28,210,0.20148503962542225,0.09855050694871188,0.2875708404097833,color_battery_amoled_B.csv,True,True,train,0.20321741700172424,0.09575340151786804,0.29071253538131714,False,0,0.0017323773763019967,0.002797105430843841,0.003141694971533826,0.002557059259559888
1,45,64,178,4,0.06250753392593897,0.1487161925164431,0.008286073749085437,color_battery_amoled_B.csv,True,True,train,0.06137382611632347,0.15401482582092285,0.007913077250123024,False,0,0.0011337078096154973,0.005298633304479744,0.0003729964989624135,0.002268445871019218
1,46,121,52,82,0.05143181913026117,0.031220986201200826,0.03543495642566867,color_battery_amoled_B.csv,True,True,train,0.0511949323117733,0.031776681542396545,0.03440846875309944,False,0,0.0002368868184878664,0.0005556953411957194,0.001026487672569229,0.0006063566107509383
1,47,239,157,132,0.2619225132070586,0.20016293666035165,0.09552209184245916,color_battery_amoled_B.csv,True,True,train,0.2513265609741211,0.19610445201396942,0.09882443398237228,False,0,0.010595952232937522,0.004058484646382227,0.0033023421399131225,0.005985593006410957
1,48,129,74,62,0.05943942277418994,0.04266999488539336,0.019385113911655562,color_battery_amoled_B.csv,True,True,train,0.0600544773042202,0.04203115403652191,0.020913273096084595,False,0,0.0006150545300302596,0.000638840848871447,0.0015281591844290322,0.0009273515211102463
1,49,24,226,232,0.13960894599158205,0.24624090722863282,0.3602363945630239,color_battery_amoled_B.csv,True,True,train,0.13575588166713715,0.2483772486448288,0.3598853051662445,False,0,0.0038530643244449048,0.0021363414161959804,0.00035108939677941375,0.0021134983791400996
1,50,26,68,102,0.016067732008098436,0.018958615765713567,0.05822802635673618,color_battery_amoled_B.csv,True,True,train,0.017153248190879822,0.018874676898121834,0.056289367377758026,False,0,0.0010855161827813854,8.393886759173325e-05,0.0019386589789781514,0.0010360380097837567
1,51,140,236,176,0.17141314461532392,0.2908483544619522,0.19556190938626183,color_battery_amoled_B.csv,True,True,train,0.17039166390895844,0.28461140394210815,0.20001491904258728,False,0,0.0010214807063654852,0.00623695051984402,0.004453009656325446,0.0039038136275116506
1,52,225,58,10,0.20503234325955821,0.10848937562918606,0.0006364116258014859,color_battery_amoled_B.csv,True,True,train,0.20930181443691254,0.10904800146818161,0.0,True,1,0.004269471177354323,0.0005586258389955467,0.0006364116258014859,0.0018215028807171184
1,53,116,147,220,0.10969048510514409,0.10967292897663625,0.3273828269344262,color_battery_amoled_B.csv,True,True,train,0.1089649498462677,0.1086793914437294,0.32425186038017273,False,0,0.0007255352588763919,0.0009935375329068463,0.0031309665542534892,0.0016166797820122425
1,54,77,22,138,0.03313372992292564,0.016135404846539022,0.11432100388609201,color_battery_amoled_B.csv,True,True,train,0.03126956894993782,0.016220083460211754,0.11735182255506516,False,0,0.001864160972987819,8.467861367273191e-05,0.0030308186689731453,0.0016598860852112321
1,55,219,188,92,0.23279114240955712,0.23264973389554078,0.04721733487785818,color_battery_amoled_B.csv,True,True,train,0.23243407905101776,0.23612618446350098,0.04779861867427826,False,0,0.00035706335853935567,0.0034764505679601987,0.0005812837964200776,0.0014715992409732107
1,56,181,107,229,0.16338195412538195,0.1015572079977884,0.35092805421832485,color_battery_amoled_B.csv,True,True,train,0.16543921828269958,0.10140323638916016,0.34428003430366516,False,0,0.0020572641573176342,0.00015397160862824777,0.006648019914659686,0.002953085226868523
1,57,36,194,49,0.06918459036117547,0.1781032750888546,0.02065345890842018,color_battery_amoled_B.csv,True,True,train,0.07245233654975891,0.1870887279510498,0.020094286650419235,False,0,0.0032677461885834425,0.008985452862195209,0.0005591722580009437,0.004270790436259865
1,58,54,43,240,0.07178295684441979,0.03482620061710879,0.3996227180880242,color_battery_amoled_B.csv,True,True,train,0.06930312514305115,0.03324328735470772,0.39466363191604614,False,0,0.0024798317013686455,0.0015829132624010714,0.004959086171978044,0.0030072770452492536
1,59,163,131,38,0.11263733571518723,0.1071493879926968,0.009321883338263443,color_battery_amoled_B.csv,True,True,train,0.11592650413513184,0.10690011084079742,0.011881973594427109,False,0,0.003289168419944602,0.00024927715189937416,0.002560090256163666,0.0020328452760025473
1,60,205,84,156,0.17755797433908074,0.10205518580282248,0.1445234994941256,color_battery_amoled_B.csv,True,True,train,0.17909865081310272,0.10216526687145233,0.14830757677555084,False,0,0.0015406764740219792,0.00011008106862984979,0.003784077281425241,0.00181161160802569
1,61,91,253,74,0.1421483411369633,0.33874911476281033,0.041323996464573465,color_battery_amoled_B.csv,True,True,train,0.1374863237142563,0.3238101303577423,0.04213889688253403,False,0,0.004662017422707027,0.014938984405068023,0.0008149004179605623,0.006805300748578537
1,62,98,123,29,0.047707195479159845,0.06990896329698185,0.0064464079011345,color_battery_amoled_B.csv,True,True,train,0.04513711854815483,0.0668235644698143,0.01036854274570942,False,0,0.0025700769310050137,0.003085398827167546,0.003922134844574919,0.003192536867582493
1,63,243,209,201,0.3007817981561615,0.2833795977483023,0.25122214438522056,color_battery_amoled_B.csv,True,True,train,0.2929915487766266,0.28129902482032776,0.2523740828037262,False,0,0.00779024937953493,0.0020805729279745333,0.001151938418505638,0.0036742535753383674
1,64,154,5,112,0.08976985151573788,0.04410794885399314,0.06878008775295884,color_battery_amoled_B.csv,True,True,train,0.08896951377391815,0.041030652821063995,0.06564818322658539,False,0,0.0008003377418197288,0.0030772960329291457,0.0031319045263734496,0.002336512767040775
1,65,12,172,166,0.0741132700815877,0.13553222572226484,0.17641084728955486,color_battery_amoled_B.csv,True,True,train,0.0725434273481369,0.1343855857849121,0.18070851266384125,False,0,0.001569842733450802,0.001146639937352728,0.004297665374286386,0.0023380493483633052
1,66,15,39,122,0.016083148544786513,0.010373565045421536,0.08644967174542219,color_battery_amoled_B.csv,True,True,train,0.017379654571413994,0.011766880750656128,0.08661622554063797,False,0,0.0012965060266274808,0.001393315705234592,0.00016655379521578195,0.0009521251756926183
1,67,153,143,171,0.12380820319897601,0.11764395262178093,0.18334132219138966,color_battery_amoled_B.csv,True,True,train,0.12260748445987701,0.11482571065425873,0.18739941716194153,False,0,0.0012007187390989937,0.0028182419675222004,0.004058094970551873,0.0026923518923910226
1,68,246,88,22,0.2561444343478163,0.144968632004601,0.0025218727607243677,color_battery_amoled_B.csv,True,True,train,0.2484564483165741,0.1406935453414917,0.003153366968035698,False,0,0.007687986031242211,0.004275086663109301,0.0006314942073113302,0.004198188967220948
1,69,97,241,192,0.15333868282259341,0.29188046110437077,0.23934491863469287,color_battery_amoled_B.csv,True,True,train,0.15226298570632935,0.286978155374527,0.24475456774234772,False,0,0.0010756971162640683,0.004902305729843792,0.005409649107654846,0.003795883984587569
1,70,88,119,150,0.058835337135440584,0.06695935359710688,0.13872912036778515,color_battery_amoled_B.csv,True,True,train,0.057450901716947556,0.06440336257219315,0.14269904792308807,False,0,0.0013844354184930283,0.0025559910249137313,0.003969927555302927,0.002636784666236562
1,71,206,221,64,0.23010254100395872,0.2956461477979499,0.029173170835784357,color_battery_amoled_B.csv,True,True,train,0.23378488421440125,0.29872018098831177,0.029074737802147865,False,0,0.003682343210442529,0.003074033190361869,9.843303363649136e-05,0.002284936478146963
1,72,160,9,249,0.13849173832777542,0.0653277601876727,0.41834127870231025,color_battery_amoled_B.csv,True,True,train,0.13653789460659027,0.05770685523748398,0.40835022926330566,False,0,0.00195384372118515,0.007620904950188717,0.009991049439004585,0.006521932703459484
1,73,55,160,45,0.04903186041785341,0.11436961780351076,0.014926769717451334,color_battery_amoled_B.csv,True,True,train,0.04995949938893318,0.11748196929693222,0.016789602115750313,False,0,0.0009276389710797736,0.003112351493421456,0.001862832398298979,0.001967607620933403
1,74,32,72,236,0.06970354625922243,0.04084260577233272,0.38657597555391604,color_battery_amoled_B.csv,True,True,train,0.06694991886615753,0.03796280175447464,0.38269782066345215,False,0,0.0027536273930648947,0.0028798040178580828,0.003878154890463892,0.0031705287671289564
1,75,182,224,58,0.1945141496916544,0.28815112363178524,0.026724246793892847,color_battery_amoled_B.csv,True,True,train,0.19912630319595337,0.2901260256767273,0.026790600270032883,False,0,0.004612153504298971,0.0019749020449420507,6.635347614003528e-05,0.0022178030084603526
1,76,216,54,128,0.19092163448691865,0.09943078706807665,0.08910466255816665,color_battery_amoled_B.csv,True,True,train,0.19220978021621704,0.10086516290903091,0.0907917469739914,False,0,0.00128814572929839,0.0014343758409542662,0.0016870844158247411,0.001469868662025799
1,77,79,159,87,0.060114693015700355,0.11541074377541047,0.044824316159254744,color_battery_amoled_B.csv,True,True,train,0.06042486056685448,0.11683931946754456,0.0442352294921875,False,0,0.0003101675511541224,0.0014285756921340875,0.0005890866670672443,0.0007759433034518181
1,78,119,26,1,0.044200027729234134,0.023042885459072855,8.864271161929505e-05,color_battery_amoled_B.csv,True,True,train,0.04226258769631386,0.020724181085824966,0.002187478356063366,False,0,0.0019374400329202762,0.0023187043732478888,0.002098835644444071,0.0021183266835374122
1,79,225,176,214,0.2528864628070182,0.20941814119050217,0.2937104174045753,color_battery_amoled_B.csv,True,True,train,0.24911484122276306,0.20812194049358368,0.2912381589412689,False,0,0.003771621584255147,0.0012962006969184925,0.002472258463306398,0.0025133602481600126
1,80,143,103,108,0.08553602653159782,0.06981449890544801,0.06421334665655691,color_battery_amoled_B.csv,True,True,train,0.08542890846729279,0.06799239665269852,0.0649821013212204,False,0,0.00010711806430503679,0.001822102252749494,0.0007687546646634874,0.0008993249939060061
1,81,25,206,186,0.10489937208268636,0.20151325120781435,0.22661229680133133,color_battery_amoled_B.csv,True,True,train,0.10477316379547119,0.20476505160331726,0.232349693775177,False,0,0.00012620828721517097,0.0032518003955029073,0.0057373969738456765,0.003038468552187918
1,82,21,105,52,0.018351990580008096,0.04221445336371096,0.015560429310094858,color_battery_amoled_B.csv,True,True,train,0.018508201465010643,0.0394064225256443,0.01531657762825489,False,0,0.00015621088500254732,0.0028080308380666608,0.00024385168183996796,0.0010693644683030586
1,83,130,192,226,0.14453304933774336,0.1822424992712274,0.34196739619797745,color_battery_amoled_B.csv,True,True,train,0.14578676223754883,0.18636299669742584,0.33614638447761536,False,0,0.0012537128998054703,0.004120497426198438,0.00582101172036209,0.003731740682122
1,84,236,24,88,0.23020233842421678,0.11486481282716268,0.03732425353350037,color_battery_amoled_B.csv,True,True,train,0.22592811286449432,0.11259346455335617,0.03460109978914261,False,0,0.0042742255597224554,0.0022713482738065116,0.002723153744357762,0.0030895758592955763
1,85,122,190,142,0.11238029086663309,0.1794845756357984,0.12206347898695573,color_battery_amoled_B.csv,True,True,train,0.11381867527961731,0.18201515078544617,0.12480911612510681,False,0,0.0014383844129842172,0.0025305751496477735,0.002745637138151083,0.0022381989002610244
1,86,67,56,215,0.06303686258917153,0.03419094553127597,0.31754672822182395,color_battery_amoled_B.csv,True,True,train,0.06219226494431496,0.03336773067712784,0.3213934600353241,False,0,0.0008445976448565734,0.0008232148541481299,0.0038467318135001483,0.0018381814375016171
1,87,212,145,15,0.19699374439624784,0.1615020161060248,0.005159422257933708,color_battery_amoled_B.csv,True,True,train,0.20156043767929077,0.1636127233505249,0.003938042093068361,False,0,0.004566693283042933,0.002110707244500104,0.0012213801648653464,0.002632926897469461
1,88,187,70,180,0.15147753255134297,0.0826959777126914,0.20374057940187845,color_battery_amoled_B.csv,True,True,train,0.15452800691127777,0.08362201601266861,0.20948240160942078,False,0,0.0030504743599348016,0.0009260382999772138,0.005741822207542324,0.003239444955818113
1,89,45,238,98,0.11573812550113655,0.2897926544432664,0.06216919854061983,color_battery_amoled_B.csv,True,True,train,0.1146424263715744,0.2852671444416046,0.06100430712103844,False,0,0.0010956991295621443,0.004525510001661792,0.0011648914195813917,0.0022620335169351094
1,90,59,7,162,0.034978425347521554,0.016117209062896463,0.16733782467629807,color_battery_amoled_B.csv,True,True,train,0.032522596418857574,0.013498466461896896,0.17453449964523315,False,0,0.0024558289286639792,0.0026187426009995664,0.007196674968935085,0.004090415499532877
1,91,173,174,116,0.15165335320156764,0.1739174554483493,0.07602977397744363,color_battery_amoled_B.csv,True,True,train,0.1534138321876526,0.17533063888549805,0.07742534577846527,False,0,0.0017604789860849457,0.0014131834371487462,0.0013955718010216361,0.001523078074751776
1,92,194,121,206,0.1784078450339137,0.11967603056590707,0.276163362535528,color_battery_amoled_B.csv,True,True,train,0.17964684963226318,0.11876802891492844,0.2770465612411499,False,0,0.0012390045983494968,0.0009080016509786376,0.0008831987056219237,0.001010068318316686
1,93,85,207,24,0.09251452740180265,0.21226951029604177,0.013440478728698399,color_battery_amoled_B.csv,True,True,train,0.09293708205223083,0.2193707823753357,0.014245191588997841,False,0,0.00042255465042818907,0.007101272079293924,0.0008047128602994419,0.0027761798633405186
1,95,250,255,152,0.341635282734181,0.40818374873964064,0.13454210662941657,color_battery_amoled_B.csv,True,True,train,0.3282100260257721,0.38989487290382385,0.1376282125711441,False,0,0.013425256708408884,0.018288875835816787,0.003086105941727535,0.011600079495317736
1,96,148,41,35,0.07506201168291361,0.04041299942425487,0.005385586915106418,color_battery_amoled_B.csv,True,True,train,0.07868577539920807,0.041676126420497894,0.007298941258341074,False,0,0.0036237637162944564,0.001263126996243022,0.001913354343234656,0.002266748351924045
1,98,6,94,134,0.029099270584270327,0.038176458879967415,0.1079059434205282,color_battery_amoled_B.csv,True,True,train,0.027995776385068893,0.032761961221694946,0.1090390533208847,False,0,0.0011034941992014331,0.0054144976582724685,0.0011331099003565048,0.0025503672526101355
1,99,147,246,81,0.17435536376198743,0.33133993318266003,0.04518334824747616,color_battery_amoled_B.csv,True,True,train,0.1723196804523468,0.3198689818382263,0.04574444890022278,False,0,0.002035683309640629,0.01147095134443371,0.0005611006527466156,0.004689245102273652
1,100,253,32,234,0.27940925352024526,0.1369944972975665,0.351427318526937,color_battery_amoled_B.csv,True,True,train,0.2784809172153473,0.13316166400909424,0.35343343019485474,False,0,0.0009283363048979698,0.003832833288472254,0.0020061116679177537,0.002255760420429326
1,101,108,137,60,0.06141285969431084,0.08967668498005679,0.020857415211071147,color_battery_amoled_B.csv,True,True,train,0.06062475964426994,0.08840714395046234,0.02315843477845192,False,0,0.000788100050040895,0.001269541029594451,0.002301019567380772,0.001452886882338706
1,102,82,16,106,0.027824996700651528,0.013696438433686023,0.06250173342751793,color_battery_amoled_B.csv,True,True,train,0.024718213826417923,0.013439977541565895,0.06059793010354042,False,0,0.0031067828742336046,0.0002564608921201278,0.001903803323977507,0.0017556823634437464
1,103,196,165,188,0.19306021660830683,0.1723783001550355,0.22323385687893893,color_battery_amoled_B.csv,True,True,train,0.1930122673511505,0.17119643092155457,0.2255183458328247,False,0,4.7949257156315594e-05,0.001181869233480931,0.002284488953885777,0.001171435814841008
1,104,169,113,7,0.1145492081501786,0.09284457336810216,0.0026420066532307105,color_battery_amoled_B.csv,True,True,train,0.11871424317359924,0.09097521752119064,0.0029124715365469456,False,0,0.004165035023420638,0.0018693558469115162,0.00027046488331623503,0.002101618584549463
1,106,42,48,16,0.006729040541594339,0.008840321476188587,0.0013311783478699422,color_battery_amoled_B.csv,True,True,train,0.004835997708141804,0.007798435632139444,0.005322870332747698,False,0,0.0018930428334525354,0.0010418858440491424,0.003991691984877756,0.002308873554126478
1,107,187,153,198,0.1771830301974669,0.150058686543749,0.2531282762346077,color_battery_amoled_B.csv,True,True,train,0.17727339267730713,0.14799973368644714,0.2538740038871765,False,0,9.03624798402336e-05,0.0020589528573018434,0.0007457276525688061,0.0009650143299036277
1,108,210,78,125,0.18091165970412382,0.10203581967488758,0.08466906295845227,color_battery_amoled_B.csv,True,True,train,0.18271604180335999,0.10328279435634613,0.08673063665628433,False,0,0.001804382099236168,0.0012469746814585542,0.002061573697832067,0.0017043101595089298
1,109,68,231,169,0.127315537643991,0.26503449992120165,0.182120545819716,color_battery_amoled_B.csv,True,True,train,0.12759140133857727,0.2635459899902344,0.18773657083511353,False,0,0.0002758636945862647,0.0014885099309672745,0.005616025015397513,0.0024601328803170175
1,110,125,98,251,0.11268867739124983,0.07108035992810023,0.4253370944968628,color_battery_amoled_B.csv,True,True,train,0.11265435814857483,0.07086098194122314,0.41309645771980286,False,0,3.4319242674996087e-05,0.00021937798687708676,0.012240636777059943,0.004164778002204009
1,111,235,199,42,0.27116486356270514,0.2703626579007858,0.01574624895663829,color_battery_amoled_B.csv,True,True,train,0.2690824866294861,0.2765040695667267,0.015360474586486816,False,0,0.0020823769332190545,0.006141411665940899,0.0003857743701514739,0.002869854323103809
1,112,133,31,144,0.07258960309468938,0.03648104872005862,0.12443343450904441,color_battery_amoled_B.csv,True,True,train,0.0719706118106842,0.036294594407081604,0.12710341811180115,False,0,0.0006189912840051798,0.00018645431297701492,0.002669983602756734,0.0011584763999129763
1,113,20,182,70,0.06033209407325539,0.15325674803809616,0.03156651932141909,color_battery_amoled_B.csv,True,True,train,0.06312879920005798,0.15960970520973206,0.029513239860534668,False,0,0.0027967051268025928,0.006352957171635892,0.002053279460884419,0.0037343139197743014
1,114,30,17,200,0.04638060345076986,0.021177270920049417,0.27205500072105737,color_battery_amoled_B.csv,True,True,train,0.04503282904624939,0.018357839435338974,0.2820092439651489,False,0,0.0013477744045204687,0.0028194314847104426,0.009954243244091554,0.004707149711107489
1,115,136,184,30,0.1093316569111906,0.1757456021987454,0.011561222728736388,color_battery_amoled_B.csv,True,True,train,0.1118982583284378,0.181290403008461,0.013246698305010796,False,0,0.0025666014172472107,0.005544800809715589,0.0016854755762744072,0.0032656259344124024
1,116,229,111,164,0.2304934737801215,0.14106151311930748,0.15948766392441138,color_battery_amoled_B.csv,True,True,train,0.2248346358537674,0.13814765214920044,0.16451075673103333,False,0,0.005658837926354104,0.0029138609701070406,0.005023092806621943,0.004531930567694363
1,118,73,64,37,0.01920364229249344,0.019527912965275826,0.006677893125209986,color_battery_amoled_B.csv,True,True,train,0.01699036918580532,0.01795247569680214,0.010335590690374374,False,0,0.0022132731066881184,0.0015754372684736867,0.003657697565164388,0.002482135980108731
1,119,223,233,241,0.2859330475331128,0.3142502053366595,0.3620299998882716,color_battery_amoled_B.csv,True,True,train,0.28493815660476685,0.31212905049324036,0.3602338135242462,False,0,0.0009948909283459817,0.0021211548434191263,0.0017961863640253983,0.0016374107119301688
1,120,177,62,72,0.11732559117890923,0.06615197414625595,0.025308359018494663,color_battery_amoled_B.csv,True,True,train,0.12348641455173492,0.06921973824501038,0.02529844269156456,False,0,0.006160823372825697,0.003067764098754422,9.91632693010322e-06,0.003079501266170074
1,121,40,150,158,0.06045687118467456,0.09985192096763297,0.1572624680235259,color_battery_amoled_B.csv,True,True,train,0.06083518639206886,0.09827478229999542,0.16164962947368622,False,0,0.00037831520739430025,0.0015771386676375482,0.004387161450160326,0.0021142051083973914
1,122,50,127,94,0.0360226397048025,0.06703458582560207,0.05018080351778698,color_battery_amoled_B.csv,True,True,train,0.03621108457446098,0.06598188728094101,0.0491330549120903,False,0,0.00018844486965848006,0.001052698544661057,0.0010477486056966814,0.0007629640066720728
1,123,167,214,136,0.17315205510088016,0.2503269709591247,0.10999445998438424,color_battery_amoled_B.csv,True,True,train,0.17425449192523956,0.2503451704978943,0.11178784817457199,False,0,0.0011024368243593985,1.8199538769581025e-05,0.0017933881901877474,0.0009713415177722423
1,124,201,2,50,0.15757105691622386,0.07817739432347644,0.011338393927916624,color_battery_amoled_B.csv,True,True,train,0.16330014169216156,0.0771164521574974,0.007711344864219427,False,0,0.005729084775937698,0.0010609421659790313,0.003627049063697197,0.0034723586685379755
1,125,95,168,228,0.1120082601183695,0.13394924094031957,0.35272281719714665,color_battery_amoled_B.csv,True,True,train,0.11182095110416412,0.13612832129001617,0.3473460376262665,False,0,0.0001873090142053696,0.002179080349696605,0.005376779570880175,0.0025810563115940496
1,126,102,46,178,0.060651774886056255,0.03204920906664739,0.2051299704261445,color_battery_amoled_B.csv,True,True,train,0.05965128913521767,0.03181465342640877,0.21350042521953583,False,0,0.001000485750838588,0.0002345556402386234,0.008370454793391324,0.0032018320614895118
1,127,239,135,100,0.2518083903917531,0.17387314201907803,0.05090207503908545,color_battery_amoled_B.csv,True,True,train,0.2425580620765686,0.17059236764907837,0.05307377502322197,False,0,0.00925032831518452,0.003280774369999656,0.0021716999841365214,0.004900934223106899
1,128,158,81,221,0.12884438249113167,0.07345665459313251,0.3293070614938121,color_battery_amoled_B.csv,True,True,train,0.129535511136055,0.0728360265493393,0.3269156813621521,False,0,0.0006911286449233223,0.0006206280437932171,0.0023913801316600147,0.001234378940125518
1,129,8,248,9,0.12123715319478942,0.32951563902979764,0.018954291856405528,color_battery_amoled_B.csv,True,True,train,0.11280795931816101,0.31618162989616394,0.012563653290271759,False,0,0.00842919387662841,0.013334009133633695,0.006390638566133769,0.009384613858798624
1,130,10,27,180,0.036068626441136314,0.017195815209570732,0.21385720743511688,color_battery_amoled_B.csv,True,True,train,0.0356362909078598,0.015551798045635223,0.22455887496471405,False,0,0.0004323355332765122,0.0016440171639355086,0.01070166752959717,0.004259340075603063
1,131,159,179,100,0.13548779644342676,0.17555103123792734,0.05691344537492468,color_battery_amoled_B.csv,True,True,train,0.13710781931877136,0.17784889042377472,0.05781405419111252,False,0,0.001620022875344601,0.0022978591858473785,0.0009006088161878367,0.001606163625793272
1,132,241,100,217,0.260702357440127,0.14589360386965572,0.3021396258582304,color_battery_amoled_B.csv,True,True,train,0.25582432746887207,0.1435081958770752,0.3034352958202362,False,0,0.004878029971254916,0.002385407992580524,0.0012956699620058076,0.0028530359752804157
1,133,104,205,15,0.10029697161630877,0.21146882295561406,0.011820836994889778,color_battery_amoled_B.csv,True,True,train,0.10059906542301178,0.21790726482868195,0.011656858026981354,False,0,0.0003020938067030132,0.006438441873067885,0.00016397896790842394,0.002301504882559774
1,134,94,75,89,0.037059140976716504,0.03192711404123645,0.04337036255518233,color_battery_amoled_B.csv,True,True,train,0.035118360072374344,0.030768420547246933,0.04257053881883621,False,0,0.0019407809043421598,0.0011586934939895183,0.0007998237363461211,0.0012997660448925998
1,135,200,225,143,0.22869563426107203,0.2956246350106795,0.12085352699149485,color_battery_amoled_B.csv,True,True,train,0.22797442972660065,0.292167991399765,0.12270694971084595,False,0,0.0007212045344713869,0.003456643610914467,0.0018534227193511,0.002010423621578985
1,136,165,53,53,0.09827713974218794,0.05457415092172499,0.013551543213277418,color_battery_amoled_B.csv,True,True,train,0.1039876937866211,0.05697332322597504,0.014048874378204346,False,0,0.005710554044433158,0.002399172304250047,0.0004973311649269282,0.002869019171203378
1,137,48,156,227,0.09232127502455334,0.11172259598005062,0.3526409575188852,color_battery_amoled_B.csv,True,True,train,0.09109854698181152,0.11182309687137604,0.34912946820259094,False,0,0.0012227280427418163,0.00010050089132541962,0.0035114893162942473,0.0016115727501204945
1,138,38,116,35,0.02306385634787526,0.05294409843838432,0.00811272550777763,color_battery_amoled_B.csv,True,True,train,0.022571122273802757,0.05087364837527275,0.010659806430339813,False,0,0.0004927340740725032,0.002070450063111566,0.002547080922562183,0.001703421686582084
1,139,175,220,245,0.21083151712691245,0.2559553281845245,0.3858879792858707,color_battery_amoled_B.csv,True,True,train,0.21300405263900757,0.25853589177131653,0.37927135825157166,False,0,0.0021725355120951195,0.0025805635867920396,0.006616621034299053,0.0037899067110620708
1,140,221,10,79,0.19703336740039398,0.09776777995679599,0.029534476043377205,color_battery_amoled_B.csv,True,True,train,0.1986391842365265,0.09617087244987488,0.025591090321540833,False,0,0.0016058168361325065,0.0015969075069211108,0.0039433857218363726,0.0023820366882966633
1,141,72,163,153,0.0731763455990366,0.12135034216007154,0.1459569394379046,color_battery_amoled_B.csv,True,True,train,0.07386457920074463,0.12205777317285538,0.14952528476715088,False,0,0.000688233601708027,0.0007074310127838379,0.0035683453292462697,0.0016546699812460448
1,142,113,38,207,0.07922307283853185,0.03893945350269129,0.2900186539612942,color_battery_amoled_B.csv,True,True,train,0.07759346067905426,0.03747627139091492,0.29472920298576355,False,0,0.0016296121594775864,0.0014631821117763733,0.004710549024469324,0.002601114431907761
1,143,231,140,26,0.23450724531267972,0.17301711232896255,0.006218840781291113,color_battery_amoled_B.csv,True,True,train,0.23285309970378876,0.17307601869106293,0.0063317203894257545,False,0,0.0016541456088909612,5.890636210037492e-05,0.00011287960813464136,0.0006086438597086592
1,144,137,91,163,0.08879264648561487,0.06215688219613969,0.1654826452181342,color_battery_amoled_B.csv,True,True,train,0.08829990029335022,0.060204386711120605,0.17055708169937134,False,0,0.0004927461922646509,0.001952495485019086,0.005074436481237149,0.0025065593861736284
1,145,32,242,117,0.12143665408892389,0.3009273603418304,0.08523702760503295,color_battery_amoled_B.csv,True,True,train,0.11851328611373901,0.2927367091178894,0.08539789170026779,False,0,0.0029233679751848735,0.00819065122394097,0.00016086409523484446,0.0037582944314535627
1,146,18,85,251,0.07817258520534354,0.049267537943427156,0.43305738563836466,color_battery_amoled_B.csv,True,True,train,0.07338978350162506,0.04432419687509537,0.4233853816986084,False,0,0.004782801703718476,0.0049433410683317885,0.009672003939756257,0.0064660489039355075
1,147,132,252,45,0.1643714830168817,0.34587896303818244,0.025531486114793014,color_battery_amoled_B.csv,True,True,train,0.16147460043430328,0.33169180154800415,0.025324638932943344,False,0,0.0028968825825784195,0.01418716149017829,0.00020684718184967033,0.005763630418202127
1,148,233,44,151,0.22959244878283538,0.11599301631234389,0.1318708130864907,color_battery_amoled_B.csv,True,True,train,0.22491072118282318,0.11405755579471588,0.13495565950870514,False,0,0.004681727600012203,0.0019354605176280099,0.0030848464222144323,0.003234011513284882
1,150,255,0,0,0.28415761738426654,0.14122009411148187,0.00010767726857962111,color_battery_amoled_B.csv,True,True,train,0.2650274634361267,0.1263946294784546,0.0,True,1,0.019130153948139828,0.01482546463302728,0.00010767726857962111,0.011354431949915577
1,151,0,255,255,0.1731920030077353,0.32022470061699737,0.4149679295009404,color_battery_amoled_B.csv,True,True,train,0.16145645081996918,0.3123835027217865,0.42131778597831726,False,0,0.011735552187766118,0.007841197895210872,0.006349856477376847,0.008642202186784612
1,152,255,255,255,0.3463023327583676,0.3773349926398105,0.37899846795011244,color_battery_amoled_B.csv,True,True,train,0.3505610525608063,0.3771093785762787,0.38982170820236206,False,0,0.004258719802438693,0.00022561406353183155,0.010823240252249622,0.005102524706073382
1,153,100,0,0,0.03099942479646822,0.015362846154574445,1.3667385155550363e-05,color_battery_amoled_B.csv,True,True,train,0.02376081794500351,0.0099005913361907,0.0019161568488925695,False,0,0.007238606851464709,0.005462254818383744,0.001902489463737019,0.004867783711195158
1,154,0,100,0,0.01565405717678713,0.04132171026522823,0.0023318537719260036,color_battery_amoled_B.csv,True,True,train,0.011571042239665985,0.03209784999489784,0.0031522405333817005,False,0,0.004083014937121144,0.00922386027033039,0.0008203867614556969,0.004709087322969077
1,155,0,0,100,0.009658825137094412,0.004387008886950577,0.05790220051286162,color_battery_amoled_B.csv,True,True,train,0.008969362825155258,0.004500576760619879,0.050536397844552994,False,0,0.0006894623119391534,0.00011356787366930202,0.007365802668308628,0.0027229442846390278
1,156,168,162,189,0.15397891293907556,0.15110660909870846,0.22913111239625333,color_battery_amoled_B.csv,True,True,train,0.15369576215744019,0.1493798792362213,0.23150059580802917,False,0,0.0002831507816353773,0.0017267298624871474,0.002369483411775841,0.0014597880186327887
1,157,173,175,211,0.17219059716995264,0.1722836155974716,0.29232384803625033,color_battery_amoled_B.csv,True,True,train,0.17281129956245422,0.17272554337978363,0.2899954915046692,False,0,0.0006207023925015875,0.00044192778231202934,0.002328356531581144,0.001130328902131587
2,0,0,0,0,5.0112384095037125e-05,3.116396077268534e-05,2.903012847929e-06,color_battery_amoled_B.csv,True,True,train,0.0,0.0005435252096503973,0.0021726160775870085,True,1,5.0112384095037125e-05,0.000512361248877712,0.0021697130647390793,0.0009107288992372762
2,1,255,255,255,0.3455006445518301,0.377069658397514,0.37875470015800844,color_battery_amoled_B.csv,True,True,train,0.3505610525608063,0.3771093785762787,0.38982170820236206,False,0,0.005060408008976169,3.9720178764690584e-05,0.011067008044353621,0.005389045410698161
2,2,11,115,212,0.06611846791769485,0.0636744856112817,0.30789645526336473,color_battery_amoled_B.csv,True,True,train,0.06213759258389473,0.057032905519008636,0.3109497129917145,False,0,0.003980875333800121,0.006641580092273058,0.0030532577283497453,0.004558571051474308
2,3,157,218,2,0.15991802345006056,0.2660158481560526,0.013072676710867348,color_battery_amoled_B.csv,True,True,train,0.16090255975723267,0.2669089734554291,0.007594603579491377,False,0,0.0009845363071721014,0.0008931252993764627,0.005478073131375971,0.0024519115793081784
2,4,242,14,183,0.25446336462417496,0.12506058227124864,0.20570169197329455,color_battery_amoled_B.csv,True,True,train,0.24615272879600525,0.11590880155563354,0.21251673996448517,False,0,0.00831063582816971,0.009151780715615093,0.00681504799119062,0.008092488178325141
2,5,101,163,110,0.07644773193055421,0.12635037911689997,0.06992127411925006,color_battery_amoled_B.csv,True,True,train,0.07639110088348389,0.1269475221633911,0.0710340067744255,False,0,5.6631047070321294e-05,0.0005971430464911387,0.0011127326551754468,0.0005888355829123023
2,7,202,139,237,0.2043149181502892,0.14355986391538986,0.3690454654884599,color_battery_amoled_B.csv,True,True,train,0.20551373064517975,0.14296671748161316,0.36050519347190857,False,0,0.0011988124948905388,0.0005931464337766978,0.008540272016551331,0.0034440769817395225
2,8,164,93,84,0.10548476791594774,0.07420627482482028,0.0371519495610228,color_battery_amoled_B.csv,True,True,train,0.10796988010406494,0.07361289113759995,0.03700926899909973,False,0,0.0024851121881172,0.0005933836872203391,0.00014268056192306977,0.0010737254790868696
2,9,51,244,130,0.12775034456861759,0.30491640849026475,0.10447963189262383,color_battery_amoled_B.csv,True,True,train,0.12545055150985718,0.2962856888771057,0.1069459468126297,False,0,0.0022997930587604076,0.008630719613159032,0.0024663149200058743,0.004465609197308438
2,10,36,29,67,0.0072872784489296525,0.005038232049950135,0.022930948628781797,color_battery_amoled_B.csv,True,True,train,0.007759161293506622,0.00765638193115592,0.021206170320510864,False,0,0.00047188284457696985,0.0026181498812057847,0.0017247783082709328,0.001604937011351229
2,11,178,180,147,0.16643756362113288,0.18617821419257213,0.12869578959097788,color_battery_amoled_B.csv,True,True,train,0.16732734441757202,0.18681934475898743,0.13078708946704865,False,0,0.0008897807964391435,0.0006411305664152933,0.0020912998760707624,0.0012074037463083998
2,12,220,100,46,0.19940428968084775,0.12365276994619293,0.01033536911368517,color_battery_amoled_B.csv,True,True,train,0.20199377834796906,0.12398369610309601,0.011952022090554237,False,0,0.0025894886671213035,0.000330926156903083,0.001616652976869068,0.0015123559336311515
2,13,75,202,248,0.1326516846192218,0.19023197890786828,0.4082368280128302,color_battery_amoled_B.csv,True,True,train,0.13455811142921448,0.1986488699913025,0.40144985914230347,False,0,0.0019064268099926729,0.008416891083434214,0.006786968870526711,0.005703428921317866
2,14,115,76,174,0.07088251618692366,0.04580210071674781,0.19376263077044809,color_battery_amoled_B.csv,True,True,train,0.07050314545631409,0.04506003111600876,0.20077607035636902,False,0,0.0003793707306095767,0.0007420696007390537,0.007013439585920933,0.0027116266390898544
2,15,229,229,120,0.2818962199560028,0.32979667093033005,0.08178842500325086,color_battery_amoled_B.csv,True,True,train,0.27545493841171265,0.3243712782859802,0.083509162068367,False,0,0.006441281544290134,0.005425392644349825,0.0017207370651161485,0.004529137084585369
2,16,139,50,194,0.09545980036095417,0.04953181478906282,0.24792901588133667,color_battery_amoled_B.csv,True,True,train,0.09559130668640137,0.04900061711668968,0.2540278732776642,False,0,0.00013150632544720042,0.0005311976723731404,0.006098857396327512,0.0022538537980492843
2,17,29,155,21,0.040784763076877804,0.1056256220740099,0.007584237036061189,color_battery_amoled_B.csv,True,True,train,0.041186925023794174,0.10808595269918442,0.008662903681397438,False,0,0.0004021619469163698,0.00246033062517452,0.0010786666453362487,0.0013137197391423795
2,18,17,60,154,0.028636684156627894,0.020913258908841475,0.1492742762034537,color_battery_amoled_B.csv,True,True,train,0.029338810592889786,0.01987549103796482,0.15455655753612518,False,0,0.000702126436261892,0.001037767870876654,0.0052822813326714735,0.0023407252132700064
2,19,134,149,76,0.0897775975717169,0.11597804703783732,0.032658077030925145,color_battery_amoled_B.csv,True,True,train,0.09012016654014587,0.1152922734618187,0.03399064019322395,False,0,0.00034256896842897733,0.0006857735760186223,0.0013325631622988082,0.0007869685689154693
2,20,232,66,246,0.24515332679444596,0.12449831400759792,0.3900258344359351,color_battery_amoled_B.csv,True,True,train,0.24679133296012878,0.124982088804245,0.38696643710136414,False,0,0.001638006165682826,0.000483774796647074,0.0030593973345709458,0.001727059432300282
2,21,126,235,32,0.14244677583597745,0.2952217949755346,0.018807844363500574,color_battery_amoled_B.csv,True,True,train,0.14206714928150177,0.2917727530002594,0.01869504526257515,False,0,0.0003796265544756816,0.00344904197527518,0.0001127991009254245,0.001313822543558762
2,22,71,109,118,0.039645807104384416,0.05218281905613026,0.08011776908467289,color_battery_amoled_B.csv,True,True,train,0.039102379232645035,0.050146497786045074,0.08141913264989853,False,0,0.0005434278717393812,0.002036321270085184,0.001301363565225644,0.001293704235683403
2,23,208,196,160,0.22395818820623808,0.23481824549856056,0.15375206330612654,color_battery_amoled_B.csv,True,True,train,0.22285662591457367,0.23531430959701538,0.1559230238199234,False,0,0.0011015622916644152,0.0004960640984548181,0.0021709605137968657,0.0012561956346386998
2,24,191,19,27,0.13612336309122688,0.06795924815402392,0.002591454250082087,color_battery_amoled_B.csv,True,True,train,0.14662308990955353,0.07098610699176788,0.00215352326631546,False,0,0.010499726818326643,0.003026858837743965,0.00043793098376662676,0.004654838879945745
2,25,41,186,203,0.098454477040671,0.15936879237743473,0.27711696370952627,color_battery_amoled_B.csv,True,True,train,0.09867137670516968,0.1631656140089035,0.27951475977897644,False,0,0.00021689966449867093,0.003796821631468772,0.0023977960694501754,0.002137172455139206
2,26,63,83,12,0.018747698051484917,0.028521243509121122,0.0018859998188854735,color_battery_amoled_B.csv,True,True,train,0.014675159007310867,0.023395715281367302,0.005950994323939085,False,0,0.00407253904417405,0.00512552822775382,0.0040649945050536115,0.004421020592327161
2,27,169,250,218,0.22140402017015723,0.3299366558889983,0.30717089288916327,color_battery_amoled_B.csv,True,True,train,0.2201004922389984,0.322297602891922,0.30612242221832275,False,0,0.0013035279311588155,0.00763905299707629,0.0010484706708405178,0.003330350533025208
2,29,81,133,182,0.07123962169748656,0.0826236606460138,0.21549168152997544,color_battery_amoled_B.csv,True,True,train,0.07096412777900696,0.08071856945753098,0.22205914556980133,False,0,0.0002754939184795996,0.0019050911884828242,0.006567464039825888,0.0029160163822627705
2,30,104,4,223,0.0812290669396698,0.03769298530484413,0.34420409948462427,color_battery_amoled_B.csv,True,True,train,0.07518897950649261,0.029362503439188004,0.3433827757835388,False,0,0.006040087433177188,0.008330481865656124,0.0008213237010854524,0.005063964333306255
2,31,254,169,55,0.297030721433903,0.23507463720482344,0.017925552909894723,color_battery_amoled_B.csv,True,True,train,0.28390195965766907,0.2345271110534668,0.019345436245203018,False,0,0.013128761776233955,0.0005475261513566421,0.0014198833353082953,0.005032057087632964
2,32,144,125,140,0.0991406671138966,0.09116158049550434,0.11585939223590624,color_battery_amoled_B.csv,True,True,train,0.09846203029155731,0.08887380361557007,0.11868130415678024,False,0,0.0006786368223392902,0.0022877768799342696,0.0028219119208739984,0.0019294418743825194
2,33,7,212,90,0.08788132305526357,0.22288897688120599,0.05224022583725065,color_battery_amoled_B.csv,True,True,train,0.08742089569568634,0.2250613421201706,0.047788772732019424,False,0,0.00046042735957722847,0.0021723652389646075,0.0044514531052312276,0.002361415234591021
2,34,2,11,40,0.001398132565486358,0.0008926707323333153,0.007528878375067366,color_battery_amoled_B.csv,True,True,train,0.002245847135782242,0.00323069398291409,0.006508657708764076,False,0,0.0008477145702958837,0.0023380232505807747,0.00102022066630329,0.001401986162393316
2,35,151,162,254,0.1563497287531205,0.1424402305953802,0.4232326649566055,color_battery_amoled_B.csv,True,True,train,0.15641255676746368,0.14371231198310852,0.41137194633483887,False,0,6.28280143431803e-05,0.00127208138772833,0.01186071862176663,0.004398542674612714
2,36,249,117,69,0.2682913579470961,0.16718295042631287,0.022213644001572184,color_battery_amoled_B.csv,True,True,train,0.25609320402145386,0.16317534446716309,0.02493102476000786,False,0,0.012198153925642219,0.004007605959149785,0.0027173807584356738,0.006307713547742559
2,37,112,219,146,0.12937615692302515,0.2421289307893431,0.13118051385593982,color_battery_amoled_B.csv,True,True,train,0.12994353473186493,0.24206824600696564,0.13430538773536682,False,0,0.0005673778088397807,6.0684782377473656e-05,0.0031248738794270037,0.001250978823548086
2,38,86,90,196,0.06659878814445856,0.049002767352207224,0.25633177811118063,color_battery_amoled_B.csv,True,True,train,0.0654502660036087,0.04695193096995354,0.26294711232185364,False,0,0.0011485221408498586,0.0020508363822536874,0.006615334210673007,0.0032715642445921844
2,39,192,243,19,0.22612896836260643,0.347832295236694,0.017235736813574595,color_battery_amoled_B.csv,True,True,train,0.22941350936889648,0.3431514799594879,0.01241767406463623,False,0,0.0032845410062900537,0.004680815277206096,0.004818062748938364,0.004261139677478171
2,40,173,37,168,0.12591371071900934,0.06310405635948949,0.17523257469730674,color_battery_amoled_B.csv,True,True,train,0.12844882905483246,0.06339086592197418,0.18029390275478363,False,0,0.002535118335823122,0.0002868095624846967,0.005061328057476888,0.002627751985261569
2,41,56,141,126,0.049946402944908756,0.08652930174601049,0.09350559750097703,color_battery_amoled_B.csv,True,True,train,0.05038965493440628,0.0855787917971611,0.09526274353265762,False,0,0.00044325198949752426,0.0009505099488493901,0.0017571460316805898,0.0010503026566758347
2,43,183,204,105,0.1828177788017497,0.23779365733652488,0.06363377810608187,color_battery_amoled_B.csv,True,True,train,0.18609699606895447,0.24145321547985077,0.06430964171886444,False,0,0.0032792172672047593,0.003659558143325886,0.0006758636127825735,0.002538213007771073
2,44,213,28,210,0.20145485715807265,0.09851815476853136,0.28787978396339153,color_battery_amoled_B.csv,True,True,train,0.20321741700172424,0.09575340151786804,0.29071253538131714,False,0,0.00176255984365159,0.0027647532506633182,0.0028327514179256053,0.0024533548374135045
2,45,64,178,4,0.06255003881004383,0.1487133574169022,0.008279354697179537,color_battery_amoled_B.csv,True,True,train,0.06137382611632347,0.15401482582092285,0.007913077250123024,False,0,0.0011762126937203549,0.005301468404020654,0.00036627744705651326,0.002281319514932507
2,46,121,52,82,0.05138480653330803,0.031201604323700068,0.03538671282002584,color_battery_amoled_B.csv,True,True,train,0.0511949323117733,0.031776681542396545,0.03440846875309944,False,0,0.00018987422153472766,0.0005750772186964778,0.000978244066926398,0.0005810651690525345
2,47,239,157,132,0.2619739319304281,0.2001375739604014,0.09543488161731105,color_battery_amoled_B.csv,True,True,train,0.2513265609741211,0.19610445201396942,0.09882443398237228,False,0,0.010647370956307023,0.004033121946431989,0.0033895523650612353,0.006023348422600082
2,48,129,74,62,0.05939525592013348,0.04264246756389677,0.01930981844053003,color_battery_amoled_B.csv,True,True,train,0.0600544773042202,0.04203115403652191,0.020913273096084595,False,0,0.0006592213840867223,0.0006113135273748613,0.0016034546555545662,0.0009579965223387166
2,49,24,226,232,0.1397600457127499,0.2460920628409823,0.3608132934480126,color_battery_amoled_B.csv,True,True,train,0.13575588166713715,0.2483772486448288,0.3598853051662445,False,0,0.00400416404561274,0.0022851858038464845,0.0009279882817680996,0.002405779377075775
2,50,26,68,102,0.01610309939712413,0.01896815328446973,0.058197613330378636,color_battery_amoled_B.csv,True,True,train,0.017153248190879822,0.018874676898121834,0.056289367377758026,False,0,0.0010501487937556904,9.34763863478967e-05,0.0019082459526206103,0.0010172903775747325
2,51,140,236,176,0.1714946169300229,0.2906087467253438,0.19578809332445354,color_battery_amoled_B.csv,True,True,train,0.17039166390895844,0.28461140394210815,0.20001491904258728,False,0,0.0011029530210644733,0.00599734278323566,0.0042268257181337365,0.0037757071741446233
2,52,225,58,10,0.20497901356483386,0.10842838577922327,0.0005967213676836726,color_battery_amoled_B.csv,True,True,train,0.20930181443691254,0.10904800146818161,0.0,True,1,0.004322800872078675,0.0006196156889583387,0.0005967213676836726,0.0018463793095735619
2,53,116,147,220,0.10951984550065756,0.10960981649699955,0.32713754444878207,color_battery_amoled_B.csv,True,True,train,0.1089649498462677,0.1086793914437294,0.32425186038017273,False,0,0.0005548956543898614,0.0009304250532701508,0.00288568406860934,0.001457001592089784
2,54,77,22,138,0.03338217791791824,0.016289930802561896,0.11432476231526542,color_battery_amoled_B.csv,True,True,train,0.03126956894993782,0.016220083460211754,0.11735182255506516,False,0,0.00211260896798042,6.984734235014264e-05,0.0030270602397997337,0.0017365055167100987
2,55,219,188,92,0.23282911967786554,0.2325993718300719,0.04746000237967793,color_battery_amoled_B.csv,True,True,train,0.23243407905101776,0.23612618446350098,0.04779861867427826,False,0,0.0003950406268477813,0.0035268126334290772,0.00033861629460033016,0.0014201565182923963
2,56,181,107,229,0.1633823706066844,0.10157912277841726,0.35025855849676146,color_battery_amoled_B.csv,True,True,train,0.16543921828269958,0.10140323638916016,0.34428003430366516,False,0,0.002056847676015189,0.00017588638925709887,0.005978524193096302,0.0027370860861228633
2,57,36,194,49,0.06908169469073235,0.17802190203694726,0.020462533168834042,color_battery_amoled_B.csv,True,True,train,0.07245233654975891,0.1870887279510498,0.020094286650419235,False,0,0.0033706418590265658,0.009066825914102544,0.00036824651841480677,0.004268571430514639
2,58,54,43,240,0.07169475647695679,0.034702645733821855,0.3996732373401943,color_battery_amoled_B.csv,True,True,train,0.06930312514305115,0.03324328735470772,0.39466363191604614,False,0,0.0023916313339056444,0.0014593583791141368,0.005009605424148134,0.002953531712389305
2,59,163,131,38,0.11256218344442316,0.10705750303520181,0.009328888247966734,color_battery_amoled_B.csv,True,True,train,0.11592650413513184,0.10690011084079742,0.011881973594427109,False,0,0.003364320690708675,0.00015739219440438768,0.0025530853464603744,0.0020249327438578123
2,60,205,84,156,0.17764245198164227,0.10203177930208819,0.14445026611406805,color_battery_amoled_B.csv,True,True,train,0.17909865081310272,0.10216526687145233,0.14830757677555084,False,0,0.001456198831460448,0.00013348756936414075,0.003857310661482788,0.0018156656874357923
2,61,91,253,74,0.14226570828554327,0.33889851677397814,0.0413233912890242,color_battery_amoled_B.csv,True,True,train,0.1374863237142563,0.3238101303577423,0.04213889688253403,False,0,0.004779384571286988,0.015088386416235833,0.0008155055935098257,0.006894425527010882
2,62,98,123,29,0.04764241049401214,0.06984756303726171,0.006416866004591709,color_battery_amoled_B.csv,True,True,train,0.04513711854815483,0.0668235644698143,0.01036854274570942,False,0,0.002505291945857309,0.0030239985674474085,0.00395167674111771,0.003160322418140809
2,63,243,209,201,0.3008404624478267,0.28351498219278654,0.2512430945994682,color_battery_amoled_B.csv,True,True,train,0.2929915487766266,0.28129902482032776,0.2523740828037262,False,0,0.007848913671200108,0.0022159573724587767,0.0011309882042579988,0.0037319530826389613
2,64,154,5,112,0.08979604087174622,0.044150977670105195,0.0686834776273367,color_battery_amoled_B.csv,True,True,train,0.08896951377391815,0.041030652821063995,0.06564818322658539,False,0,0.0008265270978280725,0.003120324849041199,0.003035294400751315,0.002327382115873529
2,65,12,172,166,0.07402988026819728,0.13538701771635114,0.17641321486104658,color_battery_amoled_B.csv,True,True,train,0.0725434273481369,0.1343855857849121,0.18070851266384125,False,0,0.0014864529200603743,0.001001431931439034,0.0042952978027946676,0.002261060884764692
2,66,15,39,122,0.016129040405841375,0.01039391435007105,0.08652139290608937,color_battery_amoled_B.csv,True,True,train,0.017379654571413994,0.011766880750656128,0.08661622554063797,False,0,0.0012506141655726187,0.0013729664005850788,9.483263454859725e-05,0.0009061377335687649
2,67,153,143,171,0.12394160762979897,0.1175852550957876,0.18332785798724413,color_battery_amoled_B.csv,True,True,train,0.12260748445987701,0.11482571065425873,0.18739941716194153,False,0,0.001334123169921958,0.0027595444415288717,0.004071559174697398,0.002721742262049409
2,68,246,88,22,0.25605209955359703,0.14499087614780945,0.0024623521582594434,color_battery_amoled_B.csv,True,True,train,0.2484564483165741,0.1406935453414917,0.003153366968035698,False,0,0.007595651237022938,0.004297330806317751,0.0006910148097762545,0.004194665617705648
2,69,97,241,192,0.15339366155851963,0.2917421332749135,0.23913783899986904,color_battery_amoled_B.csv,True,True,train,0.15226298570632935,0.286978155374527,0.24475456774234772,False,0,0.0011306758521902882,0.004763977900386518,0.005616728742478677,0.0038371274983518278
2,70,88,119,150,0.0588087981343393,0.06684423533425518,0.13861036972818053,color_battery_amoled_B.csv,True,True,train,0.057450901716947556,0.06440336257219315,0.14269904792308807,False,0,0.0013578964173917435,0.002440872762062035,0.004088678194907547,0.0026291491247871085
2,71,206,221,64,0.22980492068220476,0.29571480306265957,0.02871943816305878,color_battery_amoled_B.csv,True,True,train,0.23378488421440125,0.29872018098831177,0.029074737802147865,False,0,0.003979963532196484,0.0030053779256521973,0.00035529963908908363,0.0024468803656459218
2,72,160,9,249,0.13827274632290062,0.06529356473070695,0.4181683845043639,color_battery_amoled_B.csv,True,True,train,0.13653789460659027,0.05770685523748398,0.40835022926330566,False,0,0.0017348517163103538,0.007586709493222973,0.009818155241058224,0.006379905483530517
2,73,55,160,45,0.04905617182300039,0.11430429193797721,0.014929235394915003,color_battery_amoled_B.csv,True,True,train,0.04995949938893318,0.11748196929693222,0.016789602115750313,False,0,0.0009033275659327891,0.0031776773589550084,0.0018603667208353103,0.001980457215241036
2,74,32,72,236,0.06950951201340547,0.040574718952188296,0.38708833907238416,color_battery_amoled_B.csv,True,True,train,0.06694991886615753,0.03796280175447464,0.38269782066345215,False,0,0.002559593147247935,0.0026119171977136563,0.004390518408932009,0.0031873429179645335
2,75,182,224,58,0.19459706221873904,0.2884016619189845,0.02673928704912918,color_battery_amoled_B.csv,True,True,train,0.19912630319595337,0.2901260256767273,0.026790600270032883,False,0,0.004529240977214327,0.0017243637577428195,5.131322090370233e-05,0.002101639318620283
2,76,216,54,128,0.19109218673313988,0.09946854743292999,0.08913187330065893,color_battery_amoled_B.csv,True,True,train,0.19220978021621704,0.10086516290903091,0.0907917469739914,False,0,0.0011175934830771617,0.0013966154761009264,0.0016598736733324654,0.0013913608775035179
2,77,79,159,87,0.06006615464602935,0.11542847812123828,0.044777009733141845,color_battery_amoled_B.csv,True,True,train,0.06042486056685448,0.11683931946754456,0.0442352294921875,False,0,0.0003587059208251253,0.0014108413463062713,0.0005417802409543454,0.0007704425026952474
2,78,119,26,1,0.04412026664577163,0.023007320151741912,9.310882001745535e-05,color_battery_amoled_B.csv,True,True,train,0.04226258769631386,0.020724181085824966,0.002187478356063366,False,0,0.0018576789494577708,0.0022831390659169455,0.002094369536045911,0.0020783958504735425
2,79,225,176,214,0.2530587525967902,0.20932209195400847,0.29343124973667045,color_battery_amoled_B.csv,True,True,train,0.24911484122276306,0.20812194049358368,0.2912381589412689,False,0,0.003943911374027165,0.001200151460424792,0.002193090795401531,0.002445717876617829
2,80,143,103,108,0.08547588177949224,0.06978864274018451,0.06418412860551104,color_battery_amoled_B.csv,True,True,train,0.08542890846729279,0.06799239665269852,0.0649821013212204,False,0,4.6973312199452555e-05,0.001796246087485992,0.0007979727157093608,0.0008803973717982685
2,81,25,206,186,0.10518418795547961,0.20154289546355625,0.22677919693552162,color_battery_amoled_B.csv,True,True,train,0.10477316379547119,0.20476505160331726,0.232349693775177,False,0,0.0004110241600084191,0.003222156139761012,0.005570496839655381,0.003067892379808271
2,82,21,105,52,0.01841338611198162,0.04220293838142474,0.015585652796312967,color_battery_amoled_B.csv,True,True,train,0.018508201465010643,0.0394064225256443,0.01531657762825489,False,0,9.481535302902425e-05,0.002796515855780439,0.0002690751680580767,0.00105346879228918
2,83,130,192,226,0.1445461513973254,0.18243055638138375,0.34144502606631283,color_battery_amoled_B.csv,True,True,train,0.14578676223754883,0.18636299669742584,0.33614638447761536,False,0,0.0012406108402234217,0.003932440316042091,0.0052986415886974725,0.003490564248320995
2,84,236,24,88,0.23023499332368977,0.11476522675103307,0.03747882714734765,color_battery_amoled_B.csv,True,True,train,0.22592811286449432,0.11259346455335617,0.03460109978914261,False,0,0.004306880459195445,0.0021717621976768964,0.0028777273582050386,0.0031187900050257933
2,85,122,190,142,0.11245798507790332,0.17947580311487468,0.12210775775981329,color_battery_amoled_B.csv,True,True,train,0.11381867527961731,0.18201515078544617,0.12480911612510681,False,0,0.0013606902017139905,0.0025393476705714846,0.0027013583652935186,0.002200465412526331
2,86,67,56,215,0.06284937095465684,0.03413815072022081,0.31764477736588853,color_battery_amoled_B.csv,True,True,train,0.06219226494431496,0.03336773067712784,0.3213934600353241,False,0,0.0006571060103418846,0.0007704200430929745,0.0037486826694355657,0.0017254029076234749
2,87,212,145,15,0.19702515941071705,0.16147918800753,0.005119900021029804,color_battery_amoled_B.csv,True,True,train,0.20156043767929077,0.1636127233505249,0.003938042093068361,False,0,0.0045352782685737225,0.0021335353429949022,0.0011818579279614426,0.002616890513176689
2,88,187,70,180,0.1514209120933383,0.08259584291536502,0.20391970352935315,color_battery_amoled_B.csv,True,True,train,0.15452800691127777,0.08362201601266861,0.20948240160942078,False,0,0.003107094817939471,0.001026173097303587,0.005562698080067624,0.0032319886651035606
2,89,45,238,98,0.11571855294448023,0.29003436320286335,0.06147386756052729,color_battery_amoled_B.csv,True,True,train,0.1146424263715744,0.2852671444416046,0.06100430712103844,False,0,0.0010761265729058306,0.00476721876125874,0.00046956043948885584,0.002104301924551142
2,90,59,7,162,0.03504509876976581,0.016175201700353484,0.16718757217511268,color_battery_amoled_B.csv,True,True,train,0.032522596418857574,0.013498466461896896,0.17453449964523315,False,0,0.002522502350908236,0.0026767352384565873,0.007346927470120473,0.004182055019828432
2,91,173,174,116,0.1515316815041919,0.17385623559010266,0.07604351606182096,color_battery_amoled_B.csv,True,True,train,0.1534138321876526,0.17533063888549805,0.07742534577846527,False,0,0.001882150683460676,0.0014744032953953878,0.0013818297166443144,0.0015794612318334594
2,92,194,121,206,0.17836712676486216,0.11977595102487103,0.27639003477259083,color_battery_amoled_B.csv,True,True,train,0.17964684963226318,0.11876802891492844,0.2770465612411499,False,0,0.001279722867401023,0.0010079221099425911,0.000656526468559071,0.0009813904819675617
2,93,85,207,24,0.09232055663380112,0.21227595602011387,0.013382766634066281,color_battery_amoled_B.csv,True,True,train,0.09293708205223083,0.2193707823753357,0.014245191588997841,False,0,0.0006165254184297142,0.007094826355221823,0.0008624249549315597,0.0028579255761943655
2,95,250,255,152,0.3415766666293288,0.40830300862624164,0.13449322604987807,color_battery_amoled_B.csv,True,True,train,0.3282100260257721,0.38989487290382385,0.1376282125711441,False,0,0.01336664060355669,0.018408135722417784,0.0031349865212660366,0.011636587615746838
2,96,148,41,35,0.07503588734275307,0.04041411361541233,0.005386598952229737,color_battery_amoled_B.csv,True,True,train,0.07868577539920807,0.041676126420497894,0.007298941258341074,False,0,0.0036498880564549974,0.0012620128050855675,0.0019123423061113368,0.002274747722550634
2,98,6,94,134,0.029092477084794996,0.03816081362636195,0.10783636078917168,color_battery_amoled_B.csv,True,True,train,0.027995776385068893,0.032761961221694946,0.1090390533208847,False,0,0.0010967006997261025,0.005398852404667004,0.001202692531713026,0.0025660818787020443
2,99,147,246,81,0.17425336085413468,0.331240425245378,0.045382782082664726,color_battery_amoled_B.csv,True,True,train,0.1723196804523468,0.3198689818382263,0.04574444890022278,False,0,0.001933680401787874,0.011371443407151682,0.0003616668175580526,0.004555596875499203
2,100,253,32,234,0.2792013236226881,0.13698112762571785,0.3513349973111889,color_battery_amoled_B.csv,True,True,train,0.2784809172153473,0.13316166400909424,0.35343343019485474,False,0,0.0007204064073408345,0.0038194636166236084,0.002098432883665846,0.002212767635876763
2,101,108,137,60,0.06153004989084846,0.0897466587715613,0.020866746885786887,color_battery_amoled_B.csv,True,True,train,0.06062475964426994,0.08840714395046234,0.02315843477845192,False,0,0.0009052902465785176,0.0013395148210989527,0.0022916878926650328,0.0015121643201141677
2,102,82,16,106,0.027843128630339723,0.013707113168846563,0.062459144463422864,color_battery_amoled_B.csv,True,True,train,0.024718213826417923,0.013439977541565895,0.06059793010354042,False,0,0.0031249148039218,0.0002671356272806683,0.0018612143598824432,0.0017510882636949706
2,103,196,165,188,0.19318798989243785,0.17235483736615714,0.2234952148158722,color_battery_amoled_B.csv,True,True,train,0.1930122673511505,0.17119643092155457,0.2255183458328247,False,0,0.00017572254128733755,0.0011584064446025777,0.0020231310169525063,0.0011190866676141404
2,104,169,113,7,0.11458443159051132,0.09285063038388257,0.002613525738173407,color_battery_amoled_B.csv,True,True,train,0.11871424317359924,0.09097521752119064,0.0029124715365469456,False,0,0.004129811583087922,0.0018754128626919248,0.0002989457983735384,0.002101390081384462
2,106,42,48,16,0.006750115950045667,0.008857157871648154,0.0013412442500429441,color_battery_amoled_B.csv,True,True,train,0.004835997708141804,0.007798435632139444,0.005322870332747698,False,0,0.0019141182419038635,0.0010587222395087095,0.003981626082704754,0.0023181555213724423
2,107,187,153,198,0.176981565937968,0.14972011541998384,0.2529146843871536,color_battery_amoled_B.csv,True,True,train,0.17727339267730713,0.14799973368644714,0.2538740038871765,False,0,0.0002918267393391405,0.0017203817335366967,0.000959319500022926,0.0009905093242995877
2,108,210,78,125,0.18083361737519793,0.10188844128178773,0.08488570434746393,color_battery_amoled_B.csv,True,True,train,0.18271604180335999,0.10328279435634613,0.08673063665628433,False,0,0.001882424428162055,0.001394353074558402,0.0018449323088204073,0.0017072366038469549
2,109,68,231,169,0.12764307615505358,0.26521390546305074,0.1820627751148833,color_battery_amoled_B.csv,True,True,train,0.12759140133857727,0.2635459899902344,0.18773657083511353,False,0,5.1674816476304786e-05,0.0016679154728163614,0.005673795720230218,0.0024644620031742948
2,110,125,98,251,0.11273085772583434,0.07079575725094775,0.42547480355250733,color_battery_amoled_B.csv,True,True,train,0.11265435814857483,0.07086098194122314,0.41309645771980286,False,0,7.649957725951173e-05,6.522469027539501e-05,0.012378345832704474,0.004173356700079793
2,111,235,199,42,0.27099599245616757,0.27019149071662424,0.01562998690492347,color_battery_amoled_B.csv,True,True,train,0.2690824866294861,0.2765040695667267,0.015360474586486816,False,0,0.001913505826681483,0.006312578850102446,0.00026951231843665505,0.002831865665073528
2,112,133,31,144,0.07250508695733478,0.03646908377033524,0.12427168932326799,color_battery_amoled_B.csv,True,True,train,0.0719706118106842,0.036294594407081604,0.12710341811180115,False,0,0.0005344751466505732,0.0001744893632536354,0.002831728788533161,0.0011802310994791232
2,113,20,182,70,0.060397872465655485,0.15336242758630508,0.03117853893889677,color_battery_amoled_B.csv,True,True,train,0.06312879920005798,0.15960970520973206,0.029513239860534668,False,0,0.0027309267344024987,0.006247277623426972,0.0016652990783621036,0.003547834478730525
2,114,30,17,200,0.04626411340962399,0.021054193985661974,0.27209534377397626,color_battery_amoled_B.csv,True,True,train,0.04503282904624939,0.018357839435338974,0.2820092439651489,False,0,0.0012312843633746004,0.0026963545503230005,0.009913900191172664,0.004613846368290088
2,115,136,184,30,0.10923258760984937,0.1757312381588076,0.011383931578245429,color_battery_amoled_B.csv,True,True,train,0.1118982583284378,0.181290403008461,0.013246698305010796,False,0,0.0026656707185884337,0.0055591648496534085,0.0018627667267653667,0.003362534098335736
2,116,229,111,164,0.23049360397329963,0.14104832808180806,0.1595041343915563,color_battery_amoled_B.csv,True,True,train,0.2248346358537674,0.13814765214920044,0.16451075673103333,False,0,0.005658968119532232,0.0029006759326076215,0.005006622339477018,0.004522088797205624
2,118,73,64,37,0.019156681153167036,0.01951997985635103,0.006703082406948198,color_battery_amoled_B.csv,True,True,train,0.01699036918580532,0.01795247569680214,0.010335590690374374,False,0,0.0021663119673617157,0.0015675041595488923,0.003632508283426176,0.0024554414701122612
2,119,223,233,241,0.286007324376018,0.31431123591853,0.36179737113397265,color_battery_amoled_B.csv,True,True,train,0.28493815660476685,0.31212905049324036,0.3602338135242462,False,0,0.001069167771251156,0.00218218542528964,0.0015635576097264292,0.0016049702687557417
2,120,177,62,72,0.1171822449903881,0.0661136973848131,0.02516106981119033,color_battery_amoled_B.csv,True,True,train,0.12348641455173492,0.06921973824501038,0.02529844269156456,False,0,0.0063041695613468285,0.003106040860197279,0.00013737288037422857,0.003182527767306112
2,121,40,150,158,0.060467387654297725,0.09973444865362367,0.15754655456163072,color_battery_amoled_B.csv,True,True,train,0.06083518639206886,0.09827478229999542,0.16164962947368622,False,0,0.00036779873777113836,0.00145966635362825,0.004103074912055499,0.001976846667818296
2,122,50,127,94,0.035973516335283236,0.06700949380726068,0.05015289090931269,color_battery_amoled_B.csv,True,True,train,0.03621108457446098,0.06598188728094101,0.0491330549120903,False,0,0.00023756823917774755,0.0010276065263196688,0.0010198359972223917,0.000761670254239936
2,123,167,214,136,0.17333030391770807,0.25038569753533657,0.10976938002879828,color_battery_amoled_B.csv,True,True,train,0.17425449192523956,0.2503451704978943,0.11178784817457199,False,0,0.0009241880075314957,4.052703744228392e-05,0.002018468145773708,0.0009943943969158292
2,124,201,2,50,0.1575332065399054,0.07808431832742413,0.011236552778943766,color_battery_amoled_B.csv,True,True,train,0.16330014169216156,0.0771164521574974,0.007711344864219427,False,0,0.005766935152256153,0.0009678661699267233,0.0035252079147243386,0.0034200030789690718
2,125,95,168,228,0.11206939774825853,0.1341276791712616,0.35266425821706304,color_battery_amoled_B.csv,True,True,train,0.11182095110416412,0.13612832129001617,0.3473460376262665,False,0,0.0002484466440944022,0.0020006421187545864,0.005318220590796563,0.002522436451215184
2,126,102,46,178,0.06074783286553305,0.03212454011764828,0.20501005859350258,color_battery_amoled_B.csv,True,True,train,0.05965128913521767,0.03181465342640877,0.21350042521953583,False,0,0.001096543730315383,0.00030988669123951235,0.008490366626033252,0.0032989323491960493
2,127,239,135,100,0.25205985225964794,0.17381388645401613,0.050924947598624475,color_battery_amoled_B.csv,True,True,train,0.2425580620765686,0.17059236764907837,0.05307377502322197,False,0,0.00950179018307934,0.003221518804937762,0.002148827424597495,0.004957378804204865
2,128,158,81,221,0.1288377352741356,0.07343484943220467,0.329190373710985,color_battery_amoled_B.csv,True,True,train,0.129535511136055,0.0728360265493393,0.3269156813621521,False,0,0.0006977758619193808,0.0005988228828653769,0.002274692348832874,0.0011904303645392106
2,129,8,248,9,0.12118127948288675,0.32933974464063037,0.018833473443325685,color_battery_amoled_B.csv,True,True,train,0.11280795931816101,0.31618162989616394,0.012563653290271759,False,0,0.008373320164725737,0.013158114744466431,0.006269820153053926,0.009267085020748697
2,130,10,27,180,0.03603733513351361,0.017160017044895566,0.2139716922812947,color_battery_amoled_B.csv,True,True,train,0.0356362909078598,0.015551798045635223,0.22455887496471405,False,0,0.0004010442256538044,0.0016082189992603427,0.01058718268341935,0.004198815302777832
2,131,159,179,100,0.13531200452661338,0.175447681840993,0.057043112646878065,color_battery_amoled_B.csv,True,True,train,0.13710781931877136,0.17784889042377472,0.05781405419111252,False,0,0.0017958147921579848,0.0024012085827817276,0.0007709415442344533,0.0016559883063913886
2,132,241,100,217,0.2606662844368767,0.14580211212888602,0.30210107769904365,color_battery_amoled_B.csv,True,True,train,0.25582432746887207,0.1435081958770752,0.3034352958202362,False,0,0.004841956968004657,0.002293916251810829,0.0013342181211925541,0.0028233637803360134
2,133,104,205,15,0.10010091864000123,0.21129980739737775,0.011891562590256694,color_battery_amoled_B.csv,True,True,train,0.10059906542301178,0.21790726482868195,0.011656858026981354,False,0,0.0004981467830105502,0.006607457431304198,0.00023470456327534008,0.0024467695925300295
2,134,94,75,89,0.03703663629862487,0.03190913461205064,0.043357602331095875,color_battery_amoled_B.csv,True,True,train,0.035118360072374344,0.030768420547246933,0.04257053881883621,False,0,0.0019182762262505287,0.001140714064803705,0.0007870635122596628,0.0012820179344379655
2,135,200,225,143,0.22846573797130898,0.2956477086937473,0.1203918502270095,color_battery_amoled_B.csv,True,True,train,0.22797442972660065,0.292167991399765,0.12270694971084595,False,0,0.0004913082447083328,0.0034797172939822762,0.002315099483836444,0.0020953750075090177
2,136,165,53,53,0.09823571868984914,0.05461933445309083,0.013406875255759785,color_battery_amoled_B.csv,True,True,train,0.1039876937866211,0.05697332322597504,0.014048874378204346,False,0,0.005751975096771958,0.0023539887728842093,0.0006419991224445604,0.002915987664033576
2,137,48,156,227,0.09238173125089504,0.11186837277032827,0.3522546276827559,color_battery_amoled_B.csv,True,True,train,0.09109854698181152,0.11182309687137604,0.34912946820259094,False,0,0.0012831842690835121,4.52758989522295e-05,0.003125159480164952,0.0014845398827335644
2,138,38,116,35,0.022972249512272502,0.05291209840710248,0.008053147134829974,color_battery_amoled_B.csv,True,True,train,0.022571122273802757,0.05087364837527275,0.010659806430339813,False,0,0.0004011272384697451,0.0020384500318297305,0.0026066592955098396,0.0016820788552697717
2,139,175,220,245,0.21098673496521103,0.25617378289661336,0.3858862503451358,color_battery_amoled_B.csv,True,True,train,0.21300405263900757,0.25853589177131653,0.37927135825157166,False,0,0.002017317673796537,0.0023621088747031727,0.00661489209356414,0.00366477288068795
2,140,221,10,79,0.19694004763933665,0.09773658553591624,0.029525234097081972,color_battery_amoled_B.csv,True,True,train,0.1986391842365265,0.09617087244987488,0.025591090321540833,False,0,0.0016991365971898431,0.0015657130860413648,0.003934143775541139,0.002399664486257449
2,141,72,163,153,0.07311693863562374,0.12133459043154148,0.14621223058247876,color_battery_amoled_B.csv,True,True,train,0.07386457920074463,0.12205777317285538,0.14952528476715088,False,0,0.0007476405651208884,0.0007231827413139019,0.0033130541846721207,0.0015946258303689703
2,142,113,38,207,0.07893592347880783,0.03877391730358921,0.2900506636336159,color_battery_amoled_B.csv,True,True,train,0.07759346067905426,0.03747627139091492,0.29472920298576355,False,0,0.0013424627997535715,0.0012976459126742904,0.004678539352147626,0.002439549354858496
2,143,231,140,26,0.23443567708252677,0.17292933850060774,0.006054576802400674,color_battery_amoled_B.csv,True,True,train,0.23285309970378876,0.17307601869106293,0.0063317203894257545,False,0,0.0015825773787380149,0.00014668019045518954,0.0002771435870250801,0.0006688003854060948
2,144,137,91,163,0.08884932848682037,0.06224785358149725,0.16515781397165508,color_battery_amoled_B.csv,True,True,train,0.08829990029335022,0.060204386711120605,0.17055708169937134,False,0,0.0005494281934701473,0.0020434668703766465,0.0053992677277162615,0.002664054263854352
2,145,32,242,117,0.12127119014252827,0.3009622326200573,0.08465973335021143,color_battery_amoled_B.csv,True,True,train,0.11851328611373901,0.2927367091178894,0.08539789170026779,False,0,0.0027579040287892542,0.008225523502167875,0.0007381583500563615,0.003907195293671163
2,146,18,85,251,0.07828132615071781,0.049509051913169344,0.4327368946803795,color_battery_amoled_B.csv,True,True,train,0.07338978350162506,0.04432419687509537,0.4233853816986084,False,0,0.0048915426490927505,0.005184855038073977,0.009351512981771115,0.006475970222979281
2,147,132,252,45,0.16496190240500078,0.3461300027851682,0.025904236362191604,color_battery_amoled_B.csv,True,True,train,0.16147460043430328,0.33169180154800415,0.025324638932943344,False,0,0.003487301970697493,0.01443820123716405,0.0005795974292482596,0.006168366879036601
2,148,233,44,151,0.22975133690486219,0.1159212918973788,0.1320894988451649,color_battery_amoled_B.csv,True,True,train,0.22491072118282318,0.11405755579471588,0.13495565950870514,False,0,0.0048406157220390045,0.0018637361026629246,0.0028661606635402292,0.0031901708294140526
2,150,255,0,0,0.284108631297698,0.14126168576923648,0.00010961453560468277,color_battery_amoled_B.csv,True,True,train,0.2650274634361267,0.1263946294784546,0.0,True,1,0.01908116786157127,0.014867056290781888,0.00010961453560468277,0.011352612895985945
2,151,0,255,255,0.1733728507995899,0.3200737616406245,0.41487157808247543,color_battery_amoled_B.csv,True,True,train,0.16145645081996918,0.3123835027217865,0.42131778597831726,False,0,0.011916399979620712,0.007690258918838011,0.006446207895841827,0.008684288931433517
2,152,255,255,255,0.34577382077102914,0.37717262039341726,0.37876504011953244,color_battery_amoled_B.csv,True,True,train,0.3505610525608063,0.3771093785762787,0.38982170820236206,False,0,0.0047872317897771355,6.324181713857069e-05,0.011056668082829624,0.005302380563248443
2,153,100,0,0,0.03103663248258197,0.015379371189814342,1.4277924573065699e-05,color_battery_amoled_B.csv,True,True,train,0.02376081794500351,0.0099005913361907,0.0019161568488925695,False,0,0.007275814537578459,0.005478779853623642,0.0019018789243195038,0.004885491105173868
2,154,0,100,0,0.015645146693090972,0.0413033831010159,0.0023345860987279273,color_battery_amoled_B.csv,True,True,train,0.011571042239665985,0.03209784999489784,0.0031522405333817005,False,0,0.004074104453424987,0.00920553310611806,0.0008176544346537732,0.00469909733139894
2,155,0,0,100,0.00965182517871481,0.004381817336458517,0.05789775360863256,color_battery_amoled_B.csv,True,True,train,0.008969362825155258,0.004500576760619879,0.050536397844552994,False,0,0.0006824623535595514,0.00011875942416136182,0.0073613557640795635,0.002720859180600159
2,156,168,162,189,0.15417589334399948,0.1512293250807864,0.22902037751128662,color_battery_amoled_B.csv,True,True,train,0.15369576215744019,0.1493798792362213,0.23150059580802917,False,0,0.00048013118655929055,0.0018494458445650896,0.0024802182967425535,0.0016032651092889778
2,157,173,175,211,0.1722394349662373,0.1723976074482854,0.29235654996891836,color_battery_amoled_B.csv,True,True,train,0.17281129956245422,0.17272554337978363,0.2899954915046692,False,0,0.0005718645962169144,0.0003279359314982411,0.002361058464249166,0.0010869529973214405
