path_s,fit_u,fit_v
0.0,2.324913856842974,55.90018497714729
0.0569184183348341,2.2680427839446358,55.90250605731202
0.11383688392748317,2.211168129497162,55.904738859789184
0.17075544403534657,2.1542899833133955,55.9068833810529
0.22767414591499086,2.0974084352116926,55.90893961771668
0.28459303682173415,2.040523575015781,55.91090756653343
0.34151216400922796,1.983635492554622,55.91278722439551
0.39843157472904617,1.92674427766226,55.91457858833465
0.4553513162302633,1.8698500201776904,55.91628165552207
0.5122714357590417,1.812952809944711,55.91789642326839
0.5691919805582133,1.7560527368117835,55.91942288902366
0.6261129978668668,1.6991498906318898,55.9208610503774
0.683034534919929,1.6422443612623907,55.92221090505854
0.7399566389477492,1.585336238564885,55.92347245093548
0.7968793571756859,1.5284256124050655,55.92464568601607
0.8538027368236868,1.4715125726525802,55.925730608447616
0.9107268251058785,1.414597209180886,55.92672721651687
0.9676516692301462,1.3576796118671117,55.927635508650056
1.024577316397722,1.3007598705919117,55.928455483412854
1.0815038138027673,1.243838075239327,55.92918713951041
1.138431208631959,1.1869143156966415,55.92983047578734
1.1953595480640733,1.129988681854242,55.93038549122773
1.2522888792695706,1.0730612636054755,55.93085218495514
1.3092192494101837,1.0161321508465047,55.93123055623259
1.366150705638501,0.9592014334761687,55.931520604462584
1.4230832950975496,0.9022692013958427,55.931722329187096
1.480017064920388,0.8453355445092898,55.93183573008757
1.5369520622296835,0.7884005527225275,55.93186080698493
1.5938883341373042,0.7314643159436789,55.93179755983958
1.6508259277439035,0.6745269240828333,55.9316459887514
1.7077648901385074,0.6175884670519034,55.93140609395973
1.7647052683980975,0.5606490347644866,55.931077875843414
1.8216471095872044,0.5037087171357166,55.930661334920735
1.8785904607574886,0.4467676040821278,55.93015647184948
1.9355353689473302,0.38982578552151015,55.9295632874269
1.9924818811814178,0.33288335137276714,55.92888178258969
2.049430044470333,0.2759403915557752,55.92811195841407
2.106379905810141,0.21899699599124034,55.92725381611568
2.1633315121819794,0.16205325460055597,55.926307357049645
2.2202849105516433,0.10510925730566312,55.92527258271055
2.277240147869176,0.04816509402890645,55.92414949473246
2.3341972710684606,-0.008779145307109104,55.92293809488887
2.391156327066803,-0.06572337077965518,55.92163838509275
2.448117362764528,-0.12266749246602826,55.92025036739652
2.505080425044564,-0.17961142044368605,55.91877404399206
2.562045560772039,-0.23655506479039579,55.91720941721066
2.619012816793863,-0.2934983355843688,55.91555648952309
2.675982239938326,-0.35044114290440875,55.91381526353957
2.732953877014686,-0.40738339683005,55.9119857420097
2.7899277748127584,-0.4643250074417007,55.91006792782257
2.846903980102513,-0.5212658848207865,55.90806182400666
2.9038825396336616,-0.5782059390498895,55.905967433729884
2.9608635001352512,-0.6351450802128915,55.903784760299565
3.0178469083152573,-0.6920832183951169,55.901513807162445
3.074832810860178,-0.749020263683474,55.89915457790467
3.131821254434623,-0.8059561261665951,55.896707076251786
3.1888122856809162,-0.8628907159349839,55.894171306068735
3.24580595121868,-0.9198239430811501,55.89154727135983
3.3028022976444364,-0.9767557176997581,55.8888349762688
3.3598013715311974,-1.0336859498877633,55.88603442507872
3.416803219428067,-1.09061454974456,55.883145622212034
3.473807887859829,-1.147541427372118,55.880168572230566
3.5308154233265467,-1.204466492875126,55.87710327983549
3.5878258723031626,-1.2613896563611369,55.87394974986731
3.6448392812390913,-1.318310827940706,55.87070798730588
3.701855696557815,-1.3752299177275322,55.867377997270395
3.75887516465649,-1.4321468358386054,55.863959785019354
3.8158977319055336,-1.4890614923943413,55.86045335595058
3.8729234446482317,-1.5459737975187293,55.85685871560122
3.9299523492003345,-1.602883661339471,55.85317586964768
3.986984491849656,-1.659790993988124,55.849404823905694
4.044019918855676,-1.7166957056002414,55.845545584330246
4.101058676449138,-1.7735977063155177,55.841598157015596
4.15810081083165,-1.8304969062779257,55.837562548195294
4.215146368175292,-1.8873932156358628,55.833438764242096
4.272195394622209,-1.9442865445422894,55.829226811668036
4.329247936284221,-2.001176803154875,55.82492669712435
4.386304039242423,-2.058063901636135,55.820538427401516
4.443363749546788,-2.1149477501535756,55.81606200942919
4.500427113215772,-2.171828258879836,55.81149745027626
4.557494176235918,-2.228705337992829,55.80684475715081
4.614564984561464,-2.2855788976758844,55.80210393740005
4.671639584113943,-2.3424488481178853,55.797274998510375
4.728718020781796,-2.3993150995134207,55.79235794810736
4.78580034041997,-2.456177562062915,55.78735279395569
4.8428865888495345,-2.5130361459727806,55.78225954395919
4.899976811857285,-2.5698907614555497,55.77707820616079
4.957071055195351,-2.626741318730027,55.77180878874254
5.014169364580808,-2.683587728021421,55.76645130002556
5.071271785695281,-2.740429899561493,55.76100574847006
5.12837836418456,-2.797267743588695,55.7554721426753
5.185489145658211,-2.8541011703483123,55.74985049137962
5.242604175689183,-2.9109300900926067,55.744140803460354
5.299723499813426,-2.9677544130809586,55.738343087933885
5.356847163529497,-3.024574049580003,55.7324573539556
5.413975212298178,-3.0813889098637817,55.72648361081988
5.471107691542086,-3.1381989042138714,55.720421867960084
5.528244646645295,-3.1950039429195396,55.71427213494851
5.585386122952939,-3.2518039362778755,55.70803442149644
5.642532165770841,-3.3085987945939372,55.70170873745407
5.699682820365114,-3.3653884281808906,55.69529509281054
5.756838131961795,-3.422172747360151,55.68879349769383
5.813998145746451,-3.4789516624615304,55.682203962370885
5.871162906863798,-3.5357250838233694,55.67552649724747
5.928332460417332,-3.5924929217926893,55.66876111286819
5.9855068514689265,-3.649255086725322,55.661907819916536
6.042686125038472,-3.7060114889860625,55.6549666292148
6.099870326103494,-3.7627620389488055,55.64793755172404
6.157059499598766,-3.8195066469966856,55.640820598544146
6.214253690415939,-3.876245223522221,55.63361578091376
6.271452943403164,-3.9329776789274558,55.626323110210265
6.32865730336471,-3.989703923624097,55.6189425979498
6.385866815060601,-4.0464238680336635,55.61147425578717
6.443081523206228,-4.103137422587621,55.603918095515944
6.500301472471978,-4.159844497727523,55.596274129068306
6.557526707482874,-4.2165450039051615,55.58854236851512
6.614757272818178,-4.273238851582695,55.58072282606591
6.671993213011037,-4.329925951232799,55.57281551406879
6.729234572548114,-4.3866062133388075,55.56482044501048
6.786481395869205,-4.443279548394852,55.556737631516306
6.843733727366876,-4.499945866905994,55.548567086350104
6.900991611386098,-4.5566050793883885,55.540308822414296
6.958255092223865,-4.613257096369401,55.531962852749814
7.01552421412885,-4.669901828387767,55.52352919053607
7.072799021301012,-4.72653918599372,55.51500784909098
7.1300795578912535,-4.783169079749143,55.5063988418709
7.187365868001041,-4.839791420227704,55.49770218247061
7.24465799568204,-4.896406118014999,55.48891788462336
7.301955984935766,-4.953013083708692,55.48004596220073
7.3592598797132105,-5.009612227918659,55.47108642921269
7.416569723914471,-5.06620346126712,55.462039299807586
7.473885561388417,-5.122786694388801,55.452904588272055
7.5312074359323,-5.179361837931049,55.44368230903107
7.588535391291416,-5.235928802553991,55.434372476647845
7.645869471158735,-5.292487498930669,55.42497510582389
7.703209719174544,-5.349037837747179,55.41549021139895
7.7605561789261,-5.4055797297028185,55.405917808350935
7.817908893947265,-5.462113085510225,55.396257911796
7.875267907718147,-5.518637815895509,55.38651053698843
7.932633263664759,-5.57515383159841,55.37667569932068
7.9900050051586575,-5.631661043372421,55.36675341432327
8.047383175516588,-5.688159361984944,55.35674369766487
8.104767818000136,-5.74464869821742,55.34664656515217
8.162158975815384,-5.80112896286548,55.336462032729926
8.219556692112539,-5.857600066739072,55.326190116480916
8.276961009985616,-5.9140619206626175,55.31583083262587
8.334371972472061,-5.970514435475146,55.30538419752354
8.391789622552412,-6.026957522030423,55.29485022767057
8.449214003149967,-6.083391091197118,55.28422893970156
8.506645157130418,-6.139815053858917,55.27352035038895
8.56408312730152,-6.196229320914686,55.26272447664307
8.621527956412741,-6.252633803278592,55.25184133551208
8.678979687154923,-6.309028411880265,55.24087094418195
8.73643836215993,-6.365413057664911,55.22981331997641
8.793904024000323,-6.421787651593485,55.21866848035698
8.85137671518901,-6.478152104642806,55.20743644292288
8.908856478178913,-6.53450632780571,55.19611722541101
8.966343355362621,-6.590850232091187,55.18471084569597
9.023837389072057,-6.64718372852452,55.17321732178999
9.081338621578139,-6.7035067281474285,55.16163667184293
9.138847095090462,-6.759819142018209,55.14996891414218
9.19636285175693,-6.816120881211874,55.13821406711276
9.253885933663462,-6.872411856820292,55.126372149317156
9.311416382833624,-6.92869197995233,55.11444317945538
9.368954241228316,-6.984961161733988,55.102427176364905
9.426499550745445,-7.0412193133085506,55.09032415902063
9.484052353219582,-7.097466345836716,55.07813414653489
9.541612690421648,-7.153702170496744,55.06585715815736
9.599180604058569,-7.2099266984845904,55.05349321327508
9.656756135772959,-7.2661398410140485,55.041042331412434
9.714339327142811,-7.3223415093168995,55.028504532231025
9.771930219681131,-7.378531614643033,55.01587983552978
9.829528854835655,-7.434710068260604,55.00316826124481
9.887135273988505,-7.4908767814561665,54.99036982944941
9.944749518455874,-7.5470316655348135,54.97748456035407
10.002371629487698,-7.603174631820318,54.96451247430639
10.06000164826735,-7.659305591655275,54.951453591791044
10.117639615911306,-7.715424456401232,54.9383079334298
10.175285573468834,-7.7715311374388465,54.92507551998146
10.232939561921688,-7.82762554616801,54.91175637234179
10.290601622183766,-7.883707594007993,54.89835051154357
10.348271795100825,-7.939777192397587,54.884857958756456
10.405950121450145,-7.995834252795245,54.87127873528705
10.46363664194023,-8.051878686679213,54.85761286257878
10.521331397210494,-8.107910405547685,54.843860362211935
10.579034427830933,-8.163929320918923,54.830021255903596
10.636745774301854,-8.219935344331422,54.816095565507595
10.694465477053521,-8.275928387344017,54.80208331301449
10.752193576445878,-8.331908361536055,54.78798452055157
10.809930112768244,-8.387875178507514,54.7737992103827
10.867675126238979,-8.443828749879154,54.759527404908475
10.92542865700521,-8.499768987292644,54.745169126666
10.98319074514252,-8.555695802410717,54.730724398328945
11.040961430654631,-8.611609106917296,54.716193242707526
11.09874075347312,-8.667508812517639,54.70157568274842
11.156528753457119,-8.723394830938485,54.68687174153474
11.214325470393002,-8.779267073928184,54.67208144228602
11.272130943994096,-8.835125453256834,54.657204808358166
11.32994521390039,-8.890969880716431,54.6422418632434
11.38776831967822,-8.946800268120999,54.62719263057027
11.445600300820006,-9.002616527306742,54.61205713410356
11.50344119674392,-9.058418570132162,54.59683539774429
11.56129104679362,-9.114206308478215,54.58152744552967
11.61914989023797,-9.169979654248456,54.566133301633016
11.677017766270701,-9.225738519369152,54.55065299036381
11.73489471401017,-9.281482815789442,54.535086536167555
11.792780772499057,-9.337212455481483,54.51943396362583
11.850675980704066,-9.392927350440559,54.503695297456154
11.908580377515642,-9.448627412685248,54.48787056251208
11.966494001747721,-9.50431255425755,54.47195978378296
12.024416892137381,-9.559982687223023,54.45596298639413
12.082349087344628,-9.615637723670934,54.4398801956067
12.140290625952058,-9.671277575714376,54.42371143681759
12.198241546464619,-9.726902155490434,54.40745673555949
12.256201887309302,-9.782511375160299,54.391116117500786
12.31417168683488,-9.838105146909424,54.37468960844554
12.372150983311638,-9.893683382947662,54.35817723433345
12.430139814931058,-9.949245995509383,54.34157902123982
12.488138219805597,-10.004792896853644,54.32489499537549
12.546146235968365,-10.060323999264297,54.30812518308681
12.6041639013729,-10.115839215050158,54.29126961085559
12.662191253892859,-10.17133845654513,54.2743283052991
12.720228331321746,-10.22682163610832,54.25730129316998
12.778275171372693,-10.28228866612423,54.240188601356174
12.836331811678114,-10.337739459002837,54.22299025688099
12.89439828978952,-10.393173927179777,54.205706286902945
12.95247464317718,-10.448591983116454,54.1883367187158
13.010560909229916,-10.503993539300193,54.17088157974846
13.068657125254806,-10.55937850824438,54.15334089756497
13.12676332847692,-10.614746802488582,54.13571469986447
13.184879556039082,-10.67009833459871,54.11800301448113
13.243005845001587,-10.72543301716714,54.100205869384126
13.301142232341956,-10.78075076281285,54.08232329267757
13.359288754954678,-10.836051484181576,54.06435531260049
13.417445449650934,-10.891335093945923,54.046301957526794
13.47561235315838,-10.946601504805532,54.028163255965175
13.533789502120857,-11.001850629487194,54.00993923655912
13.591976933098136,-11.057082380744994,53.991629928086866
13.650174682565718,-11.112296671360468,53.973235359461285
13.708382786914514,-11.167493414142708,53.95475555972991
13.766601282450639,-11.222672521928528,53.9361905580749
13.82483020539515,-11.277833907582579,53.9175403838129
13.883069591883809,-11.332977483997503,53.89880506639507
13.941319477966822,-11.388103164094076,53.87998463540706
13.999579899608598,-11.443210860821315,53.861079120568895
14.057850892687519,-11.498300487156648,53.842088551734946
14.116132492995677,-11.553371956106037,53.823012958893926
14.174424736238642,-11.608425180704113,53.803852372168805
14.23272765803523,-11.663460074014319,53.78460682181675
14.291041293917258,-11.718476549129052,53.76527633822912
14.349365679329287,-11.77347451916978,53.74586095193139
14.407700849628423,-11.828453897287206,53.726360693583096
14.466046840084049,-11.88341459666139,53.706775593977824
14.524403685877608,-11.938356530501885,53.687105684043104
14.58277142210236,-11.993279612047871,53.66735099484041
14.641150083763154,-12.048183754568313,53.64751155756511
14.699539705776214,-12.103068871362074,53.62758740354635
14.757940322968864,-12.157934875758059,53.60757856424713
14.816351970079362,-12.212781681115366,53.5874850712641
14.874774681756607,-12.267609200823395,53.567306956327656
14.933208492559972,-12.322417348302011,53.54704425130178
14.991653436959037,-12.37720603700167,53.52669698818406
15.050109549333392,-12.431975180403553,53.506265199105584
15.108576863972392,-12.486724692019706,53.485748916330955
15.167055415074953,-12.54145448539318,53.46514817225818
15.22554523674933,-12.596164474098156,53.44446299941864
15.284046363012889,-12.6508545717401,53.423693430477044
15.34255882779189,-12.705524691955876,53.40283949823139
15.401082664921283,-12.760174748413906,53.38190123561287
15.459617908144487,-12.814804654814292,53.36087867568586
15.518164591113157,-12.869414324888952,53.33977185164787
15.576722747387015,-12.924003672401767,53.318580796829416
15.635292410433571,-12.978572611148701,53.29730554469412
15.693873613627995,-13.033121054957956,53.27594612883846
15.75246639025284,-13.087648917690093,53.25450258299188
15.81107077349785,-13.142156113238169,53.2329749410167
15.869686796459785,-13.196642555527887,53.21136323690797
15.928314492142176,-13.251108158517717,53.18966750479353
15.986953893455139,-13.305552836199032,53.16788777893391
16.04560503321518,-13.359976502596266,53.146024093722254
16.104267944144958,-13.414379071767012,53.12407648368431
16.162942658873117,-13.468760457802187,53.10204498347837
16.221629209934093,-13.523120574826162,53.079929627895154
16.280327629767875,-13.577459336996895,53.05773045185785
16.33903795071984,-13.631776658506059,53.035447490421966
16.39776020504055,-13.686072453579191,53.013080778775354
16.456494424885562,-13.740346636475824,52.99063035223809
16.515240642315206,-13.794599121489606,52.968096246262476
16.57399888929443,-13.848829822948467,52.94547849643294
16.632769197692586,-13.903038655214715,52.92277713846598
16.691551599283247,-13.95722553268522,52.899992208210165
16.750346125744016,-14.011390369791496,52.877123741645995
16.809152808656336,-14.065533080999874,52.854171774885906
16.86797167950531,-14.119653580811619,52.83113634417417
16.926802769679508,-14.17375178376308,52.80801748588689
16.98564611047079,-14.227827604425812,52.784815236531905
17.044501733074117,-14.28188095740671,52.76152963274871
17.10336966858736,-14.33591175734815,52.738160711308495
17.16224994801115,-14.389919918928124,52.71470850911392
17.221142602248662,-14.443905356860377,52.69117306319926
17.280047662105456,-14.497867985894525,52.667554410730176
17.33896515828931,-14.551807720816223,52.64385258900376
17.397895121410016,-14.605724476447257,52.620067635448386
17.456837581979222,-14.65961816764572,52.596199587623786
17.515792570410262,-14.713488709306105,52.57224848322084
17.574760117017977,-14.767336016359483,52.54821436006162
17.63374025201855,-14.821160003773604,52.52409725609928
17.69273300552932,-14.874960586553044,52.49989720941803
17.751738407568624,-14.92873767973934,52.475614258233044
17.81075648805565,-14.982491198411122,52.451248440890396
17.86978727681021,-15.036221057684244,52.426799795867076
17.92883080355266,-15.089927172711924,52.4022683617708
17.98788709790367,-15.143609458684885,52.37765417734007
18.046956189384076,-15.19726783083146,52.35295728144402
18.106038107414722,-15.250902204417756,52.32817771308245
18.165132881316325,-15.30451249474778,52.303315511385655
18.22424054030927,-15.358098617163565,52.27837071561445
18.283361113513482,-15.41166048704531,52.25334336516009
18.34249462994826,-15.46519801981151,52.22823349954416
18.40164111853212,-15.51871113091909,52.203041158418564
18.46080060808264,-15.572199735863547,52.17776638156546
18.519973127316327,-15.625663750179077,52.15240920889716
18.57915870484842,-15.679103089438692,52.12696968045611
18.638357369192793,-15.732517669254399,52.10144783641479
18.697569148761755,-15.785907405277266,52.07584371707567
18.756794071865933,-15.839272213197624,52.05015736287117
18.81603216671412,-15.892612008745154,52.024388814363526
18.875283461413122,-15.94592670768904,51.99853811224481
18.9345479839676,-15.999216225838087,51.972605297336806
18.99382576227997,-16.05248047904088,51.94659041059096
19.05311682415021,-16.105719383185896,51.920493493088344
19.112421197275747,-16.15893285420163,51.89431458603953
19.1717389092513,-16.212120808056756,51.86805373078461
19.231069987568766,-16.26528316076023,51.84171096879304
19.290414459617036,-16.318419828361435,51.81528634166365
19.349772352681928,-16.37153072695033,51.78877989112452
19.40914369394598,-16.424615772657553,51.762191659032965
19.468528510488344,-16.47767488165457,51.73552168737544
19.52792682928468,-16.530707970153806,51.70877001826745
19.587338677206976,-16.583714954408777,51.681936693953546
19.646764081023445,-16.636695750714217,51.6550217568072
19.70620306739838,-16.689650275406215,51.62802524933078
19.765655662892055,-16.742578444862357,51.600947214155454
19.825121893960546,-16.79548017550183,51.57378769404114
19.884601786955663,-16.848355383785584,51.54654673187641
19.944095368124774,-16.901203986216448,51.51922437067848
20.00360266361071,-16.954025899339264,51.49182065359309
20.06312369945164,-17.006821039741023,51.464335623894435
20.122658501580936,-17.05958932405099,51.436769324985136
20.182207095827067,-17.112330668940846,51.409121800396136
20.24176950791345,-17.1650449911248,51.38139309378666
20.301345763458375,-17.217732207359745,51.35358324894411
20.360935887974865,-17.27039223444538,51.32569230978404
20.420539906870555,-17.323024989224336,51.29772032035003
20.480157845447568,-17.375630388582298,51.26966732481369
20.539789728902434,-17.428208349448166,51.241533367474524
20.59943558232596,-17.48075878879417,51.21331849275989
20.659095430703097,-17.53328162363598,51.18502274522491
20.71876929891286,-17.585776771032876,51.15664616955246
20.778457211728217,-17.638244148087857,51.128188810553
20.838159193815954,-17.690683671947774,51.0996507131646
20.897875269736588,-17.743095259803457,51.07103192245282
20.95760546394427,-17.795478828889856,51.04233248361061
21.017349800786654,-17.847834296486166,51.01355244195831
21.07710830450481,-17.90016157991596,50.98469184294355
21.13688099923312,-17.952460596547308,50.955750732141134
21.19666790899917,-18.004731263792934,50.92672915525305
21.256469057723656,-18.05697349911031,50.89762715810832
21.316284469220296,-18.10918722000182,50.86844478666295
21.37611416719569,-18.161372344014875,50.83918208699991
21.43595817524927,-18.213528788742032,50.809839105329
21.495816516873187,-18.265656471821156,50.78041588798677
21.555689215452198,-18.31775531093551,50.750912481436515
21.615576294263597,-18.369825223813923,50.72132893226814
21.67547777647713,-18.421866128230896,50.6916652871981
21.73539368515485,-18.473877942006734,50.66192159306935
21.795324043251103,-18.525860583007685,50.63209789685122
21.85526887361235,-18.577813969146057,50.60219424563944
21.91522819897719,-18.629738018380372,50.57221068665591
21.97520204197615,-18.681632648715468,50.542147267248794
22.035190425131695,-18.733497778202626,50.512004034892314
22.095193370858105,-18.78533332493975,50.48178103718676
22.155210901461363,-18.837139207071413,50.451478321858374
22.21524303913914,-18.888915342789073,50.42109593675927
22.275289805980652,-18.940661650331137,50.39063392986739
22.335351223966615,-18.992378047983124,50.36009234928638
22.395427314969133,-19.044064454077784,50.3294712432456
22.455518100751657,-19.095720786995223,50.29877066009993
22.515623602968898,-19.147346965163045,50.26799064832978
22.575743843166702,-19.198942907056466,50.23713125654101
22.635878842782056,-19.250508531198445,50.206192533464794
22.69602862314296,-19.30204375615984,50.17517452795761
22.75619320546836,-19.35354850055948,50.14407728900111
22.816372610868076,-19.40502268306434,50.112900865702095
22.87656686034276,-19.456466222389675,50.081645307292376
22.936775974783785,-19.50787903729911,50.050310663128755
22.996999974973196,-19.55926104660479,50.018896982692915
23.057238881583643,-19.610612169167506,49.987404315591334
23.117492715178305,-19.66193232389683,49.95583271155525
23.17776149621084,-19.713221429751236,49.92418222044052
23.238045245025308,-19.764479405738218,49.892452892227595
23.2983439818561,-19.815706170914442,49.86064477702143
23.35865772682791,-19.866901644385848,49.82875792505133
23.4189864999556,-19.918065745307793,49.796792386671044
23.479330321144253,-19.969198392885193,49.76474821235849
23.53968921018898,-20.020299506372595,49.732625452715816
23.600063186774996,-20.071369005074388,49.70042415846921
23.660452270477435,-20.122406808344845,49.668144380468945
23.720856480761405,-20.173412835588326,49.63578616968918
23.78127583698186,-20.224387006259338,49.603349577227945
23.841710358383555,-20.27532923986271,49.570834654307056
23.902160064101032,-20.326239455953704,49.538241452272004
23.962624973158523,-20.377117574138136,49.505570022591904
24.023105104469927,-20.427963514072523,49.47282041685941
24.08360047683874,-20.478777195464176,49.43999268679063
24.144111108958025,-20.529558538071353,49.407086884225
24.204637019410356,-20.5803074617034,49.374103061125304
24.265178226667746,-20.631023886220813,49.34104126957748
24.325734749091655,-20.68170773153546,49.30790156179062
24.386306604932887,-20.732358917610618,49.274683990096854
24.446893812331584,-20.78297736446115,49.24138860695125
24.507496389317176,-20.833562992153624,49.20801546493176
24.56811435380833,-20.884115720806435,49.17456461673913
24.62874772361289,-20.934635470589907,49.14103611519683
24.689396516427898,-20.98512216172648,49.107430013250934
24.750060749839484,-21.03557571449076,49.07374636397005
24.810740441322874,-21.085996049209708,49.03998522054527
24.871435608242322,-21.13638308626273,49.006146636290055
24.932146267851117,-21.18673674608182,48.972230664640136
24.992872437291492,-21.237056949151675,48.93823735915347
25.053614133594643,-21.287343616009828,48.90416677351011
25.11437137368064,-21.337596667246768,48.870018961512194
25.17514417435846,-21.387816023506065,48.83579397708374
25.235932552325888,-21.438001605484498,48.801491874270695
25.29673652416954,-21.48815333393219,48.767112707240756
25.3575561063648,-21.53827112965271,48.732656530283315
25.418391315275823,-21.58835491350323,48.69812339780938
25.47924216715545,-21.638404606394595,48.66351336435149
25.540108678145266,-21.68842012929153,48.6288264845636
25.6009908642755,-21.738401403212688,48.59406281322102
25.661888741465024,-21.788348349230823,48.55922240522037
25.722802325521346,-21.838260888472877,48.524305315579376
25.78373163214059,-21.888138942120154,48.48931159943689
25.84467667690741,-21.937982431408386,48.45424131205278
25.905637475295073,-21.987791277627903,48.419094508807795
25.966614042665327,-22.037565402123736,48.38387124520357
26.027606394268496,-22.087304726295752,48.34857157686242
26.088614545243363,-22.13700917159877,48.313195559527344
26.149638510617216,-22.186678659542686,48.2777432490619
26.210678305305795,-22.2363131116926,48.24221470145013
26.271733944113294,-22.28591244966893,48.206609972796464
26.332805441732344,-22.33547659514755,48.17092911932562
26.393892812744014,-22.385005469859927,48.135172197382545
26.45499607161776,-22.434498995593188,48.09933926343229
26.516115232711456,-22.48395709419031,48.063430374059955
26.57725031027135,-22.533379687550198,48.02744558597058
26.638401318432088,-22.58276669762784,47.99138495598904
26.699568271216656,-22.6321180464344,47.955248541060016
26.76075118253642,-22.681433656037363,47.919036398247826
26.82195006619109,-22.73071344856064,47.88274858473639
26.883164935868752,-22.779957346184734,47.84638515782911
26.944395805145795,-22.829165271146792,47.80994617494881
27.005642687486972,-22.878337145740794,47.77343169363762
27.06690559624534,-22.927472892317624,47.73684177155689
27.128184544662343,-22.976572433285245,47.70017646648708
27.189479545867684,-23.025635691108775,47.66343583632775
27.250790612879463,-23.074662588310638,47.62661993909733
27.312117758604053,-23.123653047470658,47.58972883293317
27.37346099583618,-23.17260699122623,47.552762576091375
27.434820337258913,-23.221524342272374,47.515721226946674
27.496195795443636,-23.270405023361935,47.478604843992436
27.557587382850077,-23.31924895730564,47.4414134858405
27.61899511182631,-23.36805606697225,47.40414721122108
27.68041899460874,-23.41682627528867,47.36680607898272
27.741859043322133,-23.46555950524009,47.32939014809217
27.80331526997963,-23.51425567987009,47.29189947763428
27.864787686482714,-23.562914722280762,47.25433412681195
27.92627630462125,-23.611536555632828,47.21669415494598
27.98778113607351,-23.660121103145794,47.17897962147504
28.049302192406124,-23.70866828809801,47.14119058595551
28.11083948507416,-23.757178033826857,47.10332710806145
28.172393025421083,-23.80565026372882,47.065389247584456
28.2339628246788,-23.854084901259625,47.02737706443359
28.295548893967684,-23.902481869934384,46.98929061863525
28.357151244296517,-23.950841093327664,46.95112997033317
28.418769886562583,-23.999162495073648,46.912895179788215
28.480404831551684,-24.04744599886627,46.87458630737832
28.542056089938075,-24.095691528459255,46.83620341359844
28.603723672284573,-24.14389900766635,46.7977465590604
28.665407589042534,-24.192068360361354,46.75921580449282
28.727107850551878,-24.240199510478295,46.72061121074101
28.78882446704108,-24.2882923820115,46.681932838766926
28.85055744862727,-24.336346899015776,46.64318074964896
28.912306805316167,-24.38436298560647,46.60435500458196
28.974072547002145,-24.432340565959638,46.5654556648771
29.035854683468262,-24.480279564312124,46.52648279196172
29.097653224386264,-24.528179904961714,46.487436447379324
29.159468179316622,-24.576041512267217,46.4483166927894
29.22129955770855,-24.62386431064864,46.4091235899674
29.283147368900046,-24.67164822458724,46.36985720080457
29.345011622117898,-24.71939317862571,46.3305175873079
29.406892326477735,-24.767099097368245,46.291104811600015
29.468789490984033,-24.814765905480684,46.25161893591906
29.530703124530163,-24.86239352769063,46.21206002261863
29.592633235898415,-24.909981888787577,46.17242813416765
29.65457983376002,-24.95753091362299,46.13272333315028
29.716542926675224,-25.00504052711048,46.09294568226581
29.77852252309324,-25.052510654225884,46.053095244328595
29.840518631352374,-25.099941220007388,46.0131720822679
29.902531259679975,-25.147332149555652,45.97317625912787
29.96456041619255,-25.194683368033935,45.93310783806734
30.026606108895738,-25.241994800668195,45.892966882359836
30.088668345684365,-25.289266372747228,45.852753455393405
30.150747134342495,-25.336498009622762,45.81246762067053
30.212842482543458,-25.383689636709597,45.772109441808055
30.274954397849896,-25.430841179485718,45.731678982537034
30.337082887713777,-25.477952563492398,45.691176306702694
30.399227959476466,-25.52502371433433,45.65060147826429
30.461389620368763,-25.572054557679746,45.609954561295005
30.523567877510924,-25.619045019260525,45.569235619981875
30.585762737912702,-25.66599502487231,45.528444718625686
30.64797420847346,-25.712904500374638,45.487581921640796
30.71020229598209,-25.75977337169104,45.44664729355517
30.77244700711718,-25.80660156480917,45.40564089901015
30.834708348446963,-25.85338900578092,45.36456280276046
30.89698632642944,-25.90013562072254,45.32341306967401
30.959280947412392,-25.946841335814742,45.28219176473184
31.02159221763342,-25.993506077302825,45.24089895302801
31.08392014321999,-26.04012977149679,45.199534699769515
31.14626473018951,-26.086712344771467,45.15809907027617
31.208625984449373,-26.1332537235666,45.11659212998047
31.271003911796996,-26.17975383438702,45.07501394442754
31.33339851791985,-26.226212603802686,45.033364579275016
31.395809808395573,-26.272629958448878,44.99164410029293
31.45823778869194,-26.319005825026238,44.94985257336363
31.520682464167017,-26.365340130300954,44.90799006448161
31.583143840069123,-26.411632801104833,44.8660566397535
31.64562192153692,-26.45788376433542,44.82405236539791
31.708116713599505,-26.50409294695615,44.78197730774531
31.77062822117639,-26.5502602759964,44.73983153323796
31.833156449077613,-26.596385678551655,44.6976151084298
31.895701402003798,-26.642469081783617,44.65532809998632
31.95826308454618,-26.688510412920298,44.61297057468448
32.02084150118668,-26.73450959925616,44.570542599412605
32.083436656297984,-26.78046656815219,44.52804424117023
32.146048554143555,-26.826381247036075,44.48547556706809
32.208677198877744,-26.872253563402264,44.442836644327926
32.27132259454584,-26.918083444812122,44.400127540282405
32.33398474508409,-26.96387081889399,44.35734832237505
32.396663654319816,-27.009615613343374,44.31449905816008
32.45935932597145,-27.055317755922978,44.27157981530233
32.52207176364862,-27.100977174462905,44.22859066157713
32.58480097085216,-27.14659379686068,44.18553166487025
32.64754695097426,-27.192167551081443,44.14240289317769
32.71030970729845,-27.237698365158007,44.099204414605694
32.77308924299973,-27.283186167191012,44.05593629737054
32.83588556114459,-27.328630885348996,44.0125986097985
32.89869866469111,-27.374032447868554,43.96919142032569
32.96152855648901,-27.419390783054425,43.925714797497996
33.02437523927971,-27.4647058192796,43.88216880997094
33.08723871569645,-27.509977484985452,43.83855352650958
33.15011898826429,-27.555205708681843,43.7948690159884
33.213016059400246,-27.600390418947242,43.7511153473912
33.275929931413316,-27.645531544428813,43.70729258981098
33.33886060650455,-27.690629013842557,43.6634008124499
33.40180808676718,-27.73568275597342,43.61944008461902
33.46477237418662,-27.780692699675388,43.575410475738366
33.527753470640604,-27.825658773871627,43.53131205533668
33.590751377899196,-27.87058090755455,43.487144893051386
33.653766097624924,-27.915459029786,43.44290905862847
33.71679763137281,-27.960293069697272,43.39860462192237
33.77984598059051,-28.005082956489314,43.3542316528958
33.84291114661829,-28.049828619432773,43.309790221619764
33.905993130689225,-28.094529987868146,43.26528039827333
33.96909193392916,-28.13918699120586,43.22070225314361
34.03220755735687,-28.18379955892642,43.17605585662555
34.09534000188412,-28.228367620580492,43.13134127922192
34.158489268315726,-28.27289110578903,43.08655859154314
34.22165535734964,-28.317369944243353,43.04170786430718
34.284838269577044,-28.361804065705325,42.996789168339475
34.34803800548244,-28.406193400007385,42.95180257457277
34.4112545654437,-28.450537877052728,42.90674815404702
34.47448794973218,-28.494837426815373,42.86162597790933
34.53773815851277,-28.539091979340274,42.81643611741376
34.60100519184402,-28.583301464743453,42.77117864392127
34.66428904967819,-28.627465813212105,42.72585362889959
34.72758973186135,-28.671584955004697,42.680461143923125
34.79090723813348,-28.715658820451075,42.63500126067277
34.854241568128515,-28.759687339952585,42.5894740509359
34.917592721374476,-28.80367044398221,42.543879586606195
34.98096069729351,-28.847608063084593,42.498217939683535
35.04434549520204,-28.89150012787626,42.45248918227391
35.10774711431079,-28.935346569045635,42.40669338658924
35.17116555372491,-28.97914731735321,42.36083062494737
35.23460081244408,-29.022902303631614,42.31490096977183
35.298052889362545,-29.066611458785776,42.26890449359184
35.361521783269254,-29.110274713792943,42.22284126904209
35.42500749284794,-29.153891999702896,42.17671136886272
35.4885100166772,-29.197463247637984,42.13051486589912
35.552029353230594,-29.240988388793244,42.084251833101895
35.61556550087674,-29.28446735443656,42.037922343526674
35.679118457879405,-29.3279000759087,41.99152647033405
35.7426882223976,-29.371286484623468,41.94506428678944
35.80627479248566,-29.4146265120678,41.89853586626297
35.869878166093365,-29.45792008980188,41.85194128222937
35.93349834106601,-29.501167149459246,41.80528060826785
35.99713531514454,-29.54436762274687,41.75855391806197
36.06078908596558,-29.587521441445325,41.71176128539957
36.124459651061585,-29.630628537408835,41.664902784172604
36.188147007860934,-29.673688842565408,41.61797848837703
36.251851153688015,-29.71670228891695,41.5709884721127
36.3155720857633,-29.75966880853936,41.523932809583314
36.3793098012035,-29.802588333582626,41.476811575096136
36.4430642970216,-29.845460796270974,41.42962484306205
36.50683557012701,-29.888286128902926,41.38237268799535
36.57062361732565,-29.931064263851436,41.33505518451362
36.63442843532003,-29.973795133563993,41.28767240733769
36.698250020709395,-30.016478670562723,41.240224431291395
36.76208836998976,-30.059114807444487,41.19271133130159
36.8259434795541,-30.101703476881013,41.14513318239792
36.88981534569235,-30.144244611618976,41.097490059712804
36.95370396459159,-30.18673814448012,41.04978203848124
37.017609332336136,-30.229184008361344,41.002009194040674
37.08153144490761,-30.271582136234855,40.95417160183097
37.14547029818507,-30.313932461148205,40.90626933739421
37.20942588794508,-30.35623491622446,40.85830247637462
37.2733982098619,-30.398489434662263,40.81027109451839
37.3373872595075,-30.44069594973598,40.762175267673655
37.40139303235168,-30.482854394795737,40.71401507179029
37.46541552376224,-30.524964703267607,40.665790582919804
37.52945472900502,-30.56702680865366,40.61750187721527
37.59351064324406,-30.609040644532097,40.56914903093111
37.657583261541646,-30.651006144557332,40.520732120423105
37.721672578858495,-30.69292324246011,40.47225122214813
37.78577859005378,-30.73479187204762,40.423706412664174
37.84990128988531,-30.77661196720358,40.375097768630106
37.91404067300961,-30.818383461888345,40.3264253668056
37.978196733982024,-30.86010629013903,40.27768928405103
38.04236946725683,-30.901780386069582,40.22888959732733
38.10655886718741,-30.943405683870935,40.18002638369585
38.170764928026216,-30.984982117811033,40.13109972031829
38.23498764392507,-31.02650962223505,40.08210968445651
38.299227008935105,-31.067988131565347,40.03305635347248
38.363483017007,-31.10941758030174,39.98393980482812
38.42775566199104,-31.150797903021438,39.934760116085116
38.49204493763722,-31.192129034379274,39.885517364904956
38.55635083759539,-31.233410909107754,39.83621162904864
38.620673355415356,-31.27464346201716,39.78684298637667
38.685012484546995,-31.31582662799567,39.737411514848866
38.749368218340365,-31.356960342009433,39.68791729252426
38.813740550045836,-31.398044539102713,39.638360397561
38.87812947281418,-31.43907915439794,39.58874090821618
38.942534979696724,-31.480064123095865,39.539058902845746
39.00695706364544,-31.52099938047561,39.48931445990436
39.071395717513056,-31.561884861894846,39.439507657945306
39.13585093405323,-31.602720502789804,39.389638575620296
39.20032270592058,-31.64350623867543,39.33970729167943
39.264811025670845,-31.684242005145485,39.28971388497104
39.32931588576105,-31.72492773787262,39.23965843444152
39.39383727854957,-31.765563372608522,39.189541019135255
39.458375196296245,-31.80614884518398,39.13936171819449
39.52292963116253,-31.846684091508983,39.0891206108592
39.5875005752116,-31.887169047572844,39.038817776466935
39.65208802040849,-31.9276036494443,38.98845329445274
39.71669195862018,-31.967987833271593,38.938027244349016
39.78131238161574,-32.00832153528258,38.887539705785386
39.84594928106649,-32.04860469178485,38.83699075848853
39.91060264854603,-32.0888372391658,38.78638048228216
39.97527247553044,-32.12901911389273,38.73570895708682
40.039958753398366,-32.16915025251298,38.684976262919754
40.10466147343119,-32.209230591654006,38.6341824798948
40.16938062681309,-32.249260068023496,38.5833276882223
40.234116204631206,-32.289238618409435,38.53241196820888
40.298868197875755,-32.32916617968023,38.48143540025743
40.363636597440134,-32.3690426887848,38.43039806486692
40.4284213941211,-32.40886808275272,38.37930004263225
40.493222578618855,-32.44864229869423,38.32814141424417
40.55804014153716,-32.48836527380045,38.27692226048916
40.62287407338351,-32.52803694534334,38.22564266224922
40.68772436456919,-32.56765725067594,38.17430270050187
40.7525910054095,-32.60722612723238,38.12290245631989
40.81747398612377,-32.64674351252799,38.0714420108713
40.882373296835596,-32.68620934415944,38.019921445419165
40.94728892757288,-32.725623559804774,37.968340841321485
41.01222086826802,-32.76498609722359,37.916700280031066
41.07716910875798,-32.80429689425705,37.864999843095426
41.1421336387845,-32.84355588882806,37.8132396121566
41.20711444799416,-32.882763018941276,37.76141966895104
41.27211152593852,-32.921918222683324,37.70954009530954
41.337124862074255,-32.961021438222765,37.657600973157024
41.40215444576334,-33.0000726038103,37.60560238451243
41.46720026627306,-33.0390716577788,37.55354441148864
41.53226231277627,-33.078018538543446,37.50142713629231
41.597340574351435,-33.116913184601785,37.44925064122372
41.662435039982824,-33.15575553453387,37.397015008676675
41.72754569856059,-33.194545527002326,37.34472032113838
41.79267253888094,-33.23328310075245,37.29236666118928
41.85781554964626,-33.27196819461234,37.239954111502946
41.922974719465245,-33.310600747492956,37.18748275484595
41.98815003685301,-33.34918069838822,37.134952674077745
42.05334149023126,-33.387707986375105,37.082363952150466
42.11854906792842,-33.42618255061378,37.029716672108904
42.18377275817975,-33.46460433034766,36.97701091709029
42.24901254912747,-33.5029732649035,36.92424677032421
42.31426842882095,-33.541289293691534,36.87142431513246
42.37954038521677,-33.57955235620549,36.8185436349289
42.44482840617895,-33.617762392022804,36.76560481321933
42.51013247947896,-33.655919340804594,36.712607933601404
42.57545259279598,-33.69402314229583,36.65955307976441
42.640788733716974,-33.73207373632542,36.606440335489204
42.70614088973682,-33.77007106280627,36.55326978464806
42.77150904825849,-33.80801506173542,36.500041511204536
42.836893196593124,-33.84590567319412,36.446755599213354
42.902293321960244,-33.88374283734791,36.39341213282023
42.96770941148785,-33.92152649444675,36.34001119626176
43.03314145221253,-33.9592565848251,36.286552873865354
43.09858943107968,-33.99693304890199,36.23303725004896
43.164053334943524,-34.03455582718113,36.17946440932109
43.22953315056741,-34.07212486025103,36.125834436280535
43.29502886462378,-34.10964008878505,36.07214741561638
43.36054046369446,-34.14710145354153,36.01840343210771
43.42606793427068,-34.184508895363855,35.96460257062366
43.4916112627533,-34.22186235518058,35.91074491612311
43.5571704354529,-34.259161774005484,35.856830553654646
43.62274543858996,-34.2964070929377,35.80285956835641
43.68833625829494,-34.333598253161774,35.74883204545596
43.753942880608506,-34.3707351959478,35.69474807027012
43.81956529148159,-34.40781786265146,35.640607728204884
43.88520347677561,-34.444846194714195,35.58641110475522
43.950857422262516,-34.48182013366317,35.53215828550502
44.01652711362506,-34.51873962111152,35.47784935612685
44.08221253645678,-34.55560459875832,35.42348440238197
44.1479136762623,-34.59241500838875,35.36906351012004
44.21363051845738,-34.629170791874145,35.31458676527908
44.27936304836906,-34.6658718911721,35.26005425388531
44.34511125123587,-34.70251824832658,35.20546606205299
44.4108751122079,-34.73910980546797,35.150822275984346
44.47665461634697,-34.77564650481322,35.096122981969366
44.5424497486268,-34.812128288665875,35.041368266385696
44.60826049393312,-34.84855509941625,34.98655821569853
44.67408683706384,-34.88492687954142,34.9316929164604
44.73992876272917,-34.92124357160537,34.876772455311105
44.80578625555181,-34.95750511825911,34.82179691897754
44.87165930006702,-34.99371146224069,34.7667663942736
44.93754788072285,-35.029862546375355,34.71168096809999
45.00345198188025,-35.065958313575614,34.65654072744411
45.06937158781318,-35.10199870684132,34.601345759379925
45.13530668270882,-35.13798366925977,34.54609615106782
45.20125725066768,-35.1739131440058,34.4907919897545
45.267223275703756,-35.209787074341854,34.43543336277275
45.333204741744716,-35.24560540361813,34.38002035754139
45.399201632631915,-35.28136807527256,34.32455306156516
45.46521393212075,-35.31707503283103,34.269031562434456
45.531241623880604,-35.35272621990737,34.21345594782533
45.597284691495155,-35.38832158020349,34.157826305499235
45.6633431184624,-35.423861057509455,34.10214272330299
45.7294168881949,-35.459344595703584,34.04640528916857
45.79550598401986,-35.494772138752516,33.99061409111299
45.86161038917933,-35.530143630711336,33.93476921723816
45.92773008683034,-35.56545901572363,33.878870755730766
45.99386506004501,-35.60071823802159,33.8229187948621
46.06001529181074,-35.63592124192608,33.766913422987955
46.12618076503038,-35.671067971846746,33.71085472854845
46.192361462522314,-35.70615837228212,33.654742800067915
46.258557367020664,-35.74119238781967,33.598577726154765
46.32476846117543,-35.77616996313588,33.542359595501296
46.39099472755266,-35.811091042996416,33.48608849688361
46.45723614863452,-35.845955572256095,33.42976451916146
46.52349270681957,-35.8807634958591,33.37338775127809
46.589764384422786,-35.915514758838945,33.31695828226012
46.65605116367582,-35.95020930631865,33.26047620121737
46.72235302672709,-35.984847083510786,33.20394159734278
46.788669955641964,-36.019428035717574,33.14735455991217
46.85500193240288,-36.053952108330975,33.090715178284235
46.92134893890953,-36.08841924683276,33.03402354190026
46.987710956979,-36.122829396794614,32.97727974028409
47.05408796834592,-36.157182503878225,32.92048386304194
47.12047995466261,-36.191478513835335,32.86363599986223
47.18688689749927,-36.22571737250786,32.80673624051552
47.25330877834409,-36.25989902582798,32.749784674854276
47.31974557860342,-36.29402341981819,32.69278139281281
47.38619727960194,-36.32809050059143,32.63572648440708
47.45266386258278,-36.3621002143511,32.57862003973457
47.51914530870772,-36.396052507391246,32.52146214897415
47.585641599057304,-36.42994732609655,32.464252902385944
47.65215271463102,-36.46378461694248,32.406992390311146
47.71867863634742,-36.497564326495315,32.349680703171934
47.78521934504435,-36.531286401412295,32.29231793147127
47.851774821479,-36.564950788441664,32.23490416579281
47.918345046328156,-36.59855743442275,32.17743949680073
47.984930000188314,-36.63210628628608,32.119924015239576
48.05152966357582,-36.66559729105344,32.06235781193415
48.11814401692705,-36.69903039583795,32.004740977789346
48.184773040598564,-36.73240554784418,31.94707360379
48.251416714867254,-36.76572269436821,31.88935578100078
48.318075019930525,-36.79898178279772,31.831587600565996
48.384747935906404,-36.83218276061207,31.773769153709498
48.451435442833734,-36.86532557538237,31.715900531734512
48.518137520672354,-36.89841017477161,31.657981826023466
48.58485414930318,-36.931436506534695,31.600013128037922
48.651585308528446,-36.96440451851852,31.541994529318355
48.718330978071776,-36.99731415866209,31.483926121484078
48.78509113757846,-37.03016537499663,31.425807996233
48.8518657666155,-37.06295811564555,31.367640245341583
48.91865484467179,-37.09569232882465,31.30942296066465
48.98545835115832,-37.12836796284213,31.251156234135255
49.05227626540833,-37.16098496609871,31.192840157764486
49.11910856667741,-37.193543287087685,31.134474823641394
49.18595523414372,-37.22604287439503,31.076060323932815
49.25281624690811,-37.258483676699456,31.01759675088322
49.31969158399431,-37.2908656427725,30.959084196814565
49.38658122434909,-37.32318872147865,30.900522754126165
49.453485146842354,-37.35545286177531,30.841912515294517
49.52040333026739,-37.38765801271302,30.783253572873207
49.587335753340994,-37.41980412343545,30.724546019492703
49.654282394703614,-37.4518911431795,30.665789947860233
49.721243232919505,-37.4839190212754,30.606985450759677
49.78821824647692,-37.515887707146724,30.54813262105136
49.85520741378829,-37.54779715031059,30.489231551671914
49.92221071319031,-37.57964730037763,30.430282335634175
49.98922812294414,-37.61143810705208,30.371285066027006
50.05625962123559,-37.643169520131934,30.31223983601516
50.12330518617526,-37.674841489508964,30.253146738839092
50.190364795798686,-37.7064539651688,30.19400586781488
50.25743842806653,-37.738006897191035,30.134817316334026
50.32452606086469,-37.76950023574928,30.07558117786335
50.39162767200456,-37.800933931111246,30.016297545944774
50.45874323922309,-37.83230793363886,29.95696651419526
50.52587274018298,-37.86362219378826,29.8975881763066
50.59301615247287,-37.894876662109965,29.83816262604531
50.6601734536075,-37.92607128924892,29.77868995725242
50.72734462102782,-37.95720602594453,29.719170263843402
50.794529632101195,-37.98828082303081,29.659603639807987
50.861728464121576,-38.01929563143641,29.599990179210003
50.92894109430965,-38.0502504021847,29.540329976187223
50.996167499812984,-38.081145086393896,29.48062312495126
51.06340765770621,-38.11197963527706,29.420869719787394
51.13066154499117,-38.142754000142226,29.361069855054403
51.19792913859713,-38.173468132392486,29.301223625184424
51.26521041538088,-38.20412198352602,29.241331124682826
51.33250535212691,-38.23471550513623,29.18139244812805
51.39981392554759,-38.26524864891174,29.121407690171456
51.46713611228338,-38.29572136663658,29.061376945537138
51.53447188890288,-38.32613361019015,29.00130030902185
51.60182123190309,-38.35648533154737,28.941177875494805
51.669184117709534,-38.38677648277873,28.88100973989754
51.736560522676456,-38.41700701605036,28.820795997243728
51.80395042308694,-38.447176883624145,28.760536742619106
51.87135379515309,-38.47728603785772,28.70023207118126
51.93877061501622,-38.50733443120465,28.639882078159506
52.006200858747,-38.53732201621438,28.579486858854693
52.07364450234561,-38.56724874553245,28.51904650863914
52.14110152174191,-38.59711457190046,28.458561122956407
52.208571892795625,-38.626919448156194,28.398030797321177
52.276055591296526,-38.656663327233694,28.337455627319077
52.34355259296451,-38.686346162163304,28.276835708606583
52.41106287344984,-38.71596790607177,28.216171136910823
52.47858640833332,-38.745528512182325,28.15546200802944
52.54612317312641,-38.77502793381474,28.09470841783042
52.61367314327143,-38.8044661243854,28.03391046225198
52.681236294141684,-38.83384303740738,27.973068237302396
52.74881260104167,-38.86315862649051,27.91218183905985
52.816402039207254,-38.8924128453415,27.85125136367226
52.88400458380578,-38.92160564776394,27.79027690735718
52.95162020993629,-38.950736987658395,27.72925856640158
53.01924889262963,-38.979806819022514,27.668196437161775
53.086890606848726,-39.008815095951064,27.607090616063175
53.15454532748862,-39.037761772636024,27.54594119960023
53.22221302937673,-39.06664680336662,27.484748284336202
53.289893687272965,-39.09547014252947,27.42351196690308
53.35758727586993,-39.12423174460856,27.36223234400134
53.42529376979307,-39.152931564185415,27.30090951239989
53.493013143600855,-39.18156955593911,27.239543568935837
53.56074537178488,-39.21014567464633,27.17813461051441
53.628490428770185,-39.238659875181476,27.116682734108693
53.69624828891524,-39.267112112516756,27.05518803675962
53.76401892651225,-39.295502341722184,26.993650615575696
53.83180231578722,-39.323830517965725,26.932070567732932
53.89959843090024,-39.35209659651331,26.870447990474595
53.967407245945545,-39.38030053272897,26.808782981111165
54.03522873495174,-39.40844228207481,26.747075637020103
54.103062871881924,-39.43652180011117,26.685326055645742
54.17090963063394,-39.46453904249667,26.62353433449908
54.238768985040466,-39.49249396498826,26.56170057115769
54.30664090886919,-39.520386523441296,26.499824863265523
54.374525375823026,-39.54821667380961,26.437907308532775
54.44242235954025,-39.57598437214562,26.3759480047357
54.510331833594684,-39.60368957460034,26.313947049716507
54.57825377149582,-39.63133223742344,26.25190454138316
54.646188146689035,-39.65891231696341,26.189820577709263
54.714134932555794,-39.68642976966755,26.127695256733848
54.78209410241371,-39.713884552082014,26.06552867656129
54.85006562951681,-39.74127662085198,26.0033209353611
54.91804948705566,-39.7686059327216,25.941072131367804
54.98604564815759,-39.7958724445342,25.878782362880735
55.054054085886754,-39.82307611323222,25.816451728263964
55.1220747732444,-39.85021689585735,25.75408032594606
55.190107683168996,-39.877294749550586,25.69166825441998
55.258152788536414,-39.9043096315523,25.629215612242916
55.32621006216011,-39.93126149920233,25.5667224980361
55.39427947679125,-39.95815030993997,25.504189010484698
55.46236100511893,-39.98497602130413,25.441615248337612
55.53045461977031,-40.01173859093334,25.37900131040737
55.598560293310825,-40.03843797656587,25.31634729556991
55.6666779982443,-40.06507413603973,25.253653302764484
55.73480770701317,-40.091647027292794,25.190919430993457
55.8029493919986,-40.11815660836283,25.128145779322193
55.87110302552075,-40.14460283738761,25.065332446878827
55.939268579838824,-40.17098567260491,25.002479532854203
56.00744602715132,-40.19730507235264,24.939587136501647
56.07563533959615,-40.223560995068866,24.87665535713686
56.143836489250916,-40.249753399291926,24.81368429413767
56.21204944813294,-40.27588224366042,24.750674046944003
56.280274188199506,-40.30194748691334,24.68762471505764
56.34851068134803,-40.3279490878901,24.624536398042093
56.41675889941627,-40.353887005530645,24.5614091955224
56.485018814182396,-40.379761198875435,24.498243207185048
56.553290397365245,-40.40557162706561,24.435038532777753
56.62157362062446,-40.43131824934297,24.371795272109324
56.68986845556069,-40.45700102505009,24.30851352504949
56.75817487371571,-40.48261991363035,24.24519339152878
56.82649284657265,-40.50817487462804,24.18183497153832
56.89482234555609,-40.53366586768838,24.11843836512972
56.963163342032374,-40.55909285255762,24.05500367241485
57.0315158073096,-40.58445578908309,23.99153099356576
57.09987971263792,-40.60975463721322,23.928020428814474
57.16825502920965,-40.63498935699769,23.86447207845286
57.236641728159505,-40.66015990858745,23.800886042832403
57.305039780564705,-40.685266252234754,23.737262422364154
57.37344915744517,-40.71030834829325,23.673601317518486
57.4418698297637,-40.73528615721805,23.609902828824993
57.51030176842616,-40.76019963956578,23.546167056872246
57.57874494428161,-40.78504875599468,23.482394102307765
57.647199328122525,-40.80983346726457,23.418584065837724
57.71566489068493,-40.834553734237026,23.354737048226905
57.7841416026486,-40.85920951787538,23.290853150298435
57.85262943463721,-40.88380077924475,23.226932472933733
57.92112835721852,-40.90832747951221,23.16297511707226
57.98963834090455,-40.932789579946736,23.098981183711427
58.05815935615177,-40.95718704191935,23.03495077390636
58.126691373361204,-40.981519826903096,22.97088398876984
58.1952343628787,-41.00578789647323,22.90678092947206
58.26378829499501,-41.029991212307124,22.842641697240516
58.33235313994606,-41.05412973618444,22.778466393359775
58.400928867913024,-41.07820342998718,22.714255119171423
58.469515449022566,-41.10221225569967,22.650007976073823
58.53811285334697,-41.1261561754087,22.585725065522
58.60672105090439,-41.15003515130356,22.521406489027413
58.675340011658896,-41.173849145676094,22.457052348157895
58.74396970552077,-41.197598120920745,22.39266274453741
58.81261010234659,-41.221282039534636,22.328237779845946
58.881261171939485,-41.24490086411763,22.263777555819296
58.94992288404924,-41.26845455737239,22.199282174248953
59.0185952083725,-41.2919430821044,22.13475173698194
59.087278114552916,-41.31536640122208,22.070186345920636
59.155971572181414,-41.33872447773683,22.005586103022573
59.224675550796206,-41.362017274763026,21.94095111030038
59.29339001988313,-41.385244755518194,21.876281469821514
59.36211494887568,-41.408406883322954,21.811577283708193
59.430850307155325,-41.431503621601145,21.74683865413712
59.49959606405155,-41.45453493387987,21.682065683339456
59.56835218884212,-41.47750078378954,21.61725847360055
59.63711865075319,-41.500401135063946,21.55241712725985
59.705895418959535,-41.52323595154031,21.487541746710672
59.7746824625847,-41.546005197159324,21.4226324344001
59.843479750701164,-41.56870883596526,21.357689292828802
59.912287252330515,-41.591346832105955,21.292712424550878
59.98110493644368,-41.61391914983295,21.227701932173645
60.049932771961,-41.63642575350145,21.162657918357553
60.11877072775248,-41.658866607570474,21.097580485815985
60.187618772637926,-41.68124167660282,21.032469737315097
60.25647687538718,-41.70355092526525,20.96732577567363
60.3253450047202,-41.72579431832836,20.902148703762798
60.39422312930731,-41.747971820666834,20.836938624506093
60.46311121776934,-41.77008339725935,20.77169564087915
60.532009238677844,-41.792129013188735,20.706419855909513
60.60091716055518,-41.81410863364191,20.641111372676576
60.66983495187479,-41.83602222391009,20.575770294311344
60.73876258106131,-41.85786974938871,20.510396723996305
60.807700016490784,-41.87965117557755,20.44499076496524
60.87664722649082,-41.90136646808077,20.379552520503086
60.94560417934075,-41.923015592606944,20.314082093945768
61.01457084327181,-41.94459851496916,20.248579588680037
61.08354718646739,-41.966115201085046,20.183045108143265
61.15253317706307,-41.987565616976795,20.11747875582336
61.221528783146915,-42.008949728771285,20.05188063525853
61.290533972759576,-42.030267502700084,19.986250850037187
61.359548713894554,-42.05151890509953,19.92058950379768
61.42857297449824,-42.07270390241073,19.854896700228267
61.497606722470216,-42.093822461179705,19.78917254306684
61.56664992566336,-42.11487454805735,19.723417136100828
61.63570255188408,-42.13586012979956,19.657630583166974
61.704764568892415,-42.15677917326724,19.59181298815123
61.77383594440225,-42.17763164542636,19.525964454988568
61.84291664608149,-42.198417513348,19.460085087662822
61.91200664155229,-42.219136744208484,19.394174990206476
61.98110589839109,-42.239789305289264,19.32823426670059
62.05021438412896,-42.26037516397717,19.26226302127456
62.119332066251594,-42.28089428776429,19.196261358106007
62.18845891219971,-42.30134664424815,19.13022938142053
62.257594889368995,-42.32173220113168,19.064167195491663
62.32673996511044,-42.34205092622331,18.9980749046406
62.39589410673043,-42.36230278743697,18.931952613236106
62.46505728149101,-42.382487752792244,18.86580042569428
62.53422945660995,-42.40260579041429,18.79961844647847
62.60341059926098,-42.422656868534,18.733406780099045
62.67260067657396,-42.44264095548797,18.667165531113298
62.7417996556351,-42.46255801971861,18.600894804125158
62.81100750348704,-42.48240802977415,18.53459470378517
62.880224187129116,-42.502190954308716,18.468265334790235
62.94944967351745,-42.521906762082374,18.401906801883506
63.01868392956524,-42.54155542196116,18.335519209854127
63.08792692214284,-42.56113690291717,18.26910266353718
63.157178618077964,-42.580651174028574,18.202657267813464
63.226438984155855,-42.600098204479664,18.13618312760934
63.29570798711952,-42.61947796356093,18.069680347896515
63.36498559366981,-42.638790420669096,18.003149033691983
63.43427177046567,-42.65803554530714,17.93658929005776
63.503566484124285,-42.6772133070844,17.870001222100775
63.57286970122127,-42.69632367571656,17.803384934972666
63.64218138829084,-42.71536662102574,17.736740533869643
63.71150151182596,-42.73434211294054,17.670068124032323
63.780830038278566,-42.753250121496045,17.60336781074554
63.85016693405976,-42.77209061683396,17.536639699338174
63.919512165539885,-42.79086356920256,17.46988389518304
63.9888656990488,-42.809568948956766,17.40310050369666
64.05822750087603,-42.828206726558264,17.33628963033912
64.1275975372709,-42.84677687257544,17.26945138061393
64.1969757744428,-42.86527935768351,17.20258586006778
64.2663621785613,-42.883714152664524,17.135693174290466
64.33575671575629,-42.90208122840742,17.068773428914668
64.40515935211823,-42.92038055590807,17.001826729615814
64.47457005369833,-42.93861210626935,16.93485318211186
64.54398878650865,-42.95677585070114,16.867852892163175
64.61341551652235,-42.97487176052043,16.800825965572376
64.68285020967383,-42.99289980715129,16.73377250818414
64.75229283185895,-43.01085996212498,16.666692625885
64.82174334893513,-43.02875219707997,16.599586424603263
64.8912017267216,-43.04657648376197,16.532454010308776
64.96066793099953,-43.06433279402399,16.4652954890128
65.03014192751226,-43.08202109982641,16.39811096676778
65.09962368196543,-43.09964137323699,16.330900549667263
65.16911316002712,-43.11719358643088,16.26366434384567
65.23861032732815,-43.134677711690756,16.196402455478157
65.30811514946215,-43.15209372140681,16.129114990780405
65.3776275919858,-43.16944158807676,16.06180205600852
65.44714762041893,-43.186721284305975,15.994463757458808
65.51667520024479,-43.203932782807456,15.927100201467647
65.58621029691017,-43.221076056401884,15.859711494411266
65.6557528758256,-43.238151078017715,15.792297742705644
65.7253029023655,-43.25515782069113,15.724859052806293
65.79486034186837,-43.272096257566176,15.657395531208127
65.86442515963704,-43.28896636189475,15.589907284445227
65.9339973209387,-43.305768107036656,15.522394419090753
66.0035767910052,-43.322501466459634,15.454857041756746
66.07316353503316,-43.33916641373943,15.38729525909395
66.14275751818423,-43.35576292255982,15.319709177791617
66.21235870558515,-43.37229096671266,15.252098904577409
66.28196706232802,-43.3887505200979,15.184464546217171
66.35158255347042,-43.405141556723656,15.116806209514806
66.42120514403567,-43.421464050706255,15.049124001312034
66.49083479901289,-43.43771797627024,14.981418028488312
66.56047148335726,-43.45390330774846,14.913688397960616
66.63011516199019,-43.47002001958205,14.845935216683285
66.69976579979948,-43.48606808632053,14.77815859164782
66.7694233616395,-43.50204748262181,14.710358629882775
66.83908781233136,-43.517958183252254,14.642535438453539
66.90875911666309,-43.53380016308667,14.574689124462207
66.97843723938988,-43.549573397108425,14.506819795047345
67.04812214523413,-43.56527786040944,14.438927557383893
67.11781379888575,-43.580913528190194,14.371012518682974
67.18751216500227,-43.59648037575986,14.303074786191704
67.25721720820906,-43.61197837853624,14.235114467193018
67.32692889309945,-43.6274075120459,14.167131669005549
67.39664718423496,-43.64276775192411,14.09912649898341
67.46637204614545,-43.658059073914956,14.031099064516063
67.53610344332934,-43.67328145387137,13.963049473028088
67.60584134025372,-43.68843486775511,13.894977831979087
67.67558570135458,-43.70351929163689,13.826884248863475
67.74533649103697,-43.71853470169633,13.758768831210327
67.81509367367518,-43.73348107422206,13.690631686583163
67.88485721361292,-43.7483583856117,13.622472922579844
67.9546270751635,-43.763166612371975,13.55429264683236
68.02440322260998,-43.77790573111865,13.486090967006689
68.09418562020541,-43.79257571857664,13.417867990802565
68.16397423217293,-43.807176551580056,13.349623825953394
68.23376902270604,-43.82170820707218,13.281358580226025
68.30356995596865,-43.83617066210553,13.213072361420615
68.37337699609543,-43.85056389384192,13.144765277370395
68.44319010719181,-43.8648878795525,13.076437435941592
68.51300925333429,-43.87914259661771,13.008088945033192
68.58283439857053,-43.89332802252741,12.939719912576802
68.65266550691962,-43.90744413488088,12.871330446536431
68.72250254237217,-43.921490911386876,12.802920654908398
68.79234546889052,-43.935468329863575,12.734490645721097
68.8621942504089,-43.94937636823876,12.666040527034868
68.93204885083372,-43.96321500454973,12.597570406941767
69.00190923404357,-43.976984216943386,12.529080393565469
69.07177536388951,-43.99068398367626,12.460570595061057
69.14164720419524,-44.004314283114574,12.392041119614863
69.21152471875725,-44.01787509373418,12.323492075444262
69.28140787134501,-44.03136639412075,12.25492357079756
69.35129662570117,-44.04478816296966,12.186335713953788
69.42119094554167,-44.058140379086105,12.117728613222546
69.49109079455604,-44.071423021385115,12.049102376943784
69.56099613640745,-44.084636068891584,11.980457113487713
69.63090693473295,-44.09777950074031,11.911792931254569
69.70082315314363,-44.11085329617601,11.843109938674484
69.77074475522487,-44.1238574345534,11.774408244207251
69.84067170453639,-44.13679189533714,11.705687956342237
69.91060396461253,-44.14965665810197,11.636949183598153
69.9805414989624,-44.162451702532664,11.568192034522921
70.05048427107003,-44.17517700842412,11.499416617693438
70.12043224439459,-44.18783255568132,11.430623041715489
70.19038538237055,-44.20041832431943,11.361811415223517
70.26034364840784,-44.212934294463814,11.292981846880485
70.33030700589208,-44.225380446350044,11.224134445377656
70.40027541818469,-44.23775676032394,11.155269319434483
70.47024884862314,-44.250063216841625,11.086386577798399
70.54022726052106,-44.26229979646951,11.017486329244674
70.6102106171685,-44.27446647988439,10.948568682576173
70.68019888183201,-44.286563247873374,10.879633746623284
70.75019201775488,-44.29859008133405,10.810681630243677
70.82018998815732,-44.31054696127438,10.741712442322168
70.89019275623663,-44.32243386881283,10.672726291770497
70.96020028516736,-44.33425078517836,10.603723287527224
71.03021253810151,-44.34599769171042,10.53470353855751
71.1002294781687,-44.35767456985907,10.46566715385297
71.17025106847636,-44.369281401184914,10.396614242431458
71.24027727210989,-44.380818167359166,10.327544913336956
71.31030805213284,-44.39228485016373,10.258459275639368
71.3803433715871,-44.403681431491115,10.189357438434348
71.45038319349311,-44.41500789334458,10.120239510843113
71.52042748084996,-44.4262642178381,10.051105602012314
71.59047619663562,-44.43745038719639,9.981955821113829
71.66052930380712,-44.44856638375498,9.912790277344614
71.73058676530074,-44.459612189960175,9.84360907992648
71.80064854403213,-44.47058778836915,9.774412338105991
71.87071460289654,-44.48149316164992,9.70520016115425
71.940784904769,-44.49232829258143,9.63597265836674
72.01085941250449,-44.50309316405354,9.566729939063118
72.08093808893808,-44.51378775906702,9.497472112587094
72.15102089688519,-44.52441206073367,9.428199288306237
72.22110779914165,-44.53496605227624,9.358911575611799
72.29119875848404,-44.54544971702855,9.289609083918517
72.36129373766973,-44.55586303843548,9.22029192266449
72.43139269943708,-44.566206000052944,9.150960201310982
72.50149560650569,-44.576478585548024,9.081614029342255
72.57160242157653,-44.586680778698884,9.012253516265357
72.64171310733212,-44.59681256339487,8.942878771610015
72.71182762643672,-44.60687392363653,8.873489904928425
72.78194594153645,-44.61686484353557,8.804087025795086
72.8520680152596,-44.62678530731499,8.734670243806596
72.9221938102167,-44.636635299309006,8.66523966858154
72.9923232890007,-44.64641480396316,8.595795409760274
73.0624564141872,-44.65612380583427,8.526337577004762
73.13259314833459,-44.66576228959047,8.456866279998412
73.20273345398431,-44.67533024001131,8.387381628445864
73.27287729366087,-44.684827641987695,8.317883732072875
73.34302462987218,-44.6942544805219,8.248372700626115
73.41317542510964,-44.70361074072768,8.178848643873
73.4833296418484,-44.71289640783022,8.109311671601478
73.55348724254745,-44.72211146716618,8.039761893619938
73.62364818964984,-44.73125590418374,7.970199419756968
73.69381244558285,-44.74032970444256,7.900624359861223
73.76397997275822,-44.74933285361389,7.831036823801196
73.83415073357224,-44.75826533748052,7.7614369214651155
73.90432469040601,-44.76712714193685,7.691824762760728
73.97450180562554,-44.775918252988866,7.622200457615146
74.044682041582,-44.784638656754204,7.5525641159746275
74.11486536061189,-44.79328833946218,7.482915847804472
74.18505172503716,-44.80186728745373,7.4132557630888005
74.25524109716542,-44.810375487181545,7.343583971830411
74.32543343929021,-44.81881292521002,7.273900584050543
74.39562871369101,-44.82717958821527,7.204205709788794
74.46582688263355,-44.835475462985215,7.13449945910288
74.53602790836992,-44.84370053641951,7.0647819420685
74.60623175313881,-44.851854795529675,6.995053268779104
74.67643837916563,-44.85993822743899,6.9253135493457965
74.7466477486627,-44.86795081938262,6.8555628938971145
74.81685982382945,-44.875892558707605,6.785801412578877
74.88707456685262,-44.88376343287284,6.716029215553958
74.95729193990637,-44.89156342944914,6.646246413002194
75.02751190515251,-44.899292536119255,6.576453115120156
75.09773442474066,-44.90695074067786,6.506649432121
75.16795946080848,-44.914538031031604,6.436835474234244
75.23818697548175,-44.92205439519914,6.367011351705668
75.30841693087463,-44.929499821311076,6.297177174797096
75.37864928908981,-44.93687429761009,6.227333053786236
75.4488840122187,-44.94417781245087,6.15747909896646
75.5191210623416,-44.95141035430016,6.087615420646716
75.58936040152787,-44.9585719117368,6.0177421291512845
75.65960199183611,-44.965662473451694,5.947859334819643
75.7298457953144,-44.97268202824791,5.87796714800624
75.80009177400038,-44.9796305650406,5.8080656790803875
75.87033988992148,-44.98650807285706,5.738155038426049
75.94059010509511,-44.99331454083678,5.668235336441679
76.01084238152885,-45.000049958231415,5.598306683540008
76.08109668122056,-45.006714314404825,5.528369190147933
76.15135296615861,-45.01330759883309,5.458422966706307
76.22161119832208,-45.01982980110449,5.388468123669773
76.2918713396809,-45.02628091091959,5.318504771506552
76.36213335219603,-45.03266091809122,5.248533020698341
76.43239719781965,-45.03896981254445,5.178552981740085
76.50266283849535,-45.0452075843167,5.108564765139828
76.57293023615831,-45.051374223557666,5.038568481418496
76.64319935273545,-45.05746972052938,4.968564241109784
76.71347015014562,-45.06349406560623,4.898552154759945
76.7837425902998,-45.069447249274944,4.828532332927632
76.85401663510127,-45.07532926213463,4.758504886183674
76.92429224644577,-45.0811400948968,4.688469925110983
76.9945693862217,-45.08687973838535,4.6184275603043226
77.06484801631026,-45.092548183536586,4.548377902370157
77.13512809858575,-45.09814542139929,4.478321061926433
77.20540959491557,-45.10367144313462,4.40825714960248
77.27569246716052,-45.109126240016266,4.338186276038775
77.34597667717496,-45.114509803430344,4.268108551886806
77.41626218680697,-45.119822124875476,4.198024087808841
77.48654895789855,-45.12506319596278,4.127932994477825
77.55683695228576,-45.1302330084159,4.057835382577164
77.62712613179893,-45.13533155407097,3.987731362800565
77.69741645826288,-45.14035882487672,3.9176210458518224
77.76770789349699,-45.14531481289439,3.8475045424447067
77.83800039931549,-45.150199510297796,3.777381963302748
77.90829393752755,-45.15501290937333,3.707253419159083
77.97858846993755,-45.159755002519994,3.63711902075623
78.04888395834519,-45.16442578224936,3.5669788788459895
78.11918036454568,-45.16902524118564,3.4968331041892196
78.18947765032993,-45.173553372065655,3.4266818075556857
78.25977577748476,-45.17801016773887,3.356525099723836
78.330074707793,-45.182395621167394,3.2863630914807
78.40037440303375,-45.186709725426006,3.2161958936216664
78.47067482498251,-45.19095247370213,3.1460236169503295
78.5409759354114,-45.195123859295904,3.075846372278268
78.61127769608927,-45.199223875620135,3.005664270424943
78.68158006878197,-45.20325251620033,2.935477422217473
78.75188301525243,-45.20720977467473,2.865285938490484
78.82218649726097,-45.21109564479427,2.7950899300858847
78.89249047656533,-45.21491012042264,2.7248895078527653
78.96279491492095,-45.218653195536255,2.654684782647176
79.0330997740811,-45.2223248642243,2.5844758653319726
79.10340501579711,-45.225925120688686,2.5142628667765936
79.1737106018185,-45.22945395924415,2.4440458978569604
79.24401649389317,-45.23291137431815,2.3738250694552514
79.3143226537676,-45.236297360450955,2.3036004924597506
79.38462904318703,-45.23961191229564,2.2333722777646274
79.45493562389558,-45.24285502461807,2.1631405362698306
79.52524235763651,-45.24602669229694,2.092905378880866
79.59554920615234,-45.24912691032374,2.0226669165086464
79.66585613118508,-45.252155673802804,1.9524252600692664
79.73616309447637,-45.255112977951306,1.882180520483902
79.80647005776765,-45.25799881809925,1.8119328086785849
79.8767769828004,-45.26081318968953,1.7416822355840533
79.94708383131623,-45.263556088277824,1.671428912135526
80.01739056505717,-45.26622750953276,1.6011729492726023
80.08769714576572,-45.26882744923577,1.5309144579390375
80.15800353518513,-45.27135590328122,1.4606535490825916
80.22830969505956,-45.27381286767631,1.3903903336548056
80.29861558713424,-45.276198338541185,1.320124922610899
80.36892117315563,-45.27851231210883,1.2498574269095477
80.43922641487163,-45.2807547847252,1.179587957512731
80.50953127403179,-45.28292575284909,1.1093166253855071
80.5798357123874,-45.28502521305226,1.0390435414959143
80.65013969169176,-45.28705316201939,0.9687688168147436
80.72044317370029,-45.28900959654805,0.8984925623153903
80.79074612017077,-45.29089451354877,0.8282148889736272
80.86104849286346,-45.292707910045024,0.7579359077675067
80.93135025354134,-45.29444978317319,0.6876557296771324
81.00165136397021,-45.29612013018262,0.6173744656845106
81.07195178591898,-45.29771894843561,0.5470922267733256
81.14225148115973,-45.2992462354074,0.47680912392883856
81.21255041146797,-45.30070198868621,0.4065252681376621
81.28284853862279,-45.3020862059732,0.33624077038761047
81.35314582440705,-45.303398885082494,0.26595574166747427
81.42344223060755,-45.3046400239412,0.19567029296691985
81.49373771901519,-45.30580962058939,0.12538453527626503
81.56403225142519,-45.30690767318011,0.05509857958632658
81.63432578963726,-45.307934179979384,-0.015187463111802302
81.70461829545576,-45.30888913936622,-0.08547348182685366
81.77490973068987,-45.30977254983261,-0.1557593655676106
81.8452000571538,-45.31058440998352,-0.22604500334305677
81.91548923666699,-45.31132471853692,-0.29633028416259943
81.9857772310542,-45.31199347432376,-0.36661509703617656
82.05606400214577,-45.312590676287975,-0.43689933097447353
82.12634951177779,-45.31311632348651,-0.5071828749890916
82.19663372179222,-45.3135704150893,-0.5774656180927091
82.26691659403718,-45.31395295037926,-0.6477474492993063
82.337198090367,-45.31426392875233,-0.7180282576242654
82.40747817264248,-45.314503349717405,-0.7883079320845983
82.47775680273105,-45.31467121289645,-0.8585863616990919
82.54803394250698,-45.31476751802435,-0.9288634354885388
82.61830955385147,-45.314792264949034,-0.9991390424758353
82.68858359865294,-45.31474545363143,-1.0694130716862047
82.75885603880711,-45.314627084145464,-1.1396854121473503
82.82912683621728,-45.31443715667804,-1.2099559528896797
82.89939595279442,-45.31417567152909,-1.2802245829464052
82.96966335045738,-45.31384262911155,-1.3504911913537676
83.03992899113308,-45.3134380299513,-1.4207556671511894
83.11019283675671,-45.312961874687296,-1.4910178993814975
83.18045484927184,-45.312414164071434,-1.5612777770910242
83.25071499063066,-45.31179489896863,-1.6315351893298318
83.32097322279412,-45.31110408035678,-1.7017900251518643
83.39122950773218,-45.310341709326785,-1.7720421736151715
83.46148380742389,-45.30950778708254,-1.8422915237820088
83.53173608385762,-45.30860231494091,-1.9125379647190641
83.60198629903125,-45.30762529433177,-1.9827813854976069
83.67223441495236,-45.306576726797964,-2.053021675193711
83.74248039363833,-45.30545661399531,-2.1232587228883606
83.81272419711662,-45.304264957692645,-2.19349241766767
83.88296578742487,-45.303001759771746,-2.2637226486230357
83.95320512661114,-45.30166702222737,-2.3339493048513607
84.02344217673404,-45.30026074716725,-2.4041722754551578
84.09367689986293,-45.29878293681209,-2.474391449542772
84.1639092580781,-45.297233593495555,-2.5446067162285297
84.23413921347098,-45.29561271966428,-2.614817964632964
84.30436672814426,-45.29392031787781,-2.6850250838829206
84.37459176421207,-45.292156390808714,-2.7552279631117718
84.44481428380023,-45.29032094124246,-2.825426491459579
84.51503424904637,-45.288413972077485,-2.895620558073309
84.58525162210012,-45.28643548632513,-2.965810052106935
84.65546636512329,-45.28438548710972,-3.0359948627216675
84.72567844029004,-45.282263977668464,-3.1061748790860966
84.7958878097871,-45.28007096135153,-3.1763499903764227
84.86609443581392,-45.277806441621976,-3.2465200857765524
84.93629828058282,-45.2754704220558,-3.31668505447833
85.00649930631918,-45.27306290634188,-3.386844785681679
85.07669747526172,-45.27058389828203,-3.4569991685948303
85.14689274966253,-45.26803340179094,-3.5271480924344267
85.21708509178731,-45.26541142089617,-3.5972914464257424
85.28727446391558,-45.26271795973822,-3.667429119802834
85.35746082834085,-45.2599530225704,-3.7375610018087695
85.42764414737073,-45.257116613758946,-3.807686981695718
85.4978243833272,-45.254208737782925,-3.877806948725187
85.56800149854672,-45.25122939923427,-3.9479207921681643
85.63817545538049,-45.248178602817774,-4.018028401305348
85.70834621619451,-45.245056353351046,-4.088129665427238
85.77851374336988,-45.24186265576455,-4.158224473834372
85.8486779993029,-45.238597515101574,-4.228312715837468
85.91883894640529,-45.23526093651821,-4.298394280757647
85.98899654710434,-45.231852925283384,-4.368469057926544
86.05915076384309,-45.22837348677881,-4.438536936686516
86.12930155908056,-45.224822626498984,-4.508597806390809
86.19944889529187,-45.221200350051205,-4.57865155640377
86.26959273496843,-45.21750666315554,-4.648698076100956
86.33973304061814,-45.21374157164484,-4.718737254869349
86.40986977476554,-45.20990508146468,-4.788768982107513
86.48000289995204,-45.20599719867341,-4.858793147225818
86.55013237873604,-45.20201792944211,-4.928809639646536
86.62025817369313,-45.19796728005459,-4.9988183488040665
86.69038024741627,-45.19384525690737,-5.068819164145092
86.76049856251602,-45.189651866509706,-5.138811975128795
86.83061308162061,-45.1853871154835,-5.20879667122696
86.9007237673762,-45.181051010563415,-5.2787731419242
86.97083058244704,-45.17664355859673,-5.348741276718101
87.04093348951565,-45.17216476654341,-5.418700965119457
87.11103245128301,-45.16761464147611,-5.488652096652354
87.18112743046869,-45.16299319058006,-5.55859456085441
87.25121838981107,-45.15830042115318,-5.628528247276915
87.32130529206755,-45.153536340605996,-5.6984530454850555
87.39138810001465,-45.14870095646162,-5.768368845058019
87.46146677644825,-45.143794276355806,-5.838275535589215
87.53154128418373,-45.13881630803687,-5.908173006686425
87.60161158605621,-45.1337670593657,-5.978061147972026
87.67167764492062,-45.128646538315756,-6.047939849083089
87.741739423652,-45.123454752973025,-6.11780899967161
87.81179688514561,-45.11819171153605,-6.187668489404647
87.88184999231713,-45.11285742231589,-6.257518207964559
87.9518987081028,-45.10745189373612,-6.3273580450490945
88.02194299545965,-45.101975134332804,-6.397187890371612
88.09198281736565,-45.0964271527545,-6.467007633661246
88.16201813681992,-45.09080795776222,-6.536817164663114
88.23204891684287,-45.08511755822945,-6.60661637313843
88.3020751204764,-45.0793559631421,-6.676405148864715
88.37209671078405,-45.07352318159851,-6.746183381635951
88.44211365085124,-45.06761922280944,-6.8159509612628115
88.51212590378539,-45.06164409609806,-6.8857077775727475
88.58213343271612,-45.05559781089989,-6.955453720410233
88.65213620079541,-45.04948037676287,-7.0251886796368845
88.72213417119785,-45.04329180334724,-7.094912545131711
88.79212730712072,-45.03703210042559,-7.164625206791199
88.86211557178423,-45.030701277882876,-7.23432655452954
88.93209892843166,-45.024299345716315,-7.304016478278783
89.00207734032959,-45.01782631403543,-7.373694867989044
89.07205077076804,-45.01128219306202,-7.443361613628628
89.14201918306065,-45.00466699313017,-7.513016605184229
89.21198254054488,-44.99798072468615,-7.582659732661101
89.28194080658217,-44.99122339828851,-7.65229088608326
89.35189394455813,-44.984395024607984,-7.7219099554936035
89.42184191788269,-44.977495614427504,-7.791516830954111
89.49178468999031,-44.970525178642184,-7.861111402546019
89.56172222434017,-44.963483728259305,-7.930693560370019
89.63165448441632,-44.95637127439825,-8.000263194546378
89.70158143372784,-44.94918782829059,-8.069820195215147
89.77150303580906,-44.941933401279925,-8.13936445253631
89.84141925421976,-44.93460800482203,-8.208895856690027
89.91133005254525,-44.92721165048467,-8.278414297876699
89.98123539439666,-44.91974434994772,-8.347919666317221
90.05113524341103,-44.912206115003066,-8.417411852253116
90.12102956325154,-44.904596957554595,-8.486890745946763
90.1909183176077,-44.89691688961821,-8.556356237681491
90.26080147019546,-44.88916592332179,-8.625808217761811
90.33067898475745,-44.88134407090518,-8.69524657651355
90.40055082506319,-44.873451344720124,-8.764671204284088
90.47041695490914,-44.865487757230355,-8.83408199144245
90.54027733811898,-44.85745332101143,-8.903478828379523
90.61013193854379,-44.84934804875083,-8.972861605508225
90.67998072006219,-44.84117195324788,-9.0422302132637
90.74982364658054,-44.832925047413774,-9.111584542103436
90.81966068203309,-44.82460734427148,-9.180924482507484
90.88949179038218,-44.816218856955786,-9.250249924978608
90.95931693561843,-44.807759598713275,-9.319560760042465
91.02913608176091,-44.79922958290226,-9.388856878247807
91.0989491928573,-44.790628822992794,-9.458138170166595
91.16875623298408,-44.78195733256668,-9.52740452639421
91.2385571662467,-44.773215125317336,-9.596655837549607
91.3083519567798,-44.76440221504994,-9.665891994275544
91.37814056874733,-44.75551861568127,-9.735112887238662
91.44792296634276,-44.74656434123973,-9.80431840712972
91.51769911378923,-44.73753940586536,-9.873508444663752
91.5874689753398,-44.72844382380976,-9.94268289058026
91.65723251527754,-44.7192776094361,-10.011841635643346
91.72698969791576,-44.71004077721905,-10.08098457064191
91.79674048759813,-44.70073334174487,-10.150111586389803
91.86648484869899,-44.69135531771126,-10.219222573726062
91.93622274562337,-44.68190671992738,-10.288317423514991
92.00595414280725,-44.67238756331388,-10.35739602664639
92.07567900471774,-44.662797862902806,-10.426458274035705
92.14539729585326,-44.653137633837595,-10.495504056624242
92.21510898074365,-44.64340689137306,-10.564533265379277
92.28481402395043,-44.63360565087539,-10.633545791294264
92.35451239006696,-44.62373392782206,-10.702541525388995
92.42420404371859,-44.6137917378019,-10.771520358709811
92.49388894956284,-44.603779096514955,-10.840482182329708
92.56356707228963,-44.59369601977255,-10.909426887348552
92.63323837662136,-44.583542523497265,-10.978354364893232
92.70290282731321,-44.57331862372284,-11.047264506117873
92.77256038915323,-44.56302433659421,-11.116157202203953
92.84221102696252,-44.552659678367476,-11.185032344360492
92.91185470559545,-44.54222466540982,-11.253889823824231
92.98149138993982,-44.53171931419957,-11.322729531859839
93.05112104491704,-44.5211436413261,-11.391551359760001
93.12074363548228,-44.51049766348985,-11.460355198845658
93.19035912662468,-44.499781397502275,-11.529140940466153
93.25996748336755,-44.48899486028581,-11.597908475999425
93.32956867076847,-44.47813806887387,-11.666657696852143
93.39916265391953,-44.46721104041081,-11.735388494459903
93.46874939794749,-44.456213792151914,-11.804100760287378
93.53832886801399,-44.44514634146333,-11.872794385828547
93.60790102931566,-44.434008705822066,-11.941469262606788
93.67746584708432,-44.422800902815965,-12.0101252821751
93.7470232865872,-44.4115229501437,-12.078762336116233
93.8165733131271,-44.400174865614694,-12.147380316042948
93.88611589204253,-44.388756667149096,-12.215979113598069
93.95565098870792,-44.37726837277782,-12.284558620454735
94.02517856853376,-44.36571000064245,-12.353118728316527
94.0946985969669,-44.35408156899524,-12.421659328917702
94.16421103949054,-44.34238309619905,-12.49018031402329
94.23371586162455,-44.33061460072737,-12.558681575429294
94.30321302892557,-44.31877610116429,-12.627163004962863
94.37270250698727,-44.30686761620437,-12.6956244944825
94.44218426144043,-44.294889164652766,-12.764065935878154
94.51165825795316,-44.282840765425085,-12.832487221071446
94.58112446223109,-44.27072243754739,-12.900888242015814
94.65058284001756,-44.25853420015617,-12.969268890696739
94.72003335709375,-44.246276072498304,-13.037629059131822
94.78947597927888,-44.23394807393109,-13.105968639371037
94.85891067243035,-44.22155022392208,-13.174287523496838
94.92833740244406,-44.20908254204918,-13.24258560362441
94.99775613525438,-44.19654504800058,-13.31086277190175
95.06716683683447,-44.18393776157467,-13.37911892050989
95.1365694731964,-44.171260702680094,-13.447353941663035
95.2059640103914,-44.15851389133565,-13.51556772760881
95.27535041450989,-44.14569734767029,-13.583760170628313
95.3447286516818,-44.132811091923095,-13.651931163036378
95.41409868807668,-44.11985514444323,-13.720080597181681
95.4834604899039,-44.106829525689875,-13.788208365446994
95.55281402341282,-44.09373425623228,-13.856314360249257
95.62215925489295,-44.08056935674966,-13.924398474039807
95.69149615067413,-44.067334848031194,-13.992460599304524
95.76082467712675,-44.05403075097597,-14.060500628564046
95.83014480066187,-44.040657086592965,-14.128518454373873
95.89945648773143,-44.027213876001035,-14.196513969324567
95.9687597048284,-44.01370114042886,-14.264487066041918
96.03805441848702,-44.00011890121484,-14.332437637187155
96.10734059528289,-43.986467179807235,-14.400365575457037
96.17661820183318,-43.97274599776396,-14.468270773584077
96.24588720479683,-43.95895537675264,-14.536153124336685
96.31514757087473,-43.94509533855054,-14.60401252051939
96.38439926680985,-43.93116590504455,-14.671848854972932
96.45364225938745,-43.91716709823115,-14.739662020574478
96.52287651543523,-43.90309894021638,-14.807451910237772
96.59210200182358,-43.88896145321576,-14.875218416913347
96.66131868546564,-43.87475465955431,-14.942961433588627
96.73052653331759,-43.86047858166652,-15.010680853288145
96.79972551237871,-43.84613324209626,-15.07837656907368
96.86891558969171,-43.831718663496765,-15.146048474044479
96.93809673234274,-43.817234868630635,-15.213696461337362
97.00726890746168,-43.80268188036975,-15.281320424126916
97.07643208222224,-43.78805972169526,-15.34892025562566
97.14558622384224,-43.773368415697576,-15.416495849084265
97.21473129958369,-43.758607985576255,-15.484047097791624
97.28386727675299,-43.743778454640015,-15.551573895075101
97.35299412270108,-43.728879846306754,-15.619076134300654
97.42211180482373,-43.713912184103364,-15.686553708873056
97.49122029056159,-43.698875491665845,-15.754006512235991
97.5603195474004,-43.6837697927392,-15.82143443787228
97.62940954287117,-43.66859511117737,-15.888837379304015
97.69849024455043,-43.65335147094325,-15.956215230092766
97.76756162006026,-43.63803889610864,-16.02356788383971
97.8366236370686,-43.62265741085417,-16.090895234185805
97.9056762632893,-43.60720703946933,-16.158197174811956
97.97471946648245,-43.59168780635233,-16.225473599439255
98.04375321445443,-43.576099736010185,-16.292724401829012
98.11277747505811,-43.56044285305859,-16.359949475783047
98.18179221619307,-43.54471718222187,-16.427148715143776
98.25079740580576,-43.52892274833304,-16.49432201379445
98.3197930118896,-43.51305957633363,-16.561469265659245
98.38877900248528,-43.49712769127379,-16.62859036470349
98.45775534568084,-43.481127118312116,-16.695685204933792
98.52672200961192,-43.46505788271572,-16.762753680398273
98.59567896246185,-43.448920009860096,-16.829795685186635
98.66462617246188,-43.43271352522915,-16.896811113430402
98.73356360789134,-43.41643845441515,-16.96379985930306
98.80249123707787,-43.400094823118636,-17.030761817020252
98.87140902839748,-43.38368265714845,-17.097696880839898
98.94031695027482,-43.367201982421626,-17.1646049450624
99.00921497118331,-43.350652824963404,-17.231485904030773
99.07810305964534,-43.334035210907174,-17.298339652130874
99.14698118423246,-43.3173491664944,-17.36516608379151
99.21584931356549,-43.300594718074635,-17.431965093484617
99.28470741631473,-43.28377189210544,-17.49873657572543
99.35355546120019,-43.26688071515234,-17.565480425072685
99.42239341699167,-43.249921213888825,-17.632196536128728
99.49122125250898,-43.23289341509626,-17.698884803539706
99.56003893662212,-43.21579734566385,-17.765545121995736
99.62884643825149,-43.19863303258864,-17.8321773862311
99.69764372636794,-43.181400502975414,-17.898781491024337
99.76643076999311,-43.16409978403669,-17.965357331198486
99.83520753819946,-43.14673090309265,-18.031904801621202
99.90397400011052,-43.12929388757115,-18.098423797204937
99.97273012490109,-43.111788765007624,-18.164914212907135
100.04147588179733,-43.09421556304502,-18.23137594373035
100.11021124007698,-43.07657430943384,-18.297808884722432
100.17893616906953,-43.05886503203203,-18.364212930976688
100.24765063815644,-43.04108775880496,-18.43058797763209
100.31635461677124,-43.023242517825366,-18.496933919873364
100.38504807439973,-43.00532933727332,-18.563250652931224
100.45373098058015,-42.98734824543617,-18.62953807208246
100.5224033049034,-42.96929927070853,-18.695796072650236
100.59106501701316,-42.951182441592195,-18.762024550004107
100.65971608660607,-42.9329977866961,-18.828223399560265
100.72835648343188,-42.914745334736295,-18.89439251678167
100.79698617729375,-42.89642511453591,-18.960531797178298
100.86560513804825,-42.878037155025055,-19.02664113630717
100.93421333560568,-42.85958148524083,-19.092720429772623
101.00281073993007,-42.841058134327284,-19.158769573226408
101.07139732103963,-42.82246713153527,-19.224788462367957
101.1399730490066,-42.803808506222566,-19.290776992944412
101.20853789395765,-42.785082287853655,-19.35673506075087
101.27709182607396,-42.76628850599981,-19.42266256163053
101.34563481559145,-42.74742719033895,-19.488559391474897
101.41416683280089,-42.728498370655714,-19.554425446223863
101.4826878480481,-42.709502076841254,-19.620260621865942
101.55119783173414,-42.690438338893316,-19.6860648144384
101.61969675431544,-42.67130718691617,-19.751837920027437
101.68818458630406,-42.65210865112048,-19.81757983476836
101.75666129826773,-42.632842761823376,-19.88329045484569
101.82512686083012,-42.61350954944833,-19.94896967649338
101.89358124467104,-42.59410904452511,-20.014617395995003
101.9620244205265,-42.574641277689764,-20.080233509683836
102.03045635918896,-42.555106279684566,-20.145817913943077
102.09887703150748,-42.53550408135793,-20.211370505205988
102.16728640838795,-42.515834713664404,-20.27689117995611
102.23568446079315,-42.49609820766461,-20.342379834727332
102.304071159743,-42.476294594525186,-20.407836366104135
102.37244647631474,-42.45642390551874,-20.473260670721707
102.44081038164305,-42.4364861720238,-20.53865264526617
102.50916284692028,-42.41648142552476,-20.60401218647465
102.57750384339656,-42.39640969761186,-20.669339191135517
102.64583334238,-42.37627101998109,-20.7346335560885
102.71415131523693,-42.35606542443417,-20.799895178224908
102.78245773339195,-42.3357929428785,-20.865123954487714
102.85075256832818,-42.31545360732708,-20.930319781871788
102.91903579158739,-42.29504744989852,-20.995482557424005
102.98730737477024,-42.27457450281692,-21.06061217824346
103.05556728953637,-42.254034798411844,-21.125708541481597
103.1238155076046,-42.23342836911829,-21.190771544342358
103.19205200075314,-42.21275524747666,-21.25580108408238
103.2602767408197,-42.19201546613258,-21.320797058011156
103.32848969970172,-42.171209057837025,-21.38575936349117
103.39669084935649,-42.15033605544616,-21.45068789793807
103.46488016180133,-42.1293964919213,-21.51558255882083
103.53305760911384,-42.108390400328865,-21.580443243661954
103.6012231634319,-42.08731781384034,-21.645269850037515
103.66937679695403,-42.06617876573223,-21.710062275577485
103.73751848193949,-42.04497328938596,-21.7748204179658
103.80564819070835,-42.02370141828788,-21.83954417494047
103.87376589564181,-42.002363186029186,-21.904233444293865
103.94187156918234,-41.98095862630584,-21.96888812387283
104.00996518383373,-41.959487772918585,-22.033508111578755
104.07804671216142,-41.9379506597728,-22.098093305367886
104.14611612679256,-41.91634732087858,-22.16264360325137
104.21417340041624,-41.89467779035049,-22.227158903295475
104.28221850578369,-41.872942102407684,-22.291639103621776
104.35025141570827,-41.85114029137382,-22.35608410240718
104.4182721030659,-41.829272391676895,-22.420493797884262
104.48628054079506,-41.80733843784932,-22.484868088341337
104.55427670189698,-41.7853384645278,-22.549206872122582
104.62226055943586,-41.763272506453305,-22.613510047628314
104.69023208653896,-41.74114059847098,-22.677777513314993
104.75819125639686,-41.71894277553014,-22.742009167695546
104.82613804226362,-41.69667907268417,-22.806204909339442
104.89407241745684,-41.6743495250905,-22.8703646368728
104.96199435535796,-41.65195416801053,-22.934488248978674
105.0299038294124,-41.629493036809585,-22.998575644397157
105.09780081312962,-41.60696616695687,-23.062626721925444
105.16568528008348,-41.58437359402537,-23.126641380418196
105.2335572039122,-41.56171535369186,-23.190619518787493
105.3014165583187,-41.53899148173678,-23.254561036003125
105.36926331707075,-41.51620201404422,-23.318465831092745
105.43709745400093,-41.49334698660187,-23.382333803141904
105.50491894300711,-41.47042643550095,-23.44616485129439
105.57272775805242,-41.44744039693611,-23.50995887475228
105.64052387316544,-41.42438890720547,-23.57371577277606
105.70830726244043,-41.401272002710456,-23.63743544468493
105.77607790003742,-41.37808971995584,-23.70111778985679
105.84383576018247,-41.354842095549586,-23.764762707728536
105.91158081716779,-41.33152916620287,-23.828370097796192
105.97931304535182,-41.30815096873001,-23.891939859614954
106.04703241915958,-41.284707540048366,-23.955471892799512
106.11473891308273,-41.26119891717829,-24.01896609702414
106.1824325016797,-41.23762513724312,-24.08242237202278
106.25011315957595,-41.21398623746907,-24.145840617589347
106.31778086146404,-41.1902822551852,-24.209220733577745
106.38543558210392,-41.16651322782333,-24.27256261990212
106.45307729632303,-41.14267919291798,-24.33586617653704
106.52070597901638,-41.11878018810636,-24.399131303517482
106.58832160514687,-41.094816251128265,-24.4623579009392
106.65592414974542,-41.07078741982601,-24.525545868958794
106.72351358791099,-41.04669373214442,-24.588695107793793
106.791089894811,-41.022535226130685,-24.651805517722963
106.85865304568124,-40.99831193993441,-24.714876999086325
106.92620301582625,-40.97402391180746,-24.777909452285414
106.99373978061935,-40.94967118010394,-24.840902777783402
107.06126331550281,-40.92525378328016,-24.903856876105188
107.12877359598814,-40.9007717598945,-24.96677164783768
107.19627059765612,-40.876225148607425,-25.029646993629893
107.263754296157,-40.85161398818139,-25.092482814193023
107.33122466721075,-40.82693831748075,-25.155279010300777
107.39868168660705,-40.8021981754718,-25.218035482789354
107.46612533020564,-40.77739360122257,-25.280752132557723
107.53355557393644,-40.75252463390287,-25.343428860567773
107.60097239379957,-40.72759131278422,-25.406065567844344
107.6683757658657,-40.70259367723971,-25.468662155475542
107.73576566627621,-40.67753176674402,-25.53121852461285
107.80314207124312,-40.652405620873346,-25.59373457647116
107.87050495704958,-40.62721527930528,-25.65621021232914
107.93785430004978,-40.60196078181883,-25.7186453335292
108.00519007666927,-40.576642168294285,-25.78103984147777
108.07251226340506,-40.55125947871318,-25.843393637645438
108.13982083682575,-40.52581275315827,-25.905706623567
108.20711577357177,-40.5003020318134,-25.967978700841773
108.27439705035553,-40.47472735496346,-26.03020977113366
108.34166464396148,-40.4490887629944,-26.092399736171267
108.40891853124646,-40.42338629639301,-26.154548497748195
108.47615868913967,-40.39761999574702,-26.216655957723024
108.54338509464299,-40.371789901744926,-26.278722018019614
108.61059772483107,-40.34589605517597,-26.34074658062721
108.67779655685145,-40.31993849693008,-26.40272954760052
108.74498156792484,-40.29391726799777,-26.464670821060018
108.81215273534514,-40.26783240947013,-26.526570303191935
108.87931003647975,-40.241683962538694,-26.588427896248565
108.94645344876966,-40.21547196849545,-26.650243502548342
109.01358294972954,-40.189196468732696,-26.712017024475948
109.08069851694805,-40.162857504743045,-26.77374836448258
109.14780012808794,-40.136455118119294,-26.835437425086045
109.2148877608861,-40.10998935055444,-26.897084108870857
109.28196139315395,-40.08346024384152,-26.958688318488523
109.34902100277736,-40.056867839873654,-27.02024995665755
109.41606656771702,-40.030212180643844,-27.08176892616373
109.4830980660085,-40.003493308245005,-27.14324512986024
109.55011547576231,-39.97671126486992,-27.20467847066771
109.61711877516431,-39.94986609281107,-27.266068851574534
109.6841079424757,-39.92295783446063,-27.327416175636948
109.75108295603312,-39.895986532310445,-27.3887203459791
109.81804379424902,-39.86895222895186,-27.449981265793383
109.88499043561163,-39.84185496707575,-27.511198838340416
109.95192285868522,-39.81469478947238,-27.572372966949292
110.01884104211028,-39.78747173903136,-27.633503555017754
110.08574496460355,-39.76018585874163,-27.694590506012208
110.15263460495831,-39.73283719169131,-27.755633723468037
110.21950994204452,-39.70542578106767,-27.8166331109897
110.2863709548089,-39.677951670157086,-27.877588572250787
110.35321762227522,-39.6504149023449,-27.938500010994346
110.4200499235443,-39.622815521115456,-27.999367331032865
110.48686783779429,-39.595153570051934,-28.060190436248558
110.55367134428084,-39.56742909283633,-28.120969230593463
110.62046042233712,-39.53964213324939,-28.181703618089514
110.68723505137415,-39.51179273517048,-28.24239350282886
110.75399521088084,-39.483880942577635,-28.303038788973897
110.82074088042418,-39.455906799547385,-28.3636393807574
110.88747203964945,-39.42787035025469,-28.424195182482812
110.95418866828028,-39.39977163897297,-28.48470609852422
111.02089074611888,-39.3716107100739,-28.545172033326622
111.08757825304623,-39.34338760802744,-28.605592891406108
111.1542511690221,-39.31510237740171,-28.66596857734983
111.22090947408536,-39.286755062862966,-28.726298995816364
111.28755314835406,-39.25834570917547,-28.786584051535772
111.35418217202557,-39.22987436120149,-28.846823649309684
111.42079652537683,-39.20134106390113,-28.907017694011586
111.48739618876432,-39.17274586233242,-28.967166090586815
111.55398114262447,-39.144088801651044,-29.027268744052883
111.62055136747364,-39.11536992711042,-29.0873255594995
111.68710684390828,-39.08658928406159,-29.147336442088736
111.75364755260519,-39.0577469179531,-29.207301297055213
111.8201734743216,-39.02884287433097,-29.267220029706277
111.88668458989531,-38.999877198838654,-29.327092545422023
111.95318088024491,-38.9708499372169,-29.38691874965562
112.01966232636985,-38.94176113530371,-29.446698547933284
112.08612890935069,-38.912610839034286,-29.506431845854575
112.15258061034922,-38.88339909444092,-29.56611854909248
112.21901741060854,-38.85412594765293,-29.625758563393504
112.28543929145336,-38.82479144489664,-29.685351794577954
112.35184623429002,-38.7953956324952,-29.744898148539992
112.41823822060671,-38.76593855686863,-29.804397531247762
112.48461523197365,-38.73642026453366,-29.863849848743662
112.5509772500431,-38.706840802103734,-29.92325500714432
112.61732425654975,-38.67720021628883,-29.98261291264091
112.68365623331069,-38.64749855389547,-30.04192347149921
112.74997316222554,-38.61773586182667,-30.10118659005972
112.81627502527681,-38.587912187081756,-30.1604021747379
112.88256180452986,-38.55802757675639,-30.21957013202428
112.94883348213307,-38.52808207804244,-30.27869036848454
113.01509004031811,-38.498075738227946,-30.33776279075979
113.08133146139997,-38.468008604697026,-30.396787305566587
113.14755772777718,-38.43788072492978,-30.45576381969718
113.21376882193198,-38.40769214650222,-30.514692240019617
113.27996472643032,-38.37744291708626,-30.573572473477835
113.34614542392225,-38.34713308444956,-30.632404427091945
113.4123108971419,-38.316762696455456,-30.691188007958267
113.47846112890763,-38.286331801062964,-30.74992312324947
113.54459610212231,-38.255840446326616,-30.80860968021484
113.61071579977332,-38.22528868039642,-30.86724758618023
113.67682020493278,-38.19467655151779,-30.92583674854841
113.74290930075777,-38.164004108031435,-30.98437707479913
113.80898307049026,-38.13327139837336,-31.042868472489168
113.87504149745749,-38.10247847107469,-31.10131084925265
113.94108456507205,-38.07162537476166,-31.15970411280111
114.0071122568319,-38.04071215815553,-31.218048170923566
114.07312455632074,-38.009738870072475,-31.27634293148683
114.13912144720793,-37.97870555942356,-31.334588302435463
114.20510291324888,-37.94761227521461,-31.39278419179214
114.27106893828498,-37.91645906654616,-31.450930507657578
114.33701950624383,-37.8852459826134,-31.50902715821078
114.40295460113947,-37.853973072706026,-31.567074051709252
114.4688742070724,-37.822640386208235,-31.625071096489005
114.53477830822979,-37.79124797259863,-31.683018200964785
114.60066688888564,-37.759795881450096,-31.74091527363022
114.66653993340086,-37.7282841624298,-31.798762223057903
114.73239742622349,-37.69671286529904,-31.856558957899615
114.79823935188884,-37.665082039913194,-31.914305386886447
114.86406569501955,-37.63339173622167,-31.972001418828867
114.92987644032586,-37.60164200426777,-32.02964696261699
114.9956715726057,-37.56983289418864,-32.087241927220646
115.06145107674476,-37.53796445621525,-32.144786221689486
115.1272149377168,-37.506036740672165,-32.202279755153256
115.1929631405836,-37.47404979797765,-32.259722436821775
115.25869567049529,-37.44200367864343,-32.31711417598524
115.32441251269037,-37.409898433274684,-32.37445488201426
115.39011365249588,-37.37773411257002,-32.431744464360015
115.4557990753276,-37.34551076732126,-32.48898283255444
115.52146876669015,-37.313228448413454,-32.546169896210365
115.58712271217706,-37.28088720682483,-32.603305565021586
115.65276089747108,-37.248487093626586,-32.66038974876308
115.71838330834417,-37.21602815998295,-32.71742235729114
115.78398993065773,-37.183510457150994,-32.774403300543476
115.84958075036272,-37.150934036480606,-32.83133248853944
115.91515575349976,-37.11829894941441,-32.88820983138002
115.98071492619935,-37.08560524748767,-32.945035239248156
116.04625825468199,-37.05285298232817,-33.00180862240879
116.1117857252582,-37.020042205656246,-33.05852989120896
116.17729732432889,-36.98717296928458,-33.115198956078096
116.24279303838526,-36.95424532511818,-33.17181572752794
116.30827285400912,-36.92125932515429,-33.22838011615292
116.37373675787299,-36.8882150214823,-33.284892032630175
116.43918473674013,-36.85511246628369,-33.34135138771962
116.5046167774648,-36.821951711831915,-33.39775809226425
116.57003286699242,-36.788732810492306,-33.454112057190194
116.63543299235954,-36.755455814722076,-33.51041319350682
116.7008171406942,-36.72212077707012,-33.56666141230698
116.76618529921586,-36.68872775017702,-33.62285662476703
116.8315374552357,-36.65527678677494,-33.678998742147066
116.89687359615671,-36.62176793968749,-33.73508767579105
116.96219370947372,-36.588201261829724,-33.791123337126855
117.02749778277375,-36.554576806208004,-33.84710563766656
117.09278580373591,-36.520894625919944,-33.90303448900644
117.15805776013173,-36.48715477415431,-33.95890980282722
117.22331363982521,-36.45335730419092,-34.01473149089417
117.28855343077294,-36.41950226940059,-34.0704994650572
117.35377712102425,-36.38558972324505,-34.12621363725107
117.41898469872143,-36.351619719276826,-34.18187391949552
117.48417615209968,-36.31759231113922,-34.23748022389533
117.54935146948746,-36.28350755256612,-34.293032462640596
117.61451063930643,-36.24936549738204,-34.34853054800671
117.67965365007174,-36.21516619950193,-34.403974392354634
117.74478049039212,-36.18090971293113,-34.459363908130996
117.80989114896988,-36.14659609176535,-34.51469900786815
117.87498561460126,-36.11222539019047,-34.56997960418444
117.94006387617645,-36.077797662482496,-34.62520560978429
118.00512592267965,-36.04331296300754,-34.680376937458234
118.07017174318939,-36.00877134622161,-34.73549350008327
118.13520132687846,-35.97417286667068,-34.790555210622784
118.2002146630142,-35.93951757899045,-34.84556198212684
118.26521174095856,-35.90480553790633,-34.90051372773224
118.3301925501682,-35.8700367982334,-34.955410360662654
118.39515708019474,-35.83521141487624,-35.010251794228836
118.4601053206847,-35.800329442828875,-35.06503794182866
118.52503726137982,-35.765390937174715,-35.11976871694732
118.58995289211713,-35.73039595308639,-35.17444403315747
118.65485220282893,-35.695344545825826,-35.22906380411929
118.71973518354321,-35.660236770743914,-35.28362794358073
118.78460182438351,-35.62507268328064,-35.338136365377565
118.84945211556919,-35.58985233896493,-35.39258898343355
118.91428604741553,-35.554575793414486,-35.44698571176056
118.97910361033384,-35.519243102335786,-35.50132646445876
119.04390479483158,-35.483854321523985,-35.55561115571665
119.10868959151257,-35.44840950686279,-35.60983969981135
119.17345799107694,-35.4129087143244,-35.66401201110852
119.23820998432149,-35.37735199996943,-35.71812800406272
119.3029455621396,-35.341739419946755,-35.77218759321741
119.36766471552149,-35.30607103049353,-35.82619069320511
119.4323674355543,-35.270346887935,-35.88013721874757
119.49705371342225,-35.23456704868445,-35.93402708465586
119.56172354040665,-35.19873156924314,-35.98786020583051
119.6263769078862,-35.162840506200176,-36.04163649726169
119.69101380733693,-35.12689391623247,-36.09535587402927
119.75563423033249,-35.09089185610457,-36.14901825130305
119.8202381685442,-35.05483438266864,-36.20262354434281
119.88482561374107,-35.01872155286438,-36.25617166849845
119.94939655779014,-34.98255342371885,-36.309662539210194
120.01395099265643,-34.946330052346475,-36.36309607200867
120.0784889104031,-34.9100514959489,-36.416472182514994
120.14301030319163,-34.87371781181491,-36.46979078644105
120.20751516328184,-34.83732905732037,-36.52305179958944
120.27200348303211,-34.800885289928075,-36.57625513785378
120.33647525489945,-34.764386567187714,-36.62940071721874
120.40093047143962,-34.727832946735745,-36.68248845376018
120.46536912530723,-34.69122448629533,-36.735518263645304
120.52979120925596,-34.654561243676234,-36.78849006313286
120.5941967161385,-34.61784327677471,-36.84140376857309
120.65858563890686,-34.58107064357343,-36.89425929640807
120.72295797061231,-34.54424340214143,-36.94705656317167
120.78731370440568,-34.507361610633936,-36.99979548548982
120.85165283353733,-34.47042532729231,-37.05247598008058
120.91597535135729,-34.433434610444024,-37.10509796375422
120.98028125131546,-34.39638951850244,-37.15766135341346
121.04457052696165,-34.35929010996682,-37.21016606605356
121.10884317194567,-34.32213644342221,-37.26261201876236
121.17309918001759,-34.28492857753928,-37.3149991287206
121.23733854502761,-34.2476665710744,-37.367327313201834
121.30156126092645,-34.2103504828693,-37.41959648957274
121.36576732176528,-34.172980371851196,-37.47180657529316
121.42995672169583,-34.13555629703261,-37.52395748791621
121.49412945497065,-34.098078317511245,-37.57604914508852
121.55828551594307,-34.06054649246994,-37.628081464550235
121.62242489906737,-34.022960881176594,-37.680054364135216
121.68654759889891,-33.985321542983996,-37.73196776177117
121.75065361009419,-33.94762853732982,-37.78382157547975
121.81474292741102,-33.90988192373647,-37.8356157233767
121.87881554570862,-33.87208176181096,-37.887350123672014
121.94287145994764,-33.834228111244954,-37.93902469466998
122.00691066519042,-33.79632103181451,-37.99063935476943
122.07093315660099,-33.75836058338006,-38.042194022463754
122.13493892944517,-33.72034682588635,-38.093688616341076
122.19892797909077,-33.68227981936231,-38.14512305508445
122.26290030100758,-33.64415962392094,-38.196497257471826
122.32685589076759,-33.605986299759216,-38.24781114237635
122.39079474404505,-33.56775990715801,-38.29906462876641
122.45471685661653,-33.52948050648205,-38.35025763570573
122.51862222436105,-33.491148158179726,-38.40139008235356
122.58251084326032,-33.45276292278301,-38.45246188796482
122.64638270939855,-33.414324860907485,-38.50347297189011
122.71023781896291,-33.37583403325205,-38.55442325357604
122.77407616824327,-33.33729050059902,-38.605312652565075
122.83789775363262,-33.298694323813855,-38.65614108849595
122.90170257162701,-33.2600455638452,-38.70690848110364
122.96549061882564,-33.22134428172473,-38.75761475021947
123.02926189193104,-33.182590538567055,-38.80825981577133
123.09301638774916,-33.14378439556959,-38.85884359778378
123.15675410318934,-33.10492591401258,-38.90936601637807
123.22047503526464,-33.06601515525884,-38.95982699177246
123.28417918109172,-33.02705218075379,-39.01022644428215
123.34786653789105,-32.98803705202528,-39.060564294319505
123.41153710298708,-32.94896983068349,-39.11084046239424
123.47519087380812,-32.909850578420944,-39.16105486911339
123.53882784788664,-32.87067935701225,-39.21120743518155
123.60244802285929,-32.831456228314124,-39.261298081401
123.666051396467,-32.792181254265245,-39.311326728671744
123.72963796655506,-32.752854496886144,-39.36129329799174
123.79320773107324,-32.71347601827915,-39.41119771045693
123.8567606880759,-32.674045880628256,-39.46103988726145
123.92029683572207,-32.63456414619901,-39.510819749697724
123.98381617227545,-32.59503087733851,-39.5605372191565
124.04731869610471,-32.55544613647513,-39.61019221712714
124.11080440568341,-32.515809986118605,-39.65978466519765
124.17427329959011,-32.47612248885982,-39.709314485054726
124.23772537650859,-32.436383707370744,-39.75878159848408
124.30116063522775,-32.39659370440437,-39.80818592737034
124.36457907464187,-32.3567525427945,-39.85752739369735
124.42798069375061,-32.31686028545579,-39.906805919548205
124.49136549165912,-32.27691699538356,-39.95602142710536
124.55473346757816,-32.236922735653714,-40.00517383865085
124.61808462082412,-32.196877569422625,-40.054263076566286
124.68141895081915,-32.15678155992712,-40.10328906333306
124.74473645709129,-32.116634770484225,-40.15225172153246
124.80803713927445,-32.07643726449125,-40.20115097384573
124.87132099710863,-32.03618910542551,-40.24998674305432
124.93458803043988,-31.99589035684433,-40.298758952039876
124.99783823922046,-31.955541082384972,-40.34746752378438
125.06107162350892,-31.915141345764432,-40.39611238137039
125.1242881834702,-31.87469121077939,-40.44469344798106
125.18748791937557,-31.834190741306166,-40.49321064690018
125.25067083160299,-31.79364000130049,-40.54166390151254
125.3138369206369,-31.753039054797544,-40.5900531353038
125.3769861870685,-31.71238796591177,-40.63837827186076
125.44011863159577,-31.67168679883675,-40.68663923487145
125.50323425502347,-31.630935617845214,-40.734835948125195
125.56633305826342,-31.59013448728882,-40.782968335512834
125.62941504233434,-31.54928347159815,-40.83103632102674
125.69248020836213,-31.508382635282512,-40.879039828760995
125.75552855757984,-31.4674320429299,-40.92697878291154
125.81856009132773,-31.426431759206917,-40.974853107776184
125.88157481105344,-31.385381848858586,-41.022662727754856
125.94457271831205,-31.344282376708318,-41.07040756734965
126.00755381476601,-31.303133407657803,-41.11808755116492
126.07051810218546,-31.261935006686873,-41.165702603907484
126.13346558244808,-31.22068723885343,-41.213252650386664
126.19639625753932,-31.179390169293328,-41.26073761551445
126.2593101295524,-31.13804386322026,-41.30815742430561
126.32220720068835,-31.09664838592572,-41.35551200187777
126.38508747325619,-31.055203802778802,-41.4028012734516
126.44795094967294,-31.01371017922613,-41.4500251643509
126.51079763246364,-30.972167580791854,-41.49718360000268
126.57362752426154,-30.930576073077358,-41.54427650593735
126.63644062780804,-30.88893572176135,-41.591303807788755
126.6992369459529,-30.847246592599603,-41.6382654312944
126.76201648165419,-30.80550875142494,-41.685161302295455
126.82477923797838,-30.763722264147134,-41.73199134673693
126.88752521810046,-30.721887196752732,-41.77875549066781
126.95025442530402,-30.68000361530501,-41.82545366024114
127.01296686298119,-30.63807158594388,-41.8720857817141
127.07566253463284,-30.59609117488572,-41.91865178144823
127.13834144386855,-30.554062448423352,-41.96515158590944
127.2010035944068,-30.511985472925865,-42.01158512166821
127.2636489900749,-30.46986031483852,-42.05795231539966
127.32627763480909,-30.427687040682724,-42.104253093883635
127.38888953265464,-30.38546571705583,-42.15048738400489
127.45148468776596,-30.343196410631048,-42.196655112753184
127.51406310440645,-30.300879188157406,-42.24275620722336
127.57662478694884,-30.25851411645956,-42.28879059461552
127.63916973987502,-30.216101262437753,-42.334758202235044
127.70169796777623,-30.173640693067664,-42.38065895749282
127.76420947535313,-30.13113247540032,-42.42649278790533
127.82670426741569,-30.088576676562017,-42.472259621094636
127.8891823488835,-30.045973363754165,-42.517959384788696
127.95164372478561,-30.00332260425319,-42.56359200682135
128.01408840026068,-29.960624465410493,-42.60915741513244
128.07651638055705,-29.917879014652232,-42.65465553776799
128.13892767103277,-29.875086319479337,-42.70008630288022
128.20132227715564,-29.832246447467302,-42.745449638727784
128.26370020450327,-29.789359466266124,-42.79074547367578
128.32606145876312,-29.746425443600227,-42.83597373619587
128.38840604573264,-29.703444447268268,-42.88113435486647
128.45073397131924,-29.6604165451431,-42.92622725837283
128.51304524154025,-29.617341805171687,-42.97125237550706
128.5753398625232,-29.57422029537489,-43.01620963516839
128.63761784050567,-29.531052083847484,-43.06109896636312
128.69987918183546,-29.48783723875795,-43.105920298204914
128.76212389297055,-29.444575828348434,-43.15067355991476
128.82435198047918,-29.401267920934615,-43.19535868082114
128.88656345103993,-29.357913584905578,-43.23997559036014
128.94875831144174,-29.314512888723733,-43.284524218075596
129.01093656858387,-29.271065900924725,-43.329004493619124
129.0730982294762,-29.227572690117245,-43.373416346750325
129.13524330123886,-29.184033324983055,-43.41775970733678
129.19737179110274,-29.140447874276724,-43.462034505354296
129.25948370640918,-29.096816406825617,-43.506240670886925
129.32157905461014,-29.053138991529813,-43.55037813412708
129.38365784326828,-29.00941569736189,-43.5944468253757
129.4457200800569,-28.96564659336689,-43.638446675042296
129.50776577276008,-28.921831748662232,-43.68237761364509
129.5697949292727,-28.877971232437496,-43.72623957181118
129.6318075576003,-28.834065113954463,-43.770032480276484
129.69380366585943,-28.790113462546866,-43.813756269886056
129.75578326227748,-28.746116347620358,-43.85741087159407
129.81774635519267,-28.70207383865241,-43.90099621646393
129.87969295305427,-28.65798600519214,-43.94451223566844
129.94162306442254,-28.61385291686024,-43.98795886048987
130.00353669796866,-28.569674643348915,-44.03133602232005
130.06543386247498,-28.525451254421654,-44.07464365266055
130.1273145668348,-28.481182819913258,-44.117881683122675
130.18917882005266,-28.436869409729606,-44.1610500454277
130.25102663124417,-28.39251109384762,-44.20414867140689
130.3128580096361,-28.348107942315156,-44.2471774930016
130.37467296456646,-28.303660025250835,-44.29013644226349
130.43647150548446,-28.259167412843972,-44.333025451354494
130.49825364195058,-28.214630175354507,-44.375844452547
130.5600193836366,-28.170048383112782,-44.41859337822399
130.62176874032548,-28.125422106519572,-44.46127216087904
130.68350172191165,-28.080751416045835,-44.50388073311656
130.74521833840086,-28.036036382232677,-44.54641902765178
130.8069185999102,-27.99127707569127,-44.588886977310935
130.86860251666815,-27.94647356710265,-44.63128451503131
130.93027009901468,-27.90162592721766,-44.673611573861464
130.99192135740105,-27.856734226856872,-44.71586808696113
131.05355630239015,-27.811798536910388,-44.75805398760155
131.11517494465622,-27.766818928337823,-44.8001692091654
131.17677729498504,-27.721795472168097,-44.84221368514701
131.23836336427394,-27.676728239499376,-44.88418734915241
131.29993316353165,-27.63161730149901,-44.92609013489947
131.36148670387857,-27.58646272940331,-44.96792197621794
131.42302399654662,-27.54126459451749,-45.00968280704967
131.4845450528792,-27.49602296821562,-45.051372561448574
131.5460498843315,-27.45073792194034,-45.09299117358087
131.60753850247002,-27.40540952720299,-45.13453857772506
131.6690109189731,-27.360037855583247,-45.176014708272135
131.7304671456306,-27.314622978729172,-45.21741949972564
131.791907194344,-27.26916496835708,-45.25875288670172
131.85333107712643,-27.223663896251363,-45.30001480392934
131.91473880610266,-27.17811983426441,-45.34120518625031
131.9761303935091,-27.132532854316537,-45.38232396861938
132.03750585169382,-27.086903028395774,-45.423371086104375
132.09886519311655,-27.041230428557892,-45.464346473886295
132.1602084303487,-26.995515126926126,-45.50525006725942
132.22153557607328,-26.94975719569117,-45.546081801631395
132.28284664308504,-26.903956707111075,-45.58684161252332
132.34414164429037,-26.858113733511047,-45.62752943556989
132.40542059270737,-26.812228347283376,-45.66814520651951
132.46668350146575,-26.7663006208874,-45.70868886123431
132.52793038380693,-26.72033062684922,-45.74916033569033
132.58916125308397,-26.674318437761766,-45.78955956597757
132.65037612276163,-26.62826412628455,-45.829886488300154
132.71157500641633,-26.58216776514361,-45.87014103897637
132.77275791773607,-26.536029427131403,-45.910323154438764
132.83392487052063,-26.489849185106667,-45.950432771234304
132.89507587868138,-26.44362711199428,-45.990469826024444
132.95621095624128,-26.397363280785246,-46.0304342555852
133.01733011733498,-26.351057764536428,-46.07032599680726
133.07843337620872,-26.30471063637059,-46.110144986696156
133.1395207472204,-26.258321969476164,-46.14989116237224
133.20059224483944,-26.211891837107164,-46.189564461070894
133.26164788364693,-26.165420312583137,-46.22916482014254
133.3226876783355,-26.11890746928895,-46.26869217705284
133.38371164370935,-26.072353380674734,-46.30814646938268
133.4447197946842,-26.02575812025575,-46.34752763482834
133.50571214628738,-25.97912176161226,-46.38683561120161
133.56668871365764,-25.93244437838947,-46.42607033642981
133.62764951204528,-25.885726044297318,-46.465231748555944
133.68859455681212,-25.838966833110423,-46.50431978573884
133.74952386343134,-25.792166818667987,-46.54333438625311
133.8104374474877,-25.745326074873592,-46.58227548848939
133.8713353246772,-25.698444675695196,-46.62114303095435
133.93221751080742,-25.65152269516491,-46.659936952270854
133.99308402179724,-25.60456020737894,-46.698657191178015
134.05393487367687,-25.557557286497484,-46.73730368653125
134.11477008258788,-25.51051400674456,-46.775876377302495
134.17558966478316,-25.463430442407912,-46.81437520258022
134.23639363662681,-25.416306667838946,-46.85280010156949
134.29718201459426,-25.369142757452497,-46.891151013592186
134.35795481527205,-25.321938785726857,-46.92942787808693
134.41871205535804,-25.274694827203522,-46.96763063460937
134.4794537516612,-25.227410956487137,-47.00575922283213
134.54017992110158,-25.180087248245417,-47.04381358254496
134.60089058071037,-25.13272377720894,-47.081793653654834
134.66158574762983,-25.085320618171078,-47.11969937618604
134.72226543911322,-25.037877845987918,-47.157530690280254
134.7829296725248,-24.99039553557805,-47.19528753619669
134.8435784653398,-24.942873761922545,-47.23296985431211
134.90421183514434,-24.89531260006476,-47.270577585120996
134.9648297996355,-24.847712125110235,-47.30811066923563
135.0254323766211,-24.80007241222667,-47.34556904738612
135.08601958401977,-24.752393536643645,-47.38295266042057
135.146591439861,-24.704675573652594,-47.420261449305194
135.2071479622849,-24.65691859860673,-47.45749535512429
135.2676891695423,-24.609122686920802,-47.494654319080446
135.32821507999464,-24.561287914071112,-47.53173828249458
135.3887257121139,-24.51341435559528,-47.56874718680606
135.44922108448273,-24.46550208709217,-47.60568097357277
135.50970121579414,-24.417551184221832,-47.642539584471216
135.57016612485162,-24.369561722705264,-47.67932296129662
135.6306158305691,-24.321533778324365,-47.71603104596303
135.69105035197077,-24.273467426921844,-47.75266378050333
135.75146970819122,-24.225362744401,-47.78922110706948
135.8118739184752,-24.177219806725727,-47.825702967932436
135.87226300217762,-24.12903868992027,-47.86210930548236
135.93263697876364,-24.08081947006919,-47.89844006222871
135.99299586780836,-24.03256222331723,-47.93469518080022
136.053339688997,-23.984267025869165,-47.97087460394513
136.1136684621247,-23.935933953989682,-48.0069782745312
136.17398220709651,-23.887563084003336,-48.043006135545795
136.2342809439273,-23.8391544922943,-48.078958130096
136.29456469274177,-23.790708255306374,-48.11483420140872
136.3548334737743,-23.742224449542775,-48.15063429283073
136.41508730736896,-23.69370315156602,-48.1863583478288
136.4753262139794,-23.6451444379979,-48.22200630998979
136.5355502141688,-23.596548385519238,-48.25757812302067
136.59575932860983,-23.54791507086982,-48.29307373074873
136.6559535780845,-23.49924457084831,-48.32849307712152
136.71613298348424,-23.45053696231205,-48.363836106207096
136.77629756580964,-23.40179232217703,-48.39910276219396
136.83644734617053,-23.35301072741767,-48.43429298939126
136.8965823457859,-23.304192255066756,-48.46940673222883
136.9567025859837,-23.255336982215347,-48.50444393525727
137.01680808820092,-23.206444986012578,-48.53940454314806
137.07689887398345,-23.15751634366556,-48.57428850069363
137.13697496498597,-23.108551132439338,-48.60909575280743
137.19703638297193,-23.059549429656627,-48.64382624452408
137.25708314981344,-23.01051131269784,-48.67847992099937
137.31711528749122,-22.961436859000838,-48.713056727510434
137.3771328180945,-22.912326146060863,-48.74755660945578
137.43713576382092,-22.863179251430473,-48.78197951235537
137.49712414697646,-22.813996252719306,-48.816325381850746
137.55709798997543,-22.76477722759401,-48.8505941637051
137.61705731534025,-22.71552225377818,-48.88478580380333
137.67700214570152,-22.66623140905211,-48.91890024815219
137.73693250379776,-22.6169047712528,-48.95293744288029
137.79684841247547,-22.56754241827373,-48.98689733423828
137.85674989468902,-22.518144428064776,-49.02077986859885
137.9166369735004,-22.46871087863215,-49.054584992456846
137.9765096720794,-22.419241848038144,-49.08831265242936
138.03636801370334,-22.369737414401097,-49.12196279525583
138.0962120217569,-22.320197655895306,-49.155535367798066
138.15604171973231,-22.270622650750767,-49.18903031704042
138.21585713122894,-22.221012477253225,-49.222447590089764
138.27565827995343,-22.171367213743892,-49.25578713417568
138.33544518971948,-22.121686938619405,-49.28904889665048
138.3952178844478,-22.071971730331718,-49.32223282498929
138.45497638816593,-22.022221667387935,-49.35533886679016
138.51472072500832,-21.972436828350165,-49.38836696977415
138.574450919216,-21.922617291835504,-49.421317081785354
138.63416699513664,-21.872763136515765,-49.45418915079106
138.69386897722435,-21.8228744411175,-49.486983124881775
138.7535568900397,-21.772951284421737,-49.519698952271334
138.8132307582495,-21.722993745263963,-49.55233658129701
138.8728906066266,-21.67300190253397,-49.58489596041949
138.93253646005013,-21.622975835175684,-49.6173770382231
138.992168343505,-21.572915622187082,-49.64977976341577
139.05178628208202,-21.5228213426201,-49.682104084829184
139.11139030097772,-21.472693075580416,-49.71434995141882
139.1709804254942,-21.42253090022744,-49.74651731226405
139.23055668103913,-21.372334895774078,-49.77860611656822
139.29011909312553,-21.32210514148665,-49.810616313658755
139.34966768737164,-21.271841716684825,-49.842547852987146
139.40920248950093,-21.22154470074141,-49.87440068412914
139.4687235253419,-21.171214173082223,-49.9061747567848
139.52823082082782,-21.12085021318609,-49.9378700207785
139.58772440199695,-21.07045290058452,-49.969486426059106
139.64720429499204,-21.02002231486181,-50.00102392269997
139.70667052606052,-20.969558535654702,-50.03248246089912
139.76612312155422,-20.91906164265238,-50.06386199097921
139.82556210792916,-20.86853171559637,-50.09516246338768
139.88498751174563,-20.817968834280293,-50.12638382869681
139.94439935966795,-20.767373078549838,-50.15752603760382
140.00379767846428,-20.71674452830264,-50.18858904093088
140.06318249500666,-20.666083263488055,-50.21957278962529
140.1225538362707,-20.61538936410716,-50.25047723475947
140.18191172933558,-20.564662910212544,-50.28130232753109
140.24125620138386,-20.513903981908168,-50.31204801926313
140.30058727970132,-20.463112659349353,-50.34271426140393
140.35990499167687,-20.4122890227425,-50.3733010055273
140.4192093648024,-20.361433152345064,-50.40380820333263
140.47850042667264,-20.31054512846544,-50.43423580664485
140.53777820498502,-20.259625031462722,-50.46458376741466
140.5970427275395,-20.20867294174673,-50.494852037718466
140.65629402223848,-20.157688939777753,-50.525040569758524
140.71553211708667,-20.106673106066474,-50.555149315863055
140.77475704019085,-20.055625521173887,-50.585178228486214
140.83396881975983,-20.004546265711063,-50.615127260208276
140.8931674841042,-19.95343542033916,-50.64499636373559
140.95235306163627,-19.902293065769157,-50.67478549190079
141.01152558086997,-19.85111928276179,-50.70449459766279
141.0706850704205,-19.79991415212749,-50.73412363410682
141.12983155900434,-19.748677754726128,-50.76367255444462
141.18896507543914,-19.69741017146695,-50.7931413120144
141.24808564864335,-19.646111483308502,-50.82252986028096
141.3071933076363,-19.594781771258386,-50.85183815283579
141.3662880815379,-19.543421116373253,-50.88106614339708
141.42536999956855,-19.492029599758567,-50.910213785809844
141.48443909104896,-19.440607302568537,-50.939281034046
141.54349538539995,-19.389154306006024,-50.96826784220436
141.6025389121424,-19.33767069132231,-50.99717416451082
141.66156970089696,-19.286156539817036,-51.02599995531834
141.72058778138398,-19.23461193283811,-51.054745169107065
141.77959318342332,-19.18303695178147,-51.08340976048439
141.83858593693407,-19.13143167809109,-51.111993684184995
141.89756607193462,-19.07979619325872,-51.140496895070974
141.95653361854235,-19.028130578823816,-51.16891934813187
142.01548860697338,-18.976434916373478,-51.19726099848474
142.07443106754258,-18.92470928754219,-51.22552180137425
142.13336103066328,-18.872953774011766,-51.25370171217274
142.19227852684713,-18.821168457511256,-51.28180068638027
142.25118358670395,-18.769353419816724,-51.309818679624755
142.31007624094144,-18.717508742751203,-51.33775564766193
142.36895652036523,-18.665634508184507,-51.365611546375526
142.4278244558785,-18.613730798033114,-51.39338633177727
142.4866800784818,-18.5617976942601,-51.421079960006985
142.54552341927308,-18.50983527887491,-51.44869238733265
142.6043545094473,-18.457843633933273,-51.47622357015048
142.66317338029626,-18.40582284153713,-51.50367346498497
142.7219800632086,-18.353772983834368,-51.531042028489004
142.78077458966936,-18.30169414301886,-51.55832921744387
142.83955699126,-18.24958640133019,-51.58553498875936
142.89832729965818,-18.19744984105357,-51.61265929947389
142.9570855466374,-18.145284544519782,-51.639702106754434
143.01583176406703,-18.093090594104932,-51.66666336789672
143.07456598391204,-18.040868072230374,-51.69354304032524
143.13328823823275,-17.98861706136264,-51.72034108159332
143.19199855918473,-17.936337644013165,-51.74705744938319
143.2506969790185,-17.88402990273832,-51.77369210150606
143.30938353007946,-17.831693920139156,-51.80024499590218
143.36805824480763,-17.779329778861314,-51.82671609064091
143.4267211557374,-17.726937561594955,-51.85310534392077
143.48537229549743,-17.67451735107452,-51.87941271406953
143.5440116968104,-17.622069230078665,-51.90563815954426
143.6026393924928,-17.569593281430166,-51.931781638931426
143.66125541545475,-17.51708958799567,-51.95784311094687
143.71985979869976,-17.464558232685715,-51.98382253443598
143.7784525753246,-17.41199929845446,-52.00971986837371
143.83703377851904,-17.35941286829962,-52.035535071864636
143.89560344156558,-17.306799025262386,-52.061268104143004
143.95416159783943,-17.25415785242717,-52.08691892457288
144.0127082808081,-17.201489432921562,-52.11248749264809
144.0712435240313,-17.148793849916213,-52.137973767992385
144.1297673611607,-17.096071186624613,-52.16337771035947
144.1882798259397,-17.043321526303075,-52.18869927963301
144.24678095220327,-16.99054495225049,-52.21393843582685
144.30527077387765,-16.937741547808265,-52.23909513908487
144.3637493249802,-16.884911396360213,-52.26416934968122
144.4222166396192,-16.832054581332336,-52.2891610280203
144.48067275199355,-16.779171186192745,-52.314070134636836
144.53911769639262,-16.72626129445157,-52.33889663019595
144.597551507196,-16.67332498966072,-52.36364047549321
144.6559742188732,-16.62036235541388,-52.38830163145471
144.7143858659837,-16.567373475346265,-52.41288005913714
144.77278648317636,-16.514358433134525,-52.437375719727775
144.8311761051894,-16.46131731249669,-52.461788574544634
144.88955476685018,-16.408250197191908,-52.48611858503649
144.94792250307495,-16.355157171020377,-52.51036571278294
145.0062793488685,-16.302038317823275,-52.53452991949445
145.06462533932415,-16.248893721482478,-52.558611167012465
145.12296050962328,-16.1957234659206,-52.58260941730937
145.1812848950353,-16.142527635100716,-52.60652463248867
145.23959853091733,-16.089306313026277,-52.630356774784985
145.29790145271392,-16.036059583741057,-52.65410580656408
145.35619369595688,-15.982787531328892,-52.677771690323034
145.41447529626504,-15.929490239913603,-52.701354388690156
145.47274628934395,-15.876167793658924,-52.72485386442516
145.53100671098574,-15.82282027676824,-52.748270080419154
145.58925659706873,-15.769447773484606,-52.771602999694736
145.64749598355738,-15.716050368090462,-52.79485258540606
145.7057249065019,-15.662628144907584,-52.81801880083886
145.76394340203802,-15.60918118829699,-52.84110160941047
145.8221515063868,-15.555709582658707,-52.864100974670045
145.88034925585438,-15.502213412431676,-52.88701686029843
145.93853668683167,-15.448692762093689,-52.90984923010829
145.99671383579417,-15.39514771616112,-52.93259804804423
146.0548807393016,-15.341578359188944,-52.95526327818273
146.11303743399785,-15.287984775770473,-52.97784488473231
146.17118395661058,-15.234367050537266,-53.00034283203354
146.22932034395095,-15.180725268159065,-53.02275708455909
146.28744663291343,-15.127059513343557,-53.04508760691378
146.3455628604756,-15.073369870836268,-53.06733436383468
146.40366906369772,-15.01965642542051,-53.08949732019113
146.4617652797226,-14.965919261917112,-53.111576440984784
146.51985154577534,-14.912158465184424,-53.13357169134968
146.577927899163,-14.858374120118063,-53.15548303655235
146.63599437727441,-14.80456631165083,-53.17731044199178
146.69405101757982,-14.750735124752644,-53.19905387319951
146.75209785763076,-14.696880644430276,-53.2207132958397
146.81013493505966,-14.643002955727278,-53.242288675709155
146.86816228757962,-14.589102143723917,-53.26377997873742
146.92617995298417,-14.535178293536891,-53.28518717098678
146.98418796914694,-14.481231490319363,-53.30651021865236
147.04218637402147,-14.42726181926067,-53.327749088062156
147.1001752056409,-14.37326936558628,-53.348903745677106
147.15815450211767,-14.31925421455768,-53.36997415809112
147.21612430164325,-14.265216451472151,-53.39096029203111
147.27408464248794,-14.211156161662675,-53.411862114357135
147.3320355630005,-14.157073430497869,-53.43267959206236
147.38997710160794,-14.102968343381706,-53.45341269227314
147.44790929681517,-14.048840985753545,-53.474061382249076
147.50583218720482,-13.994691443087852,-53.49462562938309
147.56374581143692,-13.940519800894126,-53.5151054012014
147.6216502082485,-13.886326144716824,-53.535500665363664
147.6795454164535,-13.832110560135106,-53.55581138966297
147.73743147494238,-13.77787313276276,-53.576037542025944
147.79530842268184,-13.72361394824813,-53.59617909051268
147.85317629871457,-13.66933309227383,-53.616236003316956
147.9110351421589,-13.615030650556783,-53.63620824876616
147.96888499220861,-13.560706708847938,-53.65609579532139
148.02672588813255,-13.506361352932194,-53.6758986115775
148.08455786927433,-13.45199466862832,-53.69561666626314
148.14238097505216,-13.39760674178872,-53.71524992824081
148.20019524495845,-13.343197658299328,-53.734798366506894
148.25800071855954,-13.288767504079553,-53.75426195019176
148.31579743549543,-13.234316365082005,-53.773640648559756
148.3735854354794,-13.1798443272925,-53.79293443100924
148.4313647582979,-13.1253514767298,-53.812143267072734
148.48913544381,-13.070837899445536,-53.83126712641683
148.5468975319473,-13.016303681524125,-53.85030597884238
148.60465106271354,-12.961748909082504,-53.86925979428441
148.66239607618428,-12.907173668270143,-53.888128542812254
148.72013261250663,-12.85257804526878,-53.90691219462961
148.777860711899,-12.797962126292333,-53.925610720074516
148.83558041465065,-12.74332599758683,-53.94422408961944
148.89329176112156,-12.688669745430161,-53.96275227387133
148.950994791742,-12.633993456131988,-53.98119524357167
149.00868954701227,-12.57929721603367,-53.99955296959647
149.06637606750238,-12.524581111508002,-54.017825422956406
149.12405439385168,-12.469845228959219,-54.03601257479674
149.18172456676874,-12.415089654822733,-54.054114396397516
149.23938662703083,-12.360314475565042,-54.07213085917346
149.29704061548367,-12.30551977768368,-54.09006193467413
149.3546865730412,-12.250705647706928,-54.107907594583914
149.41232454068518,-12.195872172193763,-54.125667810722085
149.4699545594648,-12.141019437733767,-54.1433425550428
149.52757667049664,-12.086147530946853,-54.160931799635264
149.58519091496402,-12.03125653848329,-54.178435516723646
149.64279733411686,-11.976346547023432,-54.195853678667184
149.7003959692714,-11.921417643277628,-54.213186257960224
149.7579868618097,-11.866469913986155,-54.23043322723227
149.81557005317956,-11.811503445918959,-54.247594559247986
149.87314558489396,-11.756518325875573,-54.26467022690729
149.93071349853088,-11.701514640685048,-54.28166020324538
149.98827383573294,-11.646492477205674,-54.29856446143276
150.04582663820707,-11.59145192232499,-54.3153829747753
150.10337194772418,-11.536393062959533,-54.33211571671426
150.1609098061189,-11.481315986054733,-54.34876266082638
150.21844025528904,-11.426220778584852,-54.365323780823836
150.27596333719555,-11.371107527552727,-54.381799050554385
150.33347909386202,-11.31597631998968,-54.398188444001306
150.39098756737434,-11.260827242955454,-54.41449193528353
150.44848879988044,-11.205660383537928,-54.4307094986556
150.50598283358985,-11.150475828853143,-54.446841108507776
150.56346971077355,-11.095273666045028,-54.46288673936604
150.62094947376346,-11.040053982285308,-54.478846365892174
150.67842216495214,-10.984816864773444,-54.49471996288372
150.73588782679252,-10.929562400736362,-54.51050750527411
150.79334650179754,-10.874290677428384,-54.52620896813268
150.85079823253972,-10.819001782131146,-54.54182432666464
150.90824306165095,-10.763695802153316,-54.55735355621124
150.96568103182204,-10.708372824830633,-54.57279663224969
151.0231121858025,-10.653032937525603,-54.58815353039327
151.08053656640004,-10.597676227627446,-54.60342422639133
151.13795421648038,-10.542302782552003,-54.61860869612938
151.19536517896682,-10.486912689741477,-54.633706915629055
151.2527694968399,-10.43150603666437,-54.64871886104821
151.31016721313705,-10.376082910815388,-54.663644508680925
151.3675583709523,-10.32064339971517,-54.678483834957575
151.42494301343586,-10.265187590910315,-54.69323681644484
151.48232118379377,-10.209715571973096,-54.70790342984573
151.53969292528768,-10.154227430501377,-54.72248365199969
151.5970582812343,-10.09872325411855,-54.73697745988253
151.65441729500517,-10.043203130473266,-54.75138483060657
151.71177001002636,-9.987667147239359,-54.7657057414206
151.7691164697779,-9.932115392115765,-54.779940169709946
151.82645671779375,-9.87654795282625,-54.79408809299649
151.88379079766105,-9.820964917119426,-54.808149488938746
151.94111875302016,-9.765366372768469,-54.822124335331836
151.99844062756407,-9.709752407571052,-54.836012610107595
152.055756465038,-9.654123109349262,-54.849814291334525
152.11306630923926,-9.598478565949327,-54.86352935721788
152.1703702040167,-9.542818865241559,-54.87715778609971
152.22766819327043,-9.48714409512026,-54.89069955645887
152.28496032095146,-9.431454343503457,-54.90415464691104
152.34224663106124,-9.375749698332905,-54.917523036208806
152.39952716765148,-9.320030247573825,-54.93080470324166
152.45680197482366,-9.264296079214812,-54.94399962703602
152.51407109672863,-9.20854728126777,-54.95710778675533
152.5713345775664,-9.152783941767636,-54.970129161699994
152.62859246158564,-9.097006148772316,-54.98306373130749
152.6858447930833,-9.041213990362598,-54.99591147515236
152.7430916164044,-8.985407554641878,-55.00867237294627
152.80033297594147,-8.929586929736171,-55.02134640453802
152.85756891613434,-8.873752203793847,-55.033933549913584
152.91479948146966,-8.817903464985541,-55.04643378919614
152.97202471648055,-8.76204080150407,-55.05884710264611
153.0292446657463,-8.706164301564186,-55.07117347066116
153.08645937389193,-8.650274053402491,-55.0834128737763
153.1436688855878,-8.594370145277352,-55.09556529266381
153.20087324554936,-8.538452665468638,-55.107630708133385
153.25807249853656,-8.482521702277715,-55.119609101132085
153.31526668935373,-8.42657734402719,-55.131500452744376
153.37245586284902,-8.370619679060823,-55.14330474419222
153.42964006391404,-8.314648795743443,-55.15502195683499
153.48681933748358,-8.258664782460693,-55.16665207216965
153.54399372853518,-8.202667727618957,-55.178195071830636
153.60116328208872,-8.146657719645264,-55.18965093758998
153.65832804320607,-8.090634846987022,-55.201019651357306
153.71548805699072,-8.034599198112033,-55.212301195179855
153.7726433685874,-7.978550861508218,-55.22349555124254
153.8297940231817,-7.9224899256835295,-55.234602701867956
153.8869400659996,-7.866416479165878,-55.245622629516376
153.94408154230723,-7.8103306105028665,-55.25655531678584
154.00121849741046,-7.754232408261721,-55.267400746412136
154.05835097665437,-7.698121961029198,-55.27815890126885
154.11547902542307,-7.641999357411313,-55.2888297643674
154.17260268913913,-7.585864686033355,-55.29941331885702
154.22972201326337,-7.529718035539618,-55.30990954802485
154.28683704329435,-7.473559494593303,-55.32031843529589
154.343947824768,-7.417389151876451,-55.3306399642331
154.4010544032573,-7.361207096089683,-55.34087411853737
154.45815682437177,-7.305013415952112,-55.3510208820476
154.51525513375722,-7.248808200201269,-55.36108023874063
154.5723493770953,-7.192591537592822,-55.371052172731375
154.62943960010304,-7.136363516900595,-55.3809366682728
154.6865258485326,-7.080124226916286,-55.39073370975592
154.7436081681708,-7.023873756449392,-55.400443281709876
154.80068660483863,-6.967612194327123,-55.41006536880194
154.8577612043911,-6.911339629394146,-55.41959995583751
154.91483201271666,-6.855056150512501,-55.42904702776018
154.9718990757368,-6.798761846561524,-55.43840656965172
155.02896243940577,-6.742456806437565,-55.44767856673215
155.08602214971012,-6.6861411190540085,-55.45686300435972
155.14307825266832,-6.62981487334099,-55.46595986803094
155.20013079433033,-6.5734781582453214,-55.47496914338063
155.25717982077725,-6.517131062730405,-55.483890816181905
155.31422537812088,-6.460773675775975,-55.492724872346244
155.3712675125034,-6.40440608637802,-55.501471297923445
155.42830627009687,-6.348028383548696,-55.51013007910172
155.4853416971029,-6.291640656316052,-55.51870120220767
155.54237383975223,-6.235242993724045,-55.527184653706314
155.5994027443043,-6.178835484832263,-55.535580420201136
155.656428457047,-6.122418218715842,-55.543888488434064
155.71345102429606,-6.065991284465385,-55.55210884528554
155.77047049239474,-6.009554771186686,-55.56024147777448
155.82748690771345,-5.953108768000739,-55.568286373058356
155.88450031664937,-5.896653364043471,-55.57624351843319
155.941510765626,-5.840188648465649,-55.58411290133355
155.9985183010927,-5.783714710432806,-55.5918945093326
156.05552296952445,-5.727231639124979,-55.599588330142126
156.11252481742133,-5.6707395237366285,-55.60719435161255
156.16952389130807,-5.614238453476553,-55.6147125617329
156.22652023773384,-5.557728517567618,-55.622142948630916
156.2835139032716,-5.501209805246763,-55.62948550057299
156.3405049345179,-5.4446824057647305,-55.636740205964244
156.39749337809235,-5.38814640838598,-55.643907053348485
156.45447928063726,-5.331601902388609,-55.65098603140832
156.51146268881726,-5.275048977064089,-55.65797712896504
156.56844364931885,-5.218487721717189,-55.66488033497876
156.62542220884998,-5.161918225665892,-55.67169563854838
156.68239841413975,-5.105340578241114,-55.67842302891161
156.7393723119378,-5.048754868786722,-55.68506249544496
156.79634394901416,-4.992161186659256,-55.69161402766384
156.85331337215862,-4.935559621227844,-55.69807761522245
156.91028062818043,-4.878950261874124,-55.70445324791393
156.9672457639079,-4.822333197991982,-55.71074091567027
157.02420882618796,-4.76570851898747,-55.716940608562396
157.08116986188568,-4.7090763142787235,-55.723052316800135
157.13812891788405,-4.652436673295684,-55.72907603073228
157.19508604108333,-4.595789685480119,-55.735011740846545
157.25204127840087,-4.53913544028533,-55.74085943776964
157.30899467677054,-4.482474027176087,-55.746619112267275
157.36594628314236,-4.425805535628532,-55.75229075524412
157.42289614448217,-4.369130055129931,-55.757874357743866
157.4798443077711,-4.312447675178583,-55.76336991094926
157.53679082000517,-4.255758485283742,-55.76877740618207
157.593735728195,-4.199062574965336,-55.77409683490311
157.6506790793653,-4.142360033753988,-55.77932818871229
157.70762092055438,-4.085650951190731,-55.784471459348595
157.764561298814,-4.028935416826924,-55.78952663869007
157.82150026120857,-3.9722135202241793,-55.79449371875393
157.87843785481516,-3.915485350954093,-55.79937269169645
157.9353741267228,-3.8587509985981683,-55.80416354981308
157.9923091240321,-3.8020105527477313,-55.808866285538414
158.04924289385494,-3.7452641030036506,-55.81348089144616
158.106175483314,-3.6885117389763566,-55.81800736024925
158.1631069395423,-3.6317535502855582,-55.822445684799746
158.22003730968294,-3.5749896265601633,-55.82679585808897
158.27696664088842,-3.518220057438194,-55.83105787324735
158.33389498032054,-3.4614449325665304,-55.83523172354464
158.39082237514975,-3.4046643416008235,-55.83931740238972
158.4477488725548,-3.3478783742054175,-55.84331490333076
158.50467451972239,-3.291087120053064,-55.84722422005515
158.56159936384665,-3.2342906688249475,-55.85104534638956
158.61852345212884,-3.177489110210396,-55.8547782762999
158.67544683177687,-3.120682533906803,-55.85842300389137
158.7323695500048,-3.0638710296195484,-55.86197952340845
158.7892916540326,-3.0070546870617294,-55.8654478292349
158.8462131910857,-2.950233595954088,-55.8688279158938
158.90313420839433,-2.8934078460249224,-55.87211977804751
158.96005475319353,-2.8365775270098084,-55.87532341049777
159.0169748727223,-2.779742728651617,-55.87843880818559
159.07389461422352,-2.7229035407002318,-55.881465966191314
159.13081402494336,-2.66606005291247,-55.88440487973467
159.18773315213085,-2.609212355051996,-55.887255544174685
159.24465204303758,-2.5523605368890667,-55.89001795500981
159.30157074491723,-2.4955046882004406,-55.892692107877785
159.35848930502507,-2.4386448987693052,-55.89527799855578
159.41540777061775,-2.3817812583849878,-55.89777562296032
159.47232618895256,-2.3249138568429792,-55.90018497714729
159.52924460728738,-2.268042783944649,-55.90250605731202
159.58616307288005,-2.2111681294971626,-55.904738859789184
159.6430816329879,-2.1542899833134035,-55.9068833810529
159.70000033486752,-2.0974084352117086,-55.90893961771668
159.75691922577428,-2.0405235750157846,-55.91090756653343
159.81383835296177,-1.9836354925546327,-55.91278722439551
159.8707577636816,-1.9267442776622583,-55.91457858833465
159.92767750518283,-1.8698500201776962,-55.91628165552207
159.9845976247116,-1.8129528099447243,-55.91789642326838
160.0415181695108,-1.7560527368117842,-55.91942288902366
160.09843918681943,-1.6991498906318983,-55.9208610503774
160.1553607238725,-1.6422443612624065,-55.92221090505854
160.2122828279003,-1.5853362385648886,-55.92347245093548
160.26920554612823,-1.5284256124050764,-55.92464568601607
160.32612892577626,-1.4715125726525784,-55.925730608447616
160.38305301405845,-1.414597209180892,-55.92672721651687
160.43997785818271,-1.3576796118671248,-55.927635508650056
160.4969035053503,-1.3007598705919126,-55.928455483412854
160.55383000275535,-1.243838075239335,-55.92918713951041
160.61075739758454,-1.1869143156966575,-55.92983047578734
160.66768573701665,-1.1299886818542457,-55.93038549122773
160.72461506822214,-1.0730612636054866,-55.93085218495514
160.78154543836277,-1.016132150846503,-55.93123055623259
160.83847689459108,-0.9592014334761747,-55.931520604462584
160.89540948405013,-0.9022692013958558,-55.931722329187096
160.95234325387298,-0.8453355445092912,-55.93183573008757
161.00927825118228,-0.7884005527225362,-55.93186080698493
161.06621452308988,-0.7314643159436958,-55.93179755983959
161.1231521166965,-0.6745269240828369,-55.9316459887514
161.18009107909108,-0.6175884670519147,-55.93140609395973
161.2370314573507,-0.5606490347644852,-55.931077875843414
161.29397329853978,-0.5037087171357226,-55.930661334920735
161.35091664971006,-0.4467676040821418,-55.93015647184948
161.4078615578999,-0.38982578552151126,-55.9295632874269
161.46480807013398,-0.332883351372776,-55.92888178258969
161.52175623342288,-0.2759403915557912,-55.92811195841407
161.5787060947627,-0.21899699599124345,-55.92725381611568
161.63565770113453,-0.16205325460056708,-55.926307357049645
161.6926110995042,-0.10510925730566179,-55.92527258271055
161.74956633682174,-0.048165094028912225,-55.92414949473246
161.80652346002103,0.008779145307095337,-55.92293809488887
161.8634825160194,0.06572337077965384,-55.92163838509275
161.9204435517171,0.12266749246601938,-55.92025036739652
161.97740661399715,0.17961142044366962,-55.91877404399205
162.03437174972464,0.2365550647903918,-55.91720941721066
162.09133900574645,0.2934983355843577,-55.91555648952309
162.1483084288909,0.35044114290440964,-55.91381526353957
162.20528006596726,0.4073833968300429,-55.911985742009705
162.26225396376532,0.4643250074416865,-55.910067927822574
162.3192301690551,0.5212658848207852,-55.90806182400666
162.37620872858622,0.5782059390498802,-55.90596743372988
162.4331896890878,0.6351450802128742,-55.903784760299565
162.49017309726784,0.6920832183951124,-55.901513807162445
162.54715899981275,0.749020263683462,-55.89915457790466
162.6041474433872,0.805956126166596,-55.896707076251786
162.6611384746335,0.8628907159349768,-55.894171306068735
162.71813214017126,0.9198239430811355,-55.89154727135983
162.77512848659703,0.9767557176997559,-55.8888349762688
162.83212756048377,1.033685949887754,-55.88603442507872
162.88912940838063,1.0906145497445432,-55.883145622212034
162.9461340768124,1.1475414273721136,-55.880168572230566
163.0031416122791,1.2044664928751145,-55.87710327983549
163.06015206125574,1.2613896563611378,-55.87394974986731
163.11716547019165,1.318310827940699,-55.87070798730588
163.17418188551036,1.375229917727518,-55.867377997270395
163.23120135360904,1.4321468358386036,-55.863959785019354
163.28822392085806,1.4890614923943315,-55.86045335595059
163.34524963360076,1.5459737975187329,-55.85685871560121
163.40227853815284,1.6028836613394666,-55.85317586964768
163.45931068080216,1.6597909939881124,-55.849404823905694
163.5163461078082,1.7166957056002423,-55.845545584330246
163.57338486540166,1.7735977063155106,-55.841598157015596
163.63042699978416,1.8304969062779115,-55.837562548195294
163.68747255712782,1.887393215635861,-55.833438764242096
163.74452158357474,1.9442865445422806,-55.829226811668036
163.80157412523675,2.0011768031548787,-55.82492669712435
163.85863022819495,2.0580639016361304,-55.82053842740151
163.9156899384993,2.114947750153564,-55.81606200942919
163.9727533021683,2.1718282588798368,-55.81149745027626
164.0298203651884,2.228705337992822,-55.80684475715081
164.08689117351395,2.2855788976758693,-55.80210393740005
164.14396577306644,2.3424488481178827,-55.797274998510375
164.20104420973428,2.399315099513411,-55.79235794810736
164.25812652937248,2.456177562062917,-55.78735279395569
164.31521277780203,2.5130361459727752,-55.78225954395919
164.37230300080978,2.569890761455537,-55.777078206160795
164.42939724414785,2.626741318730027,-55.77180878874254
164.4864955535333,2.683587728021414,-55.76645130002556
164.54359797464778,2.740429899561478,-55.761005748470055
164.60070455313706,2.797267743588692,-55.7554721426753
164.65781533461072,2.8541011703483017,-55.74985049137962
164.7149303646417,2.9109300900926085,-55.744140803460354
164.77204968876595,2.967754413080953,-55.73834308793389
164.829173352482,3.0245740495799907,-55.7324573539556
164.8863014012507,3.0813889098637817,-55.72648361081988
164.9434338804946,3.1381989042138643,-55.720421867960084
165.0005708355978,3.195003942919524,-55.714272134948516
165.05771231190548,3.2518039362778737,-55.70803442149644
165.11485835472337,3.3085987945939266,-55.70170873745407
165.17200900931766,3.3653884281808915,-55.69529509281054
165.22916432091435,3.4221727473601464,-55.68879349769383
165.286324334699,3.478951662461518,-55.682203962370885
165.34348909581635,3.5357250838233694,-55.67552649724747
165.4006586493699,3.5924929217926813,-55.66876111286819
165.45783304042146,3.649255086725307,-55.661907819916536
165.515012313991,3.70601148898606,-55.6549666292148
165.57219651505602,3.7627620389487957,-55.64793755172404
165.6293856885513,3.8195066469966874,-55.640820598544146
165.68657987936848,3.8762452235222167,-55.63361578091376
165.74377913235568,3.9329776789274424,-55.62632311021027
165.80098349231724,3.989703923624097,-55.6189425979498
165.85819300401312,4.0464238680336555,-55.61147425578717
165.91540771215872,4.103137422587606,-55.603918095515944
165.9726276614245,4.159844497727521,-55.596274129068306
166.0298528964354,4.216545003905152,-55.58854236851513
166.0870834617707,4.273238851582697,-55.58072282606591
166.14431940196354,4.329925951232793,-55.57281551406879
166.20156076150062,4.386606213338795,-55.56482044501049
166.2588075848217,4.44327954839485,-55.556737631516306
166.31605991631938,4.4999458669059855,-55.548567086350104
166.37331780033858,4.556605079388373,-55.540308822414296
166.43058128117636,4.613257096369399,-55.531962852749814
166.48785040308132,4.669901828387756,-55.52352919053607
166.5451252102535,4.726539185993722,-55.51500784909098
166.60240574684374,4.783169079749136,-55.5063988418709
166.65969205695353,4.839791420227691,-55.49770218247062
166.71698418463455,4.896406118014999,-55.48891788462336
166.77428217388828,4.953013083708685,-55.48004596220073
166.83158606866573,5.009612227918643,-55.47108642921269
166.888895912867,5.0662034612671185,-55.462039299807586
166.94621175034095,5.122786694388791,-55.45290458827206
167.00353362488485,5.179361837931051,-55.44368230903107
167.06086158024397,5.2359288025539845,-55.434372476647845
167.11819566011127,5.2924874989306545,-55.4249751058239
167.1755359081271,5.349037837747178,-55.41549021139895
167.23288236787866,5.405579729702811,-55.405917808350935
167.2902350828998,5.46211308551021,-55.396257911796
167.34759409667072,5.518637815895506,-55.38651053698843
167.40495945261733,5.575153831598399,-55.37667569932068
167.46233119411124,5.631661043372423,-55.36675341432327
167.51970936446918,5.688159361984938,-55.35674369766487
167.57709400695273,5.744648698217407,-55.34664656515217
167.634485164768,5.80112896286548,-55.336462032729926
167.69188288106514,5.857600066739065,-55.32619011648091
167.74928719893822,5.914061920662603,-55.31583083262587
167.80669816142466,5.970514435475143,-55.30538419752354
167.864115811505,6.026957522030414,-55.29485022767057
167.92154019210255,6.08339109119712,-55.28422893970156
167.978971346083,6.139815053858912,-55.27352035038895
168.0364093162541,6.196229320914673,-55.26272447664307
168.09385414536533,6.252633803278592,-55.25184133551208
168.1513058761075,6.309028411880256,-55.24087094418195
168.2087645511125,6.365413057664897,-55.229813319976415
168.2662302129529,6.4217876515934815,-55.21866848035698
168.32370290414158,6.4781521046427955,-55.20743644292288
168.3811826671315,6.534506327805712,-55.19611722541101
168.4386695443152,6.5908502320911815,-55.18471084569597
168.4961635780246,6.6471837285245075,-55.17321732178999
168.5536648105307,6.7035067281474285,-55.16163667184293
168.61117328404302,6.759819142018202,-55.14996891414218
168.66868904070947,6.816120881211858,-55.13821406711277
168.726212122616,6.872411856820288,-55.126372149317156
168.78374257178615,6.928691979952317,-55.11444317945538
168.84128043018086,6.984961161733988,-55.102427176364905
168.89882573969797,7.041219313308545,-55.09032415902064
168.9563785421721,7.097466345836702,-55.07813414653489
169.0139388793742,7.153702170496742,-55.06585715815736
169.0715067930111,7.209926698484582,-55.05349321327508
169.1290823247255,7.2661398410140325,-55.041042331412434
169.18666551609536,7.322341509316896,-55.028504532231025
169.24425640863367,7.378531614643022,-55.01587983552978
169.3018550437882,7.434710068260604,-55.00316826124481
169.35946146294106,7.490876781456159,-54.99036982944941
169.41707570740843,7.547031665534799,-54.97748456035407
169.47469781844026,7.603174631820316,-54.96451247430639
169.5323278372199,7.659305591655266,-54.951453591791044
169.58996580486385,7.715424456401215,-54.938307933429805
169.6476117624214,7.771531137438843,-54.92507551998146
169.70526575087425,7.827625546167998,-54.9117563723418
169.76292781113634,7.883707594007993,-54.89835051154357
169.8205979840534,7.939777192397579,-54.88485795875646
169.8782763104027,7.99583425279523,-54.87127873528705
169.9359628308928,8.051878686679213,-54.85761286257878
169.99365758616307,8.107910405547676,-54.843860362211935
170.0513606167835,8.163929320918907,-54.8300212559036
170.10907196325445,8.219935344331414,-54.8160955655076
170.1667916660061,8.275928387344004,-54.8020833130145
170.22451976539847,8.331908361536055,-54.78798452055157
170.28225630172082,8.38787517850751,-54.7737992103827
170.34000131519156,8.44382874987914,-54.759527404908475
170.3977548459578,8.499768987292644,-54.745169126666
170.4555169340951,8.555695802410707,-54.73072439832895
170.51328761960724,8.611609106917298,-54.716193242707526
170.57106694242572,8.667508812517635,-54.70157568274842
170.6288549424097,8.723394830938474,-54.68687174153474
170.68665165934559,8.779267073928185,-54.67208144228602
170.74445713294668,8.835125453256827,-54.657204808358166
170.80227140285297,8.890969880716415,-54.642241863243406
170.86009450863082,8.946800268120999,-54.62719263057027
170.91792648977258,9.002616527306731,-54.612057134103566
170.9757673856965,9.058418570132162,-54.59683539774429
171.03361723574622,9.114206308478211,-54.581527445529666
171.09147607919056,9.169979654248444,-54.56613330163302
171.1493439552233,9.225738519369148,-54.55065299036381
171.20722090296275,9.281482815789435,-54.53508653616756
171.26510696145164,9.337212455481469,-54.51943396362583
171.32300216965666,9.392927350440557,-54.503695297456154
171.38090656646824,9.44862741268524,-54.48787056251207
171.43882019070034,9.504312554257552,-54.47195978378296
171.49674308109,9.55998268722302,-54.45596298639413
171.55467527629722,9.615637723670922,-54.439880195606705
171.61261681490467,9.671277575714376,-54.42371143681759
171.67056773541722,9.726902155490425,-54.4074567355595
171.7285280762619,9.782511375160283,-54.39111611750079
171.78649787578752,9.838105146909424,-54.37468960844554
171.84447717226428,9.893683382947652,-54.35817723433345
171.90246600388372,9.949245995509386,-54.34157902123982
171.96046440875824,10.004792896853633,-54.32489499537549
172.01847242492101,10.060323999264284,-54.308125183086815
172.07649009032556,10.115839215050158,-54.29126961085559
172.13451744284552,10.171338456545122,-54.27432830529911
172.1925545202744,10.226821636108307,-54.25730129316998
172.25060136032536,10.282288666124227,-54.24018860135618
172.30865800063077,10.337739459002828,-54.222990256881
172.36672447874219,10.393173927179777,-54.205706286902945
172.42480083212985,10.448591983116447,-54.1883367187158
172.48288709818257,10.50399353930018,-54.17088157974846
172.54098331420747,10.55937850824438,-54.15334089756497
172.59908951742958,10.614746802488575,-54.13571469986448
172.65720574499173,10.670098334598697,-54.11800301448114
172.71533203395424,10.725433017167138,-54.100205869384126
172.7734684212946,10.780750762812842,-54.08232329267757
172.83161494390734,10.836051484181576,-54.06435531260049
172.8897716386036,10.89133509394592,-54.046301957526794
172.94793854211105,10.946601504805521,-54.02816325596518
173.00611569107355,11.001850629487194,-54.00993923655912
173.06430312205083,11.057082380744987,-53.991629928086866
173.1225008715184,11.112296671360452,-53.973235359461285
173.18070897586722,11.167493414142706,-53.95475555972992
173.23892747140334,11.222672521928517,-53.9361905580749
173.29715639434787,11.277833907582579,-53.9175403838129
173.35539578083652,11.3329774839975,-53.89880506639507
173.4136456669195,11.388103164094064,-53.87998463540707
173.4719060885613,11.443210860821313,-53.861079120568895
173.5301770816402,11.498300487156639,-53.842088551734946
173.58845868194837,11.553371956106021,-53.82301295889393
173.64675092519136,11.60842518070411,-53.803852372168805
173.70505384698794,11.66346007401431,-53.78460682181675
173.76336748286997,11.718476549129052,-53.76527633822912
173.821691868282,11.773474519169774,-53.7458609519314
173.88002703858112,11.828453897287197,-53.7263606935831
173.93837302903677,11.88341459666139,-53.706775593977824
173.99672987483032,11.938356530501876,-53.687105684043104
174.05509761105506,11.993279612047857,-53.66735099484041
174.11347627271587,12.048183754568312,-53.64751155756511
174.1718658947289,12.103068871362064,-53.62758740354635
174.23026651192157,12.157934875758063,-53.60757856424713
174.28867815903206,12.212781681115361,-53.5874850712641
174.34710087070928,12.267609200823383,-53.56730695632766
174.40553468151265,12.322417348302011,-53.54704425130178
174.46397962591172,12.377206037001661,-53.52669698818406
174.52243573828608,12.43197518040354,-53.50626519910559
174.5809030529251,12.486724692019703,-53.485748916330955
174.63938160402765,12.541454485393167,-53.46514817225818
174.69787142570203,12.59616447409816,-53.44446299941864
174.75637255196557,12.650854571740094,-53.42369343047705
174.81488501674457,12.705524691955862,-53.402839498231394
174.87340885387397,12.760174748413903,-53.38190123561287
174.93194409709716,12.814804654814285,-53.36087867568587
174.9904907800658,12.869414324888936,-53.339771851647875
175.0490489363397,12.924003672401762,-53.31858079682942
175.10761859938623,12.97857261114869,-53.29730554469412
175.16619980258065,13.033121054957956,-53.27594612883846
175.22479257920548,13.087648917690087,-53.25450258299189
175.2833969624505,13.142156113238155,-53.2329749410167
175.34201298541245,13.196642555527887,-53.21136323690797
175.40064068109484,13.25110815851771,-53.189667504793526
175.4592800824078,13.305552836199018,-53.16788777893392
175.51793122216785,13.359976502596265,-53.14602409372226
175.57659413309761,13.414379071767002,-53.12407648368432
175.63526884782578,13.468760457802187,-53.10204498347837
175.69395539888674,13.523120574826159,-53.07992962789516
175.75265381872052,13.577459336996881,-53.05773045185786
175.8113641396725,13.631776658506059,-53.035447490421966
175.8700863939932,13.686072453579184,-53.013080778775354
175.9288206138382,13.740346636475806,-52.9906303522381
175.98756683126788,13.794599121489604,-52.968096246262476
176.0463250782471,13.848829822948455,-52.94547849643295
176.10509538664527,13.903038655214718,-52.92277713846598
176.16387778823594,13.957225532685213,-52.899992208210165
176.2226723146967,14.011390369791481,-52.877123741646
176.28147899760904,14.065533080999874,-52.854171774885906
176.340297868458,14.119653580811612,-52.831136344174176
176.3991289586322,14.173751783763066,-52.8080174858869
176.4579722994235,14.227827604425809,-52.784815236531905
176.5168279220268,14.281880957406699,-52.76152963274872
176.57569585754007,14.33591175734815,-52.738160711308495
176.63457613696386,14.38991991892812,-52.714708509113926
176.69346879120135,14.443905356860366,-52.691173063199265
176.75237385105817,14.497867985894525,-52.667554410730176
176.81129134724202,14.551807720816214,-52.643852589003764
176.87022131036272,14.605724476447243,-52.62006763544839
176.92916377093195,14.659618167645712,-52.596199587623786
176.98811875936298,14.713488709306098,-52.57224848322085
177.0470863059707,14.767336016359486,-52.548214360061614
177.10606644097126,14.821160003773597,-52.52409725609929
177.165059194482,14.87496058655303,-52.49989720941804
177.22406459652134,14.92873767973934,-52.475614258233044
177.28308267700837,14.982491198411115,-52.4512484408904
177.3421134657629,15.036221057684227,-52.42679979586708
177.40115699250538,15.089927172711924,-52.4022683617708
177.46021328685637,15.143609458684875,-52.37765417734008
177.51928237833678,15.19726783083146,-52.35295728144402
177.57836429636743,15.250902204417752,-52.32817771308245
177.63745907026902,15.304512494747769,-52.303315511385655
177.69656672926197,15.358098617163565,-52.27837071561445
177.75568730246616,15.4116604870453,-52.2533433651601
177.81482081890096,15.465198019811513,-52.22823349954416
177.8739673074848,15.518711130919087,-52.203041158418564
177.93312679703533,15.572199735863537,-52.17776638156547
177.99229931626903,15.625663750179077,-52.15240920889716
178.0514848938011,15.679103089438685,-52.126969680456114
178.11068355814547,15.732517669254381,-52.1014478364148
178.16989533771445,15.785907405277266,-52.07584371707568
178.22912026081863,15.839272213197614,-52.050157362871175
178.28835835566684,15.892612008745154,-52.024388814363526
178.34760965036583,15.945926707689031,-51.998538112244816
178.4068741729203,15.999216225838076,-51.97260529733681
178.4661519512327,16.05248047904088,-51.94659041059096
178.52544301310292,16.10571938318589,-51.92049349308835
178.58474738622846,16.158932854201616,-51.89431458603954
178.64406509820404,16.212120808056753,-51.86805373078461
178.7033961765215,16.26528316076022,-51.841710968793045
178.76274064856977,16.318419828361435,-51.81528634166365
178.82209854163466,16.371530726950322,-51.78877989112453
178.8814698828987,16.424615772657543,-51.76219165903297
178.94085469944108,16.47767488165457,-51.73552168737544
179.0002530182374,16.5307079701538,-51.70877001826746
179.0596648661597,16.583714954408762,-51.68193669395355
179.11909026997617,16.636695750714214,-51.6550217568072
179.17852925635108,16.689650275406205,-51.62802524933079
179.23798185184478,16.74257844486236,-51.600947214155454
179.29744808291326,16.795480175501822,-51.57378769404114
179.35692797590838,16.848355383785567,-51.54654673187642
179.4164215570775,16.901203986216448,-51.51922437067848
179.47592885256344,16.954025899339257,-51.49182065359309
179.53544988840437,17.006821039741013,-51.46433562389444
179.5949846905337,17.05958932405099,-51.436769324985136
179.6545332847798,17.112330668940835,-51.40912180039614
179.7140956968662,17.1650449911248,-51.381393093786656
179.77367195241112,17.21773220735974,-51.35358324894411
179.8332620769276,17.270392234445374,-51.325692309784046
179.8928660958233,17.323024989224336,-51.29772032035003
179.9524840344003,17.37563038858229,-51.269667324813696
180.01211591785517,17.428208349448152,-51.24153336747453
180.07176177127872,17.480758788794162,-51.21331849275989
180.13142161965584,17.533281623635972,-51.18502274522492
180.19109548786562,17.585776771032876,-51.15664616955246
180.25078340068097,17.638244148087853,-51.128188810553006
180.3104853827687,17.69068367194776,-51.09965071316461
180.37020145868934,17.743095259803454,-51.07103192245282
180.429931652897,17.79547882888985,-51.04233248361061
180.4896759897394,17.847834296486152,-51.01355244195832
180.54943449345757,17.90016157991596,-50.98469184294355
180.60920718818588,17.9524605965473,-50.95575073214114
180.66899409795195,18.004731263792934,-50.92672915525305
180.72879524667644,18.056973499110303,-50.89762715810832
180.78861065817307,18.109187220001807,-50.868444786662955
180.84844035614847,18.161372344014875,-50.83918208699991
180.90828436420205,18.213528788742025,-50.809839105329004
180.96814270582595,18.26565647182114,-50.78041588798678
181.02801540440498,18.31775531093551,-50.750912481436515
181.08790248321637,18.369825223813915,-50.72132893226814
181.14780396542992,18.4218661282309,-50.6916652871981
181.20771987410762,18.47387794200673,-50.66192159306935
181.26765023220386,18.52586058300767,-50.632097896851235
181.32759506256514,18.577813969146057,-50.60219424563944
181.38755438792995,18.629738018380365,-50.572210686655914
181.4475282309289,18.68163264871545,-50.5421472672488
181.50751661408447,18.733497778202622,-50.512004034892314
181.56751955981088,18.785333324939735,-50.481781037186764
181.62753709041417,18.837139207071417,-50.45147832185837
181.68756922809195,18.88891534278907,-50.42109593675927
181.74761599493345,18.940661650331126,-50.39063392986739
181.80767741291942,18.992378047983124,-50.36009234928638
181.86775350392193,19.044064454077777,-50.32947124324561
181.92784428970447,19.09572078699521,-50.29877066009993
181.98794979192172,19.14734696516304,-50.26799064832978
182.0480700321195,19.198942907056455,-50.23713125654102
182.10820503173488,19.25050853119845,-50.2061925334648
182.16835481209577,19.302043756159833,-50.17517452795761
182.22851939442114,19.353548500559462,-50.144077289001125
182.28869879982088,19.40502268306434,-50.112900865702095
182.34889304929555,19.45646622238967,-50.08164530729238
182.40910216373658,19.507879037299098,-50.05031066312877
182.46932616392598,19.55926104660478,-50.01889698269292
182.52956507053642,19.6106121691675,-49.98740431559134
182.58981890413108,19.66193232389683,-49.95583271155525
182.6500876851636,19.713221429751233,-49.92418222044053
182.71037143397808,19.764479405738204,-49.8924528922276
182.7706701708089,19.815706170914442,-49.86064477702143
182.8309839157807,19.866901644385837,-49.828757925051335
182.89131268890839,19.91806574530778,-49.79679238667105
182.95165651009705,19.96919839288519,-49.76474821235849
183.01201539914177,20.020299506372588,-49.73262545271582
183.0723893757278,20.071369005074384,-49.70042415846921
183.13277845943023,20.12240680834484,-49.66814438046895
183.1931826697142,20.17341283558831,-49.63578616968918
183.25360202593467,20.224387006259338,-49.603349577227945
183.31403654733634,20.2753292398627,-49.57083465430706
183.37448625305382,20.326239455953687,-49.53824145227201
183.43495116211133,20.377117574138133,-49.505570022591904
183.4954312934227,20.42796351407251,-49.47282041685942
183.55592666579153,20.478777195464172,-49.43999268679063
183.6164372979108,20.52955853807135,-49.40708688422501
183.67696320836313,20.580307461703384,-49.37410306112531
183.73750441562055,20.631023886220813,-49.34104126957748
183.79806093804444,20.68170773153545,-49.30790156179063
183.85863279388568,20.7323589176106,-49.27468399009686
183.9192200012844,20.78297736446115,-49.24138860695125
183.97982257827,20.833562992153613,-49.20801546493176
184.04044054276116,20.884115720806435,-49.17456461673913
184.1010739125657,20.934635470589903,-49.14103611519683
184.1617227053807,20.985122161726466,-49.10743001325094
184.22238693879228,21.035575714490758,-49.07374636397005
184.28306663027567,21.085996049209697,-49.039985220545276
184.34376179719513,21.136383086262718,-49.00614663629006
184.40447245680394,21.186736746081817,-48.972230664640136
184.4651986262443,21.237056949151665,-48.938237359153476
184.52594032254746,21.287343616009828,-48.90416677351011
184.58669756263345,21.33759666724676,-48.8700189615122
184.64747036331127,21.387816023506048,-48.835793977083746
184.7082587412787,21.438001605484498,-48.801491874270695
184.76906271312234,21.48815333393218,-48.76711270724076
184.8298822953176,21.538271129652696,-48.73265653028333
184.89071750422863,21.588354913503224,-48.69812339780939
184.95156835610825,21.638404606394584,-48.663513364351495
185.01243486709808,21.68842012929153,-48.628826484563604
185.07331705322832,21.738401403212684,-48.59406281322103
185.13421493041784,21.78834834923081,-48.559222405220375
185.1951285144742,21.838260888472877,-48.524305315579376
185.2560578210934,21.888138942120143,-48.489311599436896
185.31700286586022,21.937982431408365,-48.45424131205278
185.3779636642479,21.987791277627895,-48.4190945088078
185.43894023161815,22.037565402123725,-48.38387124520358
185.49993258322132,22.087304726295752,-48.34857157686242
185.56094073419618,22.137009171598766,-48.313195559527344
185.62196469957001,22.186678659542675,-48.277743249061906
185.6830044942586,22.236313111692596,-48.24221470145013
185.74406013306609,22.28591244966892,-48.20660997279647
185.80513163068517,22.335476595147558,-48.17092911932562
185.86621900169683,22.38500546985992,-48.135172197382545
185.92732226057058,22.43449899559318,-48.0993392634323
185.98844142166428,22.48395709419031,-48.063430374059955
186.04957649922417,22.53337968755019,-48.02744558597058
186.1107275073849,22.582766697627825,-47.991384955989055
186.17189446016948,22.632118046434393,-47.955248541060016
186.23307737148923,22.681433656037353,-47.91903639824783
186.29427625514393,22.730713448560646,-47.882748584736376
186.35549112482158,22.77995734618473,-47.84638515782911
186.41672199409862,22.829165271146785,-47.80994617494882
186.4779688764398,22.878337145740794,-47.773431693637626
186.53923178519818,22.927472892317617,-47.73684177155689
186.60051073361518,22.976572433285238,-47.70017646648709
186.66180573482055,23.025635691108775,-47.66343583632775
186.7231168018323,23.074662588310627,-47.626619939097345
186.78444394755692,23.12365304747066,-47.58972883293317
186.84578718478903,23.172606991226225,-47.55276257609138
186.90714652621176,23.22152434227237,-47.51572122694668
186.9685219843965,23.270405023361935,-47.478604843992436
187.02991357180292,23.319248957305636,-47.441413485840506
187.09132130077913,23.368056066972233,-47.404147211221094
187.1527451835616,23.416826275288667,-47.36680607898272
187.21418523227499,23.465559505240083,-47.32939014809218
187.27564145893248,23.51425567987009,-47.29189947763428
187.33711387543556,23.562914722280755,-47.25433412681195
187.3986024935741,23.61153655563282,-47.216694154946
187.46010732502637,23.660121103145794,-47.17897962147504
187.52162838135897,23.708668288098007,-47.14119058595552
187.583165674027,23.757178033826843,-47.103327108061464
187.64471921437394,23.805650263728815,-47.065389247584456
187.70628901363165,23.854084901259615,-47.02737706443359
187.76787508292054,23.902481869934388,-46.98929061863525
187.82947743324937,23.95084109332766,-46.95112997033318
187.89109607551543,23.99916249507364,-46.91289517978822
187.95273102050456,24.04744599886627,-46.87458630737832
188.01438227889093,24.09569152845925,-46.83620341359845
188.07604986123744,24.143899007666338,-46.79774655906041
188.1377337779954,24.192068360361354,-46.75921580449282
188.19943403950475,24.240199510478284,-46.72061121074102
188.261150655994,24.288292382011505,-46.68193283876692
188.32288363758016,24.33634689901577,-46.64318074964897
188.38463299426905,24.38436298560646,-46.60435500458197
188.44639873595506,24.432340565959638,-46.5654556648771
188.50818087242118,24.48027956431212,-46.52648279196172
188.56997941333915,24.5281799049617,-46.48743644737933
188.63179436826954,24.576041512267217,-46.4483166927894
188.69362574666147,24.62386431064863,-46.40912358996739
188.75547355785295,24.67164822458724,-46.36985720080457
188.81733781107081,24.719393178625708,-46.3305175873079
188.87921851543064,24.767099097368238,-46.29110481160003
188.94111567993696,24.814765905480684,-46.25161893591906
189.00302931348307,24.862393527690624,-46.21206002261864
189.0649594248513,24.90998188878756,-46.17242813416766
189.12690602271294,24.957530913622985,-46.13272333315028
189.18886911562814,25.00504052711047,-46.092945682265814
189.25084871204618,25.05251065422589,-46.053095244328595
189.3128448203053,25.09994122000738,-46.01317208226791
189.3748574486329,25.14733214955564,-45.973176259127875
189.43688660514547,25.194683368033935,-45.93310783806734
189.49893229784865,25.241994800668188,-45.89296688235984
189.56099453463727,25.28926637274721,-45.85275345539342
189.62307332329542,25.336498009622755,-45.81246762067054
189.68516867149637,25.383689636709587,-45.772109441808055
189.74728058680282,25.430841179485718,-45.731678982537034
189.8094090766667,25.47795256349239,-45.6911763067027
189.87155414842937,25.525023714334317,-45.6506014782643
189.93371580932168,25.572054557679746,-45.609954561295005
189.99589406646382,25.619045019260515,-45.56923561998188
190.0580889268656,25.665995024872295,-45.52844471862569
190.12030039742635,25.71290450037463,-45.487581921640796
190.18252848493498,25.75977337169103,-45.44664729355517
190.24477319607007,25.80660156480917,-45.40564089901015
190.30703453739986,25.853389005780915,-45.36456280276047
190.36931251538232,25.90013562072253,-45.32341306967402
190.43160713636527,25.946841335814742,-45.28219176473184
190.4939184065863,25.99350607730282,-45.240898953028015
190.55624633217286,26.040129771496776,-45.19953469976953
190.6185909191424,26.086712344771463,-45.15809907027617
190.68095217340226,26.13325372356659,-45.116592129980475
190.7433301007499,26.179753834387014,-45.075013944427546
190.80572470687275,26.226212603802683,-45.03336457927502
190.86813599734847,26.272629958448867,-44.991644100292945
190.93056397764485,26.319005825026238,-44.94985257336363
190.99300865311992,26.365340130300943,-44.90799006448161
191.05547002902202,26.41163280110482,-44.86605663975352
191.11794811048983,26.45788376433542,-44.82405236539791
191.18044290255241,26.50409294695614,-44.781977307745315
191.2429544101293,26.5502602759964,-44.73983153323796
191.30548263803053,26.596385678551652,-44.69761510842981
191.3680275909567,26.642469081783606,-44.65532809998633
191.4305892734991,26.688510412920298,-44.61297057468448
191.4931676901396,26.73450959925615,-44.570542599412605
191.55576284525088,26.780466568152175,-44.52804424117024
191.61837474309647,26.826381247036064,-44.4854755670681
191.68100338783066,26.872253563402257,-44.44283664432793
191.74364878349877,26.918083444812122,-44.40012754028241
191.80631093403701,26.963870818893984,-44.35734832237505
191.86898984327274,27.00961561334336,-44.31449905816009
191.9316855149244,27.055317755922978,-44.27157981530233
191.99439795260156,27.100977174462894,-44.22859066157714
192.0571271598051,27.146593796860667,-44.18553166487026
192.11987313992722,27.19216755108144,-44.14240289317769
192.1826358962514,27.237698365157996,-44.0992044146057
192.2454154319527,27.283186167191012,-44.05593629737054
192.30821175009754,27.32863088534899,-44.0125986097985
192.37102485364406,27.374032447868547,-43.969191420325714
192.43385474544198,27.419390783054425,-43.925714797497996
192.49670142823265,27.464705819279587,-43.88216880997095
192.5595649046494,27.50997748498544,-43.83855352650959
192.62244517721726,27.555205708681843,-43.794869015988404
192.6853422483532,27.60039041894723,-43.751115347391206
192.7482561203663,27.645531544428813,-43.70729258981098
192.81118679545753,27.690629013842557,-43.6634008124499
192.87413427572014,27.735682755973407,-43.619440084619036
192.93709856313959,27.780692699675388,-43.575410475738366
193.00007965959355,27.825658773871616,-43.531312055336684
193.06307756685214,27.870580907554537,-43.4871448930514
193.1260922865779,27.915459029785993,-43.44290905862848
193.18912382032576,27.96029306969726,-43.398604621922374
193.25217216954348,28.005082956489314,-43.3542316528958
193.31523733557125,28.04982861943277,-43.309790221619764
193.37831931964217,28.094529987868132,-43.26528039827335
193.4414181228821,28.13918699120586,-43.22070225314361
193.50453374630982,28.183799558926417,-43.17605585662556
193.5676661908371,28.2283676205805,-43.13134127922192
193.63081545726868,28.27289110578902,-43.08655859154314
193.69398154630258,28.317369944243346,-43.04170786430719
193.75716445853,28.361804065705325,-42.996789168339475
193.8203641944354,28.40619340000738,-42.95180257457277
193.88358075439663,28.45053787705271,-42.90674815404703
193.94681413868514,28.494837426815373,-42.86162597790933
194.01006434746571,28.539091979340263,-42.816436117413765
194.073331380797,28.583301464743453,-42.77117864392127
194.13661523863115,28.6274658132121,-42.7258536288996
194.1999159208143,28.671584955004686,-42.68046114392313
194.26323342708645,28.715658820451075,-42.63500126067277
194.32656775708148,28.759687339952585,-42.589474050935905
194.38991891032742,28.803670443982195,-42.54387958660621
194.45328688624647,28.847608063084593,-42.498217939683535
194.51667168415497,28.89150012787625,-42.452489182273915
194.58007330326373,28.935346569045635,-42.40669338658924
194.64349174267784,28.979147317353203,-42.36083062494737
194.706927001397,29.02290230363161,-42.314900969771834
194.77037907831547,29.066611458785776,-42.26890449359184
194.83384797222217,29.110274713792936,-42.22284126904209
194.89733368180086,29.153891999702886,-42.17671136886273
194.96083620563013,29.197463247637984,-42.13051486589912
195.0243555421835,29.24098838879324,-42.0842518331019
195.0878916898297,29.28446735443657,-42.037922343526674
195.15144464683235,29.327900075908698,-41.99152647033406
195.21501441135052,29.37128648462346,-41.94506428678945
195.2786009814386,29.4146265120678,-41.89853586626297
195.34220435504628,29.457920089801874,-41.851941282229376
195.40582453001892,29.501167149459235,-41.805280608267864
195.46946150409747,29.54436762274687,-41.75855391806197
195.5331152749185,29.58752144144532,-41.71176128539958
195.59678584001452,29.630628537408835,-41.6649027841726
195.66047319681385,29.673688842565408,-41.61797848837703
195.72417734264093,29.716702288916938,-41.57098847211272
195.7878982747162,29.759668808539352,-41.523932809583314
195.8516359901564,29.802588333582623,-41.476811575096136
195.91539048597448,29.84546079627096,-41.429624843062065
195.97916175907991,29.888286128902926,-41.38237268799535
196.04294980627856,29.931064263851432,-41.33505518451363
196.10675462427295,29.973795133564,-41.28767240733768
196.1705762096623,30.01647867056272,-41.2402244312914
196.23441455894266,30.05911480744448,-41.19271133130159
196.298269668507,30.10170347688101,-41.14513318239792
196.36214153464525,30.144244611618973,-41.09749005971281
196.42603015354447,30.186738144480106,-41.049782038481254
196.48993552128903,30.229184008361344,-41.002009194040674
196.5538576338605,30.27158213623485,-40.954171601830986
196.61779648713798,30.313932461148212,-40.90626933739421
196.681752076898,30.35623491622446,-40.858302476374625
196.74572439881482,30.398489434662263,-40.810271094518406
196.80971344846043,30.44069594973598,-40.762175267673655
196.87371922130458,30.48285439479573,-40.7140150717903
196.93774171271514,30.524964703267592,-40.66579058291982
197.00178091795794,30.567026808653655,-40.61750187721527
197.06583683219696,30.609040644532083,-40.569149030931115
197.12990945049458,30.651006144557332,-40.5207321204231
197.19399876781142,30.69292324246011,-40.47225122214814
197.2581047790067,30.734791872047612,-40.42370641266419
197.32222747883824,30.77661196720358,-40.375097768630106
197.38636686196253,30.818383461888345,-40.3264253668056
197.45052292293494,30.860106290139015,-40.27768928405104
197.51469565620977,30.901780386069582,-40.22888959732733
197.57888505614034,30.94340568387092,-40.180026383695854
197.64309111697915,30.984982117811033,-40.13109972031828
197.707313832878,31.026509622235043,-40.08210968445652
197.771553197888,31.06798813156534,-40.033056353472496
197.83580920595992,31.10941758030174,-39.98393980482812
197.90008185094393,31.150797903021424,-39.93476011608512
197.9643711265901,31.19212903437926,-39.88551736490497
198.02867702654828,31.233410909107747,-39.83621162904864
198.09299954436824,31.274643462017153,-39.78684298637668
198.15733867349988,31.31582662799567,-39.737411514848866
198.22169440729326,31.356960342009433,-39.68791729252427
198.2860667389987,31.3980445391027,-39.638360397561016
198.35045566176706,31.43907915439794,-39.58874090821618
198.4148611686496,31.480064123095854,-39.53905890284575
198.4792832525983,31.520999380475605,-39.48931445990438
198.54372190646592,31.561884861894846,-39.43950765794531
198.60817712300607,31.602720502789793,-39.38963857562031
198.67264889487345,31.64350623867543,-39.33970729167943
198.73713721462371,31.684242005145475,-39.28971388497105
198.80164207471393,31.724927737872605,-39.23965843444153
198.86616346750247,31.765563372608522,-39.189541019135255
198.93070138524914,31.806148845183966,-39.1393617181945
198.9952558201154,31.846684091508962,-39.08912061085921
199.05982676416448,31.887169047572844,-39.03881777646694
199.12441420936136,31.927603649444297,-38.988453294452746
199.18901814757305,31.967987833271593,-38.938027244349016
199.25363857056863,32.00832153528258,-38.887539705785386
199.31827547001936,32.04860469178484,-38.83699075848855
199.38292883749892,32.0888372391658,-38.78638048228216
199.4475986644833,32.12901911389272,-38.735708957086835
199.51228494235124,32.16915025251297,-38.684976262919776
199.57698766238408,32.209230591654,-38.634182479894804
199.64170681576596,32.24926006802349,-38.58332768822231
199.7064423935841,32.289238618409435,-38.53241196820888
199.77119438682863,32.329166179680215,-38.48143540025744
199.835962786393,32.36904268878479,-38.430398064866935
199.90074758307398,32.40886808275271,-38.37930004263225
199.96554876757173,32.44864229869423,-38.328141414244186
200.03036633049004,32.48836527380044,-38.276922260489165
200.0952002623364,32.52803694534334,-38.22564266224923
200.16005055352207,32.56765725067593,-38.174302700501876
200.2249171943624,32.60722612723238,-38.12290245631989
200.28980017507666,32.64674351252798,-38.07144201087131
200.35469948578847,32.68620934415943,-38.019921445419186
200.41961511652576,32.725623559804774,-37.968340841321485
200.4845470572209,32.7649860972236,-37.91670028003106
200.54949529771085,32.80429689425704,-37.86499984309544
200.61445982773736,32.84355588882805,-37.81323961215661
200.67944063694705,32.88276301894128,-37.761419668951035
200.74443771489138,32.92191822268331,-37.70954009530956
200.80945105102714,32.96102143822276,-37.65760097315703
200.87448063471624,33.0000726038103,-37.60560238451242
200.93952645522594,33.039071657778784,-37.55354441148866
201.0045885017292,33.078018538543446,-37.501427136292314
201.06966676330435,33.116913184601785,-37.44925064122371
201.1347612289357,33.15575553453385,-37.397015008676696
201.19987188751347,33.19454552700231,-37.3447203211384
201.26499872783384,33.23328310075245,-37.29236666118928
201.33014173859914,33.27196819461233,-37.23995411150297
201.39530090841814,33.31060074749295,-37.18748275484597
201.4604762258059,33.34918069838822,-37.134952674077745
201.52566767918418,33.38770798637511,-37.08236395215046
201.5908752568813,33.426182550613774,-37.02971667210891
201.65609894713265,33.46460433034766,-36.9770109170903
201.7213387380804,33.50297326490351,-36.9242467703242
201.78659461777383,33.54128929369151,-36.87142431513248
201.8518665741697,33.57955235620549,-36.8185436349289
201.91715459513188,33.617762392022804,-36.765604813219326
201.98245866843186,33.65591934080458,-36.712607933601426
202.0477787817489,33.694023142295826,-36.659553079764414
202.1131149226699,33.73207373632542,-36.6064403354892
202.1784670786897,33.770071062806245,-36.55326978464809
202.24383523721139,33.80801506173541,-36.50004151120455
202.30921938554604,33.84590567319412,-36.446755599213354
202.3746195109132,33.88374283734792,-36.39341213282021
202.44003560044075,33.921526494446745,-36.340011196261784
202.50546764116547,33.9592565848251,-36.286552873865354
202.57091562003262,33.99693304890199,-36.23303725004895
202.63637952389644,34.034555827181116,-36.1794644093211
202.70185933952033,34.07212486025102,-36.12583443628054
202.76735505357672,34.10964008878505,-36.072147415616364
202.83286665264737,34.14710145354152,-36.01840343210774
202.8983941232236,34.184508895363855,-35.96460257062367
202.96393745170624,34.22186235518058,-35.9107449161231
203.02949662440582,34.25916177400547,-35.85683055365467
203.0950716275429,34.29640709293769,-35.80285956835642
203.1606624472479,34.33359825316178,-35.748832045455956
203.22626906956143,34.37073519594778,-35.694748070270144
203.29189148043451,34.407817862651456,-35.6406077282049
203.35752966572855,34.444846194714195,-35.58641110475522
203.42318361121548,34.48182013366318,-35.532158285505005
203.48885330257798,34.51873962111152,-35.477849356126875
203.5545387254097,34.55560459875832,-35.42348440238197
203.62023986521524,34.592415008388755,-35.369063510120036
203.6859567074103,34.62917079187414,-35.3145867652791
203.751689237322,34.6658718911721,-35.260054253885315
203.81743744018885,34.702518248326584,-35.20546606205298
203.88320130116082,34.739109805467955,-35.15082227598437
203.94898080529993,34.77564650481321,-35.096122981969366
204.01477593757977,34.81212828866588,-35.041368266385696
204.08058668288606,34.84855509941623,-34.98655821569855
204.1464130260168,34.88492687954141,-34.931692916460406
204.21225495168216,34.92124357160538,-34.8767724553111
204.27811244450476,34.95750511825909,-34.82179691897757
204.34398548901999,34.99371146224068,-34.76676639427361
204.40987406967582,35.029862546375355,-34.71168096809999
204.47577817083325,35.06595831357563,-34.65654072744409
204.54169777676614,35.10199870684131,-34.60134575937993
204.6076328716618,35.13798366925977,-34.54609615106782
204.67358343962067,35.17391314400581,-34.49079198975449
204.73954946465673,35.20978707434185,-34.43543336277276
204.8055309306977,35.24560540361812,-34.3800203575414
204.87152782158492,35.28136807527257,-34.32455306156515
204.9375401210737,35.31707503283102,-34.26903156243447
205.00356781283358,35.35272621990737,-34.21345594782533
205.06961088044812,35.38832158020349,-34.15782630549923
205.13566930741533,35.423861057509434,-34.10214272330301
205.20174307714782,35.45934459570358,-34.04640528916858
205.26783217297282,35.494772138752516,-33.99061409111298
205.33393657813227,35.53014363071132,-33.934769217238184
205.4000562757833,35.565459015723626,-33.87887075573077
205.46619124899797,35.60071823802159,-33.8229187948621
205.53234148076373,35.63592124192609,-33.76691342298793
205.59850695398333,35.67106797184674,-33.71085472854846
205.66468765147528,35.70615837228212,-33.654742800067915
205.73088355597363,35.74119238781967,-33.59857772615476
205.79709465012837,35.77616996313587,-33.54235959550131
205.86332091650561,35.811091042996416,-33.48608849688362
205.9295623375875,35.8459555722561,-33.42976451916145
205.99581889577252,35.88076349585909,-33.373387751278116
206.06209057337574,35.91551475883894,-33.31695828226013
206.1283773526288,35.95020930631865,-33.26047620121737
206.19467921568005,35.98484708351077,-33.2039415973428
206.26099614459494,36.01942803571757,-33.14735455991219
206.32732812135586,36.053952108330975,-33.090715178284235
206.39367512786248,36.08841924683274,-33.03402354190028
206.46003714593195,36.12282939679461,-32.977279740284104
206.5264141572989,36.157182503878225,-32.92048386304194
206.5928061436156,36.19147851383534,-32.86363599986222
206.65921308645224,36.22571737250785,-32.806736240515534
206.72563496729708,36.25989902582798,-32.74978467485428
206.79207176755642,36.29402341981819,-32.6927813928128
206.85852346855492,36.32809050059141,-32.635726484407094
206.9249900515358,36.362100214351095,-32.578620039734574
206.99147149766074,36.39605250739125,-32.52146214897415
207.0579677880103,36.429947326096546,-32.464252902385965
207.12447890358402,36.46378461694247,-32.40699239031115
207.19100482530044,36.497564326495315,-32.34968070317193
207.25754553399733,36.53128640141228,-32.292317931471295
207.324101010432,36.564950788441664,-32.23490416579282
207.39067123528116,36.59855743442275,-32.17743949680073
207.45725618914128,36.63210628628607,-32.119924015239604
207.52385585252878,36.66559729105343,-32.06235781193416
207.59047020588002,36.69903039583795,-32.004740977789346
207.65709922955156,36.73240554784418,-31.94707360378999
207.7237429038202,36.7657226943682,-31.8893557810008
207.79040120888348,36.79898178279772,-31.831587600566003
207.85707412485937,36.83218276061207,-31.77376915370949
207.92376163178668,36.86532557538236,-31.71590053173453
207.99046370962532,36.89841017477161,-31.657981826023473
208.05718033825616,36.931436506534695,-31.60001312803792
208.1239114974814,36.964404518518506,-31.541994529318387
208.19065716702477,36.99731415866209,-31.483926121484085
208.25741732653148,37.030165374996635,-31.425807996232994
208.32419195556847,37.062958115645536,-31.367640245341605
208.39098103362477,37.09569232882465,-31.30942296066467
208.45778454011133,37.12836796284213,-31.251156234135248
208.52460245436131,37.160984966098695,-31.19284015776451
208.59143475563042,37.19354328708768,-31.134474823641412
208.65828142309672,37.22604287439502,-31.07606032393282
208.72514243586113,37.25848367669946,-31.017596750883214
208.7920177729473,37.290865642772495,-30.959084196814583
208.8589074133021,37.323188721478644,-30.90052275412617
208.92581133579537,37.35545286177531,-30.841912515294513
208.99272951922038,37.387658012713004,-30.783253572873225
209.05966194229399,37.41980412343545,-30.724546019492706
209.1266085836566,37.4518911431795,-30.665789947860233
209.19356942187247,37.48391902127538,-30.6069854507597
209.26054443542992,37.51588770714672,-30.54813262105136
209.3275336027413,37.54779715031059,-30.489231551671907
209.3945369021433,37.57964730037761,-30.4302823356342
209.46155431189715,37.61143810705207,-30.371285066027028
209.52858581018862,37.64316952013194,-30.312239836015156
209.59563137512825,37.67484148950896,-30.253146738839117
209.6626909847517,37.70645396516879,-30.19400586781489
209.72976461701953,37.738006897191035,-30.134817316334033
209.7968522498177,37.769500235749284,-30.07558117786333
209.86395386095754,37.800933931111246,-30.01629754594479
209.93106942817607,37.83230793363886,-29.956966514195265
209.99819892913598,37.86362219378826,-29.89758817630659
210.06534234142583,37.894876662109965,-29.838162626045325
210.13249964256048,37.92607128924892,-29.778689957252425
210.1996708099808,37.95720602594453,-29.719170263843402
210.26685582105415,37.9882808230308,-29.65960363980802
210.33405465307456,38.01929563143641,-29.599990179210007
210.40126728326263,38.0502504021847,-29.54032997618722
210.46849368876593,38.08114508639388,-29.48062312495129
210.53573384665916,38.111979635277045,-29.420869719787408
210.60298773394413,38.14275400014223,-29.3610698550544
210.6702553275501,38.17346813239249,-29.301223625184406
210.73753660433383,38.204121983526015,-29.241331124682844
210.80483154107986,38.23471550513622,-29.181392448128058
210.87214011450058,38.265248648911744,-29.121407690171438
210.93946230123635,38.29572136663657,-29.061376945537152
211.00679807785585,38.32613361019015,-29.001300309021858
211.07414742085606,38.356485331547375,-28.9411778754948
211.1415103066625,38.38677648277872,-28.881009739897554
211.20888671162942,38.41700701605036,-28.820795997243735
211.2762766120399,38.44717688362415,-28.760536742619102
211.34367998410602,38.477286037857716,-28.700232071181286
211.41109680396917,38.50733443120464,-28.63988207815951
211.47852704769997,38.53732201621438,-28.579486858854693
211.54597069129855,38.56724874553244,-28.519046508639168
211.61342771069488,38.597114571900455,-28.45856112295642
211.6808980817486,38.6269194481562,-28.398030797321173
211.7483817802495,38.656663327233694,-28.337455627319063
211.81587878191746,38.6863461621633,-28.2768357086066
211.8833890624028,38.71596790607177,-28.21617113691083
211.9509125972863,38.74552851218233,-28.155462008029424
212.01844936207937,38.77502793381473,-28.094708417830436
212.0859993322244,38.8044661243854,-28.03391046225199
212.15356248309465,38.83384303740738,-27.973068237302392
212.2211387899946,38.8631586264905,-27.91218183905987
212.28872822816018,38.8924128453415,-27.85125136367227
212.35633077275872,38.92160564776394,-27.79027690735717
212.4239463988892,38.95073698765838,-27.729258566401608
212.49157508158257,38.979806819022514,-27.668196437161782
212.55921679580166,39.00881509595107,-27.60709061606317
212.62687151644153,39.03776177263601,-27.545941199600254
212.69453921832965,39.066646803366616,-27.48474828433622
212.7622198762259,39.09547014252947,-27.423511966903074
212.82991346482288,39.12423174460857,-27.362232344001328
212.897619958746,39.152931564185415,-27.300909512399908
212.96533933255378,39.18156955593911,-27.239543568935844
213.03307156073782,39.210145674646334,-27.17813461051439
213.1008166177231,39.23865987518147,-27.11668273410871
213.16857447786816,39.26711211251675,-27.055188036759624
213.23634511546518,39.29550234172219,-26.99365061557569
213.30412850474013,39.32383051796572,-26.932070567732946
213.37192461985316,39.35209659651331,-26.870447990474602
213.43973343489847,39.38030053272897,-26.808782981111158
213.50755492390462,39.40844228207479,-26.74707563702013
213.57538906083482,39.43652180011117,-26.68532605564575
213.64323581958686,39.464539042496675,-26.623534334499073
213.71109517399336,39.49249396498825,-26.56170057115772
213.7789670978221,39.52038652344129,-26.49982486326554
213.84685156477593,39.54821667380962,-26.437907308532775
213.91474854849318,39.575984372145626,-26.375948004735687
213.98265802254758,39.60368957460033,-26.313947049716525
214.05057996044872,39.631332237423436,-26.251904541383166
214.11851433564195,39.65891231696343,-26.18982057770925
214.18646112150867,39.68642976966754,-26.127695256733865
214.25442029136659,39.713884552082014,-26.065528676561296
214.3223918184697,39.74127662085198,-26.003320935361092
214.39037567600852,39.76860593272159,-25.94107213136782
214.45837183711046,39.7958724445342,-25.87878236288075
214.52638027483965,39.82307611323222,-25.81645172826396
214.59440096219726,39.85021689585733,-25.754080325946088
214.66243387212188,39.87729474955057,-25.691668254419998
214.73047897748933,39.90430963155231,-25.629215612242916
214.79853625111298,39.931261499202314,-25.56672249803613
214.86660566574412,39.95815030993996,-25.504189010484716
214.9346871940718,39.98497602130413,-25.44161524833762
215.0027808087232,40.01173859093335,-25.379001310407357
215.0708864822637,40.03843797656586,-25.316347295569926
215.13900418719717,40.065074136039726,-25.253653302764487
215.20713389596605,40.091647027292794,-25.190919430993453
215.27527558095147,40.11815660836283,-25.128145779322207
215.34342921447362,40.1446028373876,-25.065332446878834
215.4115947687917,40.170985672604914,-25.002479532854196
215.47977221610415,40.19730507235263,-24.939587136501675
215.547961528549,40.223560995068866,-24.876655357136865
215.61616267820378,40.249753399291926,-24.813684294137662
215.68437563708576,40.27588224366041,-24.750674046944035
215.75260037715233,40.301947486913335,-24.687624715057662
215.8208368703009,40.3279490878901,-24.62453639804209
215.8890850883691,40.35388700553063,-24.561409195522433
215.95734500313523,40.37976119887543,-24.498243207185066
216.0256165863181,40.40557162706561,-24.435038532777757
216.09389980957735,40.43131824934297,-24.37179527210931
216.16219464451356,40.45700102505008,-24.308513525049506
216.2305010626686,40.48261991363035,-24.245193391528787
216.29881903552555,40.50817487462805,-24.181834971538315
216.36714853450897,40.53366586768838,-24.118438365129737
216.43548953098525,40.55909285255762,-24.055003672414855
216.50384199626248,40.58445578908309,-23.991530993565757
216.57220590159076,40.60975463721321,-23.928020428814506
216.6405812181625,40.63498935699769,-23.864472078452867
216.70896791711237,40.66015990858745,-23.800886042832396
216.77736596951755,40.68526625223475,-23.737262422364182
216.84577534639803,40.71030834829324,-23.673601317518504
216.91419601871658,40.735286157218056,-23.609902828824985
216.982627957379,40.760199639565776,-23.546167056872278
217.05107113323447,40.78504875599467,-23.48239410230778
217.1195255170754,40.80983346726457,-23.41858406583773
217.1879910796378,40.83455373423703,-23.35473704822689
217.25646779160144,40.859209517875364,-23.290853150298457
217.32495562359006,40.883800779244744,-23.22693247293374
217.3934545461714,40.90832747951221,-23.162975117072254
217.4619645298574,40.93278957994673,-23.09898118371144
217.53048554510463,40.95718704191935,-23.034950773906367
217.59901756231406,40.981519826903096,-22.970883988769838
217.6675605518315,41.00578789647322,-22.90678092947209
217.73611448394786,41.02999121230712,-22.84264169724052
217.8046793288989,41.05412973618445,-22.778466393359768
217.87325505686584,41.07820342998716,-22.714255119171455
217.94184163797541,41.102212255699655,-22.650007976073837
218.01043904229985,41.1261561754087,-22.585725065521995
218.07904723985723,41.15003515130356,-22.52140648902744
218.14766620061175,41.17384914567609,-22.457052348157912
218.21629589447363,41.197598120920745,-22.392662744537418
218.28493629129946,41.22128203953464,-22.32823777984593
218.3535873608923,41.244900864117625,-22.263777555819313
218.42224907300206,41.26845455737238,-22.19928217424896
218.49092139732534,41.2919430821044,-22.134751736981936
218.55960430350572,41.31536640122208,-22.070186345920654
218.62829776113423,41.338724477736825,-22.00558610302258
218.69700173974903,41.362017274763026,-21.94095111030037
218.7657162088359,41.38524475551818,-21.876281469821546
218.83444113782846,41.40840688332295,-21.8115772837082
218.90317649610813,41.431503621601145,-21.746838654137115
218.97192225300432,41.45453493387986,-21.682065683339484
219.0406783777949,41.47750078378953,-21.617258473600568
219.109444839706,41.500401135063946,-21.552417127259844
219.17822160791235,41.52323595154031,-21.487541746710654
219.24700865153747,41.54600519715932,-21.422632434400118
219.31580593965396,41.56870883596525,-21.357689292828812
219.38461344128334,41.59134683210596,-21.29271242455086
219.45343112539646,41.613919149832945,-21.227701932173662
219.5222589609138,41.63642575350145,-21.16265791835756
219.59109691670528,41.658866607570474,-21.097580485815982
219.6599449615907,41.681241676602816,-21.032469737315115
219.72880306433996,41.70355092526525,-20.967325775673636
219.79767119367298,41.72579431832836,-20.902148703762798
219.86654931826007,41.74797182066683,-20.836938624506125
219.93543740672212,41.77008339725935,-20.77169564087916
220.00433542763062,41.792129013188735,-20.70641985590951
220.07324334950792,41.8141086336419,-20.641111372676605
220.14216114082754,41.836022223910085,-20.575770294311358
220.21108877001407,41.85786974938871,-20.5103967239963
220.28002620544356,41.87965117557756,-20.444990764965222
220.34897341544357,41.90136646808076,-20.379552520503104
220.4179303682935,41.923015592606944,-20.314082093945775
220.4868970322246,41.94459851496916,-20.24857958868002
220.55587337542013,41.96611520108504,-20.183045108143286
220.62485936601584,41.987565616976795,-20.117478755823367
220.6938549720997,42.00894972877129,-20.051880635258524
220.76286016171233,42.03026750270008,-19.9862508500372
220.83187490284732,42.05151890509952,-19.920589503797686
220.90089916345102,42.07270390241073,-19.854896700228263
220.96993291142294,42.093822461179684,-19.78917254306687
221.0389761146161,42.11487454805735,-19.723417136100835
221.10802874083683,42.13586012979956,-19.657630583166966
221.17709075784512,42.15677917326723,-19.591812988151258
221.24616213335497,42.17763164542635,-19.525964454988586
221.31524283503424,42.198417513348,-19.46008508766282
221.38433283050506,42.219136744208484,-19.394174990206462
221.45343208734383,42.23978930528926,-19.328234266700605
221.5225405730817,42.26037516397717,-19.262263021274567
221.59165825520435,42.2808942877643,-19.196261358105993
221.6607851011524,42.30134664424815,-19.130229381420552
221.72992107832172,42.32173220113168,-19.06416719549167
221.79906615406318,42.34205092622331,-18.998074904640596
221.86822029568316,42.36230278743696,-18.931952613236124
221.93738347044376,42.382487752792244,-18.865800425694285
222.0065556455627,42.4026057904143,-18.799618446478462
222.0757367882137,42.422656868533984,-18.733406780099077
222.1449268655267,42.44264095548797,-18.667165531113305
222.21412584458787,42.46255801971861,-18.600894804125154
222.28333369243978,42.48240802977414,-18.534594703785196
222.35255037608187,42.50219095430871,-18.468265334790257
222.4217758624702,42.521906762082374,-18.401906801883502
222.49101011851803,42.541555421961164,-18.33551920985411
222.5602531110956,42.56113690291716,-18.269102663537197
222.6295048070307,42.580651174028574,-18.20265726781347
222.69876517310863,42.600098204479664,-18.13618312760932
222.76803417607226,42.619477963560925,-18.069680347896536
222.83731178262258,42.638790420669096,-18.00314903369199
222.90659795941846,42.65803554530715,-17.936589290057753
222.97589267307706,42.67721330708439,-17.870001222100793
223.04519589017406,42.69632367571655,-17.803384934972673
223.11450757724364,42.715366621025744,-17.736740533869643
223.18382770077872,42.73434211294053,-17.670068124032348
223.25315622723136,42.753250121496045,-17.603367810745542
223.32249312301255,42.772090616833964,-17.53663969933817
223.39183835449265,42.79086356920254,-17.46988389518307
223.46119188800157,42.80956894895676,-17.40310050369668
223.53055368982882,42.828206726558264,-17.336289630339127
223.59992372622372,42.84677687257545,-17.269451380613916
223.6693019633956,42.865279357683505,-17.2025858600678
223.7386883675141,42.883714152664524,-17.135693174290473
223.8080829047091,42.90208122840742,-17.068773428914664
223.877485541071,42.92038055590807,-17.001826729615836
223.9468962426511,42.93861210626935,-16.934853182111866
224.01631497546143,42.95677585070114,-16.867852892163167
224.0857417054751,42.97487176052042,-16.800825965572407
224.15517639862662,42.99289980715129,-16.733772508184146
224.22461902081176,43.01085996212498,-16.666692625884995
224.2940695378879,43.02875219707996,-16.599586424603295
224.3635279156744,43.04657648376196,-16.532454010308793
224.43299411995235,43.06433279402399,-16.465295489012792
224.50246811646505,43.08202109982641,-16.398110966767813
224.57194987091822,43.09964137323698,-16.33090054966728
224.64143934897993,43.11719358643088,-16.263664343845676
224.71093651628098,43.13467771169076,-16.19640245547814
224.78044133841496,43.1520937214068,-16.129114990780426
224.84995378093862,43.16944158807676,-16.061802056008524
224.91947380937177,43.186721284305975,-15.994463757458803
224.9890013891976,43.203932782807456,-15.927100201467667
225.058536485863,43.221076056401884,-15.859711494411275
225.12807906477843,43.238151078017715,-15.792297742705639
225.1976290913183,43.25515782069112,-15.724859052806323
225.2671865308212,43.272096257566176,-15.657395531208135
225.33675134858987,43.28896636189475,-15.58990728444522
225.4063235098915,43.30576810703665,-15.522394419090784
225.47590297995802,43.32250146645963,-15.454857041756766
225.545489723986,43.33916641373943,-15.387295259093946
225.61508370713705,43.35576292255982,-15.319709177791648
225.68468489453798,43.372290966712654,-15.252098904577426
225.75429325128087,43.3887505200979,-15.184464546217178
225.8239087424233,43.405141556723656,-15.116806209514788
225.89353133298852,43.421464050706255,-15.049124001312052
225.96316098796575,43.43771797627024,-14.981418028488319
226.03279767231012,43.45390330774846,-14.913688397960609
226.10244135094302,43.470020019582044,-14.845935216683303
226.17209198875233,43.48606808632053,-14.778158591647827
226.24174955059235,43.50204748262182,-14.710358629882768
226.31141400128416,43.51795818325225,-14.642535438453569
226.38108530561593,43.53380016308667,-14.574689124462214
226.45076342834273,43.54957339710843,-14.506819795047338
226.52044833418694,43.565277860409424,-14.438927557383925
226.59013998783857,43.580913528190194,-14.371012518682994
226.6598383539551,43.59648037575986,-14.303074786191699
226.72954339716185,43.61197837853624,-14.23511446719305
226.79925508205224,43.6274075120459,-14.167131669005569
226.86897337318777,43.64276775192411,-14.099126498983416
226.9386982350983,43.65805907391496,-14.031099064516043
227.00842963228214,43.673281453871354,-13.963049473028107
227.07816752920655,43.68843486775511,-13.894977831979093
227.14791189030743,43.70351929163689,-13.82688424886347
227.2176626799898,43.71853470169633,-13.758768831210347
227.287419862628,43.733481074222055,-13.69063168658317
227.35718340256577,43.7483583856117,-13.622472922579837
227.4269532641163,43.76316661237197,-13.554292646832392
227.4967294115628,43.77790573111864,-13.486090967006692
227.56651180915824,43.79257571857664,-13.41786799080256
227.63630042112572,43.80717655158005,-13.349623825953424
227.70609521165883,43.82170820707218,-13.281358580226042
227.77589614492146,43.83617066210553,-13.213072361420611
227.84570318504825,43.85056389384193,-13.144765277370379
227.9155162961446,43.8648878795525,-13.076437435941612
227.9853354422871,43.87914259661771,-13.008088945033197
228.05516058752337,43.89332802252741,-12.939719912576784
228.12499169587244,43.90744413488088,-12.871330446536449
228.194828731325,43.921490911386876,-12.802920654908403
228.26467165784337,43.93546832986358,-12.734490645721092
228.33452043936174,43.94937636823875,-12.666040527034887
228.40437503978657,43.963215004549724,-12.597570406941772
228.47423542299643,43.97698421694339,-12.529080393565463
228.54410155284233,43.99068398367626,-12.460570595061089
228.6139733931481,44.00431428311457,-12.392041119614868
228.6838509077101,44.01787509373418,-12.323492075444255
228.75373406029783,44.03136639412075,-12.25492357079759
228.823622814654,44.04478816296966,-12.186335713953806
228.89351713449452,44.058140379086105,-12.11772861322254
228.9634169835089,44.071423021385115,-12.049102376943768
229.03332232536027,44.08463606889158,-11.980457113487732
229.10323312368578,44.09777950074031,-11.911792931254576
229.1731493420965,44.11085329617602,-11.843109938674463
229.2430709441777,44.12385743455339,-11.774408244207269
229.31299789348924,44.13679189533714,-11.705687956342242
229.3829301535654,44.149656658101975,-11.636949183598148
229.45286768791524,44.162451702532664,-11.568192034522939
229.5228104600229,44.17517700842412,-11.499416617693445
229.59275843334746,44.18783255568132,-11.430623041715481
229.66271157132337,44.20041832431942,-11.361811415223546
229.73266983736067,44.21293429446381,-11.292981846880492
229.80263319484493,44.225380446350044,-11.224134445377649
229.8726016071375,44.23775676032394,-11.155269319434515
229.94257503757598,44.250063216841625,-11.086386577798418
230.01255344947393,44.26229979646951,-11.017486329244667
230.08253680612137,44.274466479884396,-10.948568682576154
230.15252507078483,44.286563247873374,-10.879633746623302
230.22251820670772,44.29859008133405,-10.810681630243684
230.29251617711017,44.31054696127438,-10.741712442322152
230.36251894518944,44.32243386881283,-10.672726291770518
230.43252647412018,44.33425078517835,-10.60372328752723
230.50253872705434,44.34599769171042,-10.534703538557507
230.5725556671215,44.35767456985907,-10.465667153852989
230.64257725742917,44.369281401184914,-10.396614242431466
230.7126034610627,44.38081816735917,-10.32754491333695
230.78263424108562,44.39228485016372,-10.258459275639396
230.8526695605399,44.403681431491115,-10.189357438434353
230.92270938244593,44.41500789334458,-10.120239510843108
230.99275366980274,44.4262642178381,-10.051105602012345
231.0628023855884,44.43745038719639,-9.981955821113848
231.13285549275994,44.44856638375498,-9.912790277344609
231.20291295425358,44.459612189960175,-9.843609079926463
231.27297473298492,44.47058778836915,-9.77441233810601
231.34304079184935,44.48149316164992,-9.705200161154256
231.41311109372182,44.49232829258144,-9.635972658366724
231.48318560145728,44.50309316405353,-9.566729939063135
231.5532642778909,44.51378775906702,-9.497472112587102
231.623347085838,44.52441206073367,-9.428199288306232
231.69343398809443,44.53496605227623,-9.35891157561182
231.76352494743682,44.54544971702855,-9.289609083918522
231.8336199266225,44.55586303843548,-9.220291922664485
231.90371888838982,44.566206000052944,-9.150960201311012
231.97382179545846,44.576478585548024,-9.081614029342262
232.04392861052932,44.586680778698884,-9.012253516265352
232.1140392962849,44.59681256339487,-8.942878771610047
232.1841538153895,44.60687392363652,-8.873489904928443
232.25427213048926,44.61686484353557,-8.80408702579508
232.32439420421244,44.626785307315,-8.73467024380658
232.3945199991695,44.636635299309006,-8.66523966858156
232.46464947795351,44.64641480396316,-8.595795409760282
232.53478260314003,44.65612380583427,-8.526337577004757
232.6049193372874,44.66576228959047,-8.456866279998431
232.67505964293713,44.67533024001131,-8.38738162844587
232.7452034826137,44.684827641987695,-8.31788373207287
232.81535081882498,44.6942544805219,-8.248372700626147
232.88550161406246,44.70361074072768,-8.178848643873005
232.95565583080125,44.71289640783022,-8.109311671601473
233.02581343150027,44.72211146716617,-8.039761893619968
233.09597437860268,44.73125590418373,-7.9701994197569865
233.1661386345357,44.74032970444256,-7.900624359861218
233.23630616171104,44.749332853613886,-7.831036823801227
233.3064769225251,44.75826533748052,-7.761436921465135
233.37665087935886,44.76712714193685,-7.691824762760735
233.4468279945784,44.775918252988866,-7.622200457615128
233.51700823053483,44.784638656754204,-7.552564115974647
233.58719154956472,44.79328833946218,-7.482915847804478
233.65737791399,44.80186728745374,-7.413255763088795
233.72756728611824,44.810375487181545,-7.34358397183043
233.79775962824306,44.81881292521002,-7.27390058405055
233.86795490264387,44.82717958821527,-7.204205709788789
233.93815307158638,44.83547546298521,-7.134499459102911
234.00835409732278,44.84370053641951,-7.064781942068507
234.0785579420917,44.851854795529675,-6.995053268779098
234.14876456811848,44.85993822743899,-6.925313549345828
234.21897393761557,44.86795081938262,-6.855562893897134
234.28918601278235,44.875892558707605,-6.78580141257887
234.35940075580547,44.88376343287283,-6.71602921555399
234.42961812885923,44.891563429449135,-6.646246413002212
234.49983809410537,44.89929253611925,-6.576453115120163
234.57006061369356,44.90695074067786,-6.506649432120982
234.64028564976132,44.914538031031604,-6.436835474234264
234.71051316443462,44.92205439519914,-6.367011351705675
234.78074311982752,44.929499821311076,-6.29717717479709
234.85097547804267,44.93687429761009,-6.227333053786255
234.9212102011716,44.94417781245087,-6.157479098966467
234.9914472512945,44.95141035430016,-6.087615420646711
235.06168659048072,44.9585719117368,-6.017742129151316
235.13192818078898,44.965662473451694,-5.9478593348196505
235.20217198426727,44.97268202824791,-5.877967148006234
235.2724179629532,44.979630565040594,-5.8080656790804195
235.34266607887432,44.98650807285706,-5.738155038426068
235.412916294048,44.99331454083678,-5.668235336441674
235.4831685704817,45.000049958231415,-5.598306683540039
235.55342287017342,45.006714314404825,-5.528369190147952
235.6236791551115,45.01330759883309,-5.458422966706313
235.69393738727499,45.01982980110449,-5.388468123669755
235.76419752863376,45.02628091091959,-5.318504771506571
235.8344595411489,45.03266091809122,-5.248533020698348
235.90472338677253,45.03896981254445,-5.178552981740079
235.9749890274482,45.0452075843167,-5.108564765139848
236.04525642511118,45.051374223557666,-5.038568481418502
236.11552554168833,45.05746972052938,-4.968564241109779
236.18579633909846,45.06349406560623,-4.898552154759977
236.25606877925267,45.069447249274944,-4.828532332927638
236.32634282405417,45.07532926213463,-4.758504886183669
236.39661843539864,45.0811400948968,-4.688469925111015
236.46689557517456,45.08687973838534,-4.618427560304341
236.53717420526317,45.092548183536586,-4.548377902370151
236.60745428753867,45.09814542139929,-4.478321061926415
236.67773578386846,45.10367144313462,-4.408257149602499
236.74801865611343,45.109126240016266,-4.3381862760387815
236.81830286612788,45.11450980343035,-4.2681085518867885
236.88858837575987,45.119822124875476,-4.19802408780886
236.95887514685145,45.12506319596278,-4.127932994477832
237.02916314123868,45.1302330084159,-4.057835382577158
237.09945232075182,45.13533155407097,-3.9877313628005844
237.16974264721577,45.14035882487672,-3.9176210458518295
237.24003408244988,45.14531481289439,-3.8475045424447014
237.31032658826834,45.150199510297796,-3.77738196330278
237.38062012648044,45.15501290937333,-3.7072534191590902
237.45091465889047,45.159755002519994,-3.6371190207562245
237.52121014729806,45.16442578224936,-3.5669788788460215
237.59150655349856,45.169025241185636,-3.496833104189239
237.66180383928284,45.173553372065655,-3.4266818075556804
237.73210196643768,45.17801016773887,-3.356525099723818
237.8024008967459,45.182395621167394,-3.2863630914807196
237.87270059198667,45.186709725426006,-3.2161958936216726
237.94300101393546,45.19095247370213,-3.1460236169503117
238.01330212436432,45.195123859295904,-3.0758463722782876
238.0836038850422,45.199223875620135,-3.0056642704249503
238.15390625773492,45.20325251620033,-2.9354774222174678
238.22420920420535,45.20720977467472,-2.8652859384905036
238.2945126862139,45.21109564479427,-2.7950899300858913
238.36481666551828,45.21491012042264,-2.72488950785276
238.43512110387385,45.218653195536255,-2.654684782647208
238.505425963034,45.2223248642243,-2.5844758653319797
238.57573120475004,45.225925120688686,-2.514262866776588
238.6460367907714,45.22945395924415,-2.4440458978569923
238.7163426828461,45.23291137431815,-2.3738250694552705
238.78664884272055,45.236297360450955,-2.3036004924597453
238.85695523214,45.23961191229564,-2.2333722777646097
238.9272618128485,45.24285502461807,-2.1631405362698497
238.99756854658946,45.24602669229694,-2.0929053788808725
239.06787539510532,45.24912691032374,-2.022666916508628
239.13818232013801,45.2521556738028,-1.9524252600692855
239.20848928342932,45.255112977951306,-1.8821805204839088
239.27879624672062,45.25799881809925,-1.8119328086785793
239.3491031717533,45.26081318968953,-1.7416822355840726
239.41941002026917,45.263556088277824,-1.6714289121355326
239.48971675401012,45.26622750953276,-1.6011729492725966
239.56002333471864,45.26882744923577,-1.530914457939069
239.63032972413808,45.27135590328122,-1.4606535490825985
239.70063588401254,45.27381286767631,-1.3903903336548
239.77094177608717,45.27619833854118,-1.3201249226109308
239.84124736210856,45.27851231210883,-1.2498574269095668
239.9115526038246,45.2807547847252,-1.1795879575127255
239.98185746298475,45.28292575284909,-1.1093166253854891
240.05216190134033,45.28502521305226,-1.0390435414959334
240.1224658806447,45.28705316201939,-0.9687688168147506
240.19276936265325,45.28900959654805,-0.8984925623153723
240.2630723091237,45.29089451354877,-0.8282148889736465
240.3333746818164,45.292707910045024,-0.7579359077675136
240.4036764424943,45.29444978317319,-0.6876557296771268
240.47397755292315,45.296120130182615,-0.6173744656845299
240.54427797487193,45.29771894843561,-0.5470922267733325
240.6145776701127,45.2992462354074,-0.4768091239288328
240.68487660042092,45.300701988686214,-0.40652526813769385
240.75517472757576,45.3020862059732,-0.33624077038761735
240.82547201336004,45.303398885082494,-0.26595574166746894
240.8957684195605,45.3046400239412,-0.19567029296695182
240.96606390796816,45.305809620589386,-0.12538453527628435
241.0363584403782,45.30690767318011,-0.055098579586320806
241.1066519785903,45.307934179979384,0.01518746311182051
241.17694448440875,45.30888913936622,0.08547348182683479
241.24723591964286,45.30977254983261,0.1557593655676044
241.3175262461068,45.31058440998352,0.22604500334307454
241.38781542561995,45.31132471853692,0.29633028416258034
241.45810342000718,45.31199347432376,0.3666150970361699
241.52839019109877,45.312590676287975,0.4368993309744793
241.59867570073075,45.31311632348651,0.5071828749890601
241.6689599107452,45.3135704150893,0.577465618092702
241.73924278299017,45.31395295037926,0.6477474492993116
241.80952427931996,45.31426392875233,0.7180282576242338
241.87980436159546,45.31450334971741,0.7883079320845783
241.95008299168407,45.31467121289644,0.8585863616990974
242.02036013145997,45.314767518024354,0.9288634354885072
242.09063574280447,45.314792264949034,0.9991390424758158
242.16090978760596,45.31474545363143,1.0694130716861976
242.23118222776017,45.314627084145464,1.139685412147368
242.3014530251703,45.31443715667804,1.2099559528896606
242.37172214174745,45.31417567152909,1.280224582946398
242.44198953941043,45.31384262911155,1.3504911913537734
242.5122551800861,45.3134380299513,1.4207556671511703
242.58251902570973,45.312961874687296,1.4910178993814904
242.65278103822487,45.312414164071434,1.5612777770910296
242.72304117958365,45.31179489896863,1.6315351893297998
242.79329941174714,45.31110408035678,1.7017900251518572
242.8635556966852,45.310341709326785,1.7720421736151772
242.93380999637688,45.30950778708254,1.8422915237819768
243.00406227281064,45.308602314940906,1.9125379647190455
243.07431248798432,45.30762529433177,1.9827813854976126
243.14456060390538,45.306576726797964,2.05302167519368
243.21480658259136,45.30545661399532,2.123258722888342
243.28505038606966,45.304264957692645,2.1934924176676636
243.3552919763779,45.303001759771746,2.2637226486230535
243.42553131556414,45.30166702222737,2.333949304851342
243.49576836568704,45.30026074716725,2.4041722754551507
243.56600308881596,45.29878293681209,2.4743914495427775
243.6362354470311,45.297233593495555,2.54460671622851
243.70646540242402,45.29561271966428,2.614817964632957
243.7766929170973,45.29392031787781,2.685025083882926
243.84691795316508,45.29215639080872,2.755227963111741
243.91714047275326,45.29032094124246,2.825426491459572
243.9873604379994,45.288413972077485,2.8956205580733143
244.0575778110531,45.28643548632513,2.965810052106904
244.12779255407628,45.28438548710972,3.035994862721648
244.19800462924306,45.28226397766847,3.106174879086103
244.2682139987401,45.28007096135153,3.1763499903763908
244.3384206247669,45.277806441621976,3.2465200857765337
244.40862446953582,45.2754704220558,3.316685054478323
244.47882549527222,45.27306290634188,3.3868447856816966
244.54902366421473,45.270583898282034,3.4569991685948107
244.61921893861555,45.26803340179094,3.5271480924344205
244.68941128074036,45.26541142089617,3.5972914464257486
244.7596006528686,45.26271795973822,3.6674291198028146
244.82978701729388,45.2599530225704,3.7375610018087633
244.89997033632378,45.257116613758946,3.8076869816957233
244.9701505722802,45.254208737782925,3.877806948725156
245.04032768749974,45.25122939923427,3.947920792168157
245.1105016443335,45.248178602817774,4.0180284013053535
245.1806724051475,45.245056353351046,4.088129665427207
245.2508399323229,45.24186265576455,4.158224473834354
245.32100418825593,45.238597515101574,4.228312715837474
245.39116513535828,45.23526093651821,4.2983942807576145
245.46132273605733,45.231852925283384,4.368469057926524
245.5314769527961,45.22837348677881,4.438536936686509
245.6016277480336,45.224822626498984,4.508597806390827
245.67177508424487,45.221200350051205,4.578651556403752
245.74191892392145,45.21750666315554,4.648698076100949
245.81205922957116,45.21374157164484,4.718737254869354
245.88219596371854,45.20990508146468,4.788768982107493
245.95232908890506,45.20599719867341,4.858793147225811
246.02245856768909,45.20201792944211,4.92880963964654
246.09258436264614,45.19796728005459,4.9988183488040345
246.16270643636932,45.19384525690737,5.068819164145085
246.23282475146908,45.189651866509706,5.1388119751287995
246.30293927057363,45.18538711548351,5.208796671226928
246.37304995632923,45.181051010563415,5.27877314192418
246.44315677140008,45.17664355859673,5.348741276718107
246.51325967846873,45.17216476654342,5.4187009651194735
246.58335864023604,45.167614641476106,5.488652096652335
246.65345361942173,45.16299319058005,5.558594560854404
246.72354457876412,45.15830042115318,5.628528247276932
246.79363148102055,45.153536340605996,5.698453045485037
246.86371428896766,45.14870095646162,5.768368845058011
246.93379296540127,45.143794276355806,5.83827553558922
247.00386747313672,45.13881630803687,5.908173006686407
247.0739377750092,45.1337670593657,5.978061147972018
247.14400383387363,45.128646538315756,6.047939849083093
247.21406561260497,45.123454752973025,6.117808999671578
247.2841230740986,45.11819171153605,6.18766848940464
247.35417618127013,45.112857422315884,6.257518207964564
247.42422489705575,45.107451893736126,6.32735804504906
247.49426918441262,45.101975134332804,6.397187890371594
247.56430900631864,45.0964271527545,6.467007633661251
247.63434432577293,45.090807957762216,6.536817164663135
247.70437510579583,45.08511755822945,6.606616373138412
247.77440130942938,45.0793559631421,6.676405148864708
247.84442289973705,45.0735231815985,6.746183381635969
247.9144398398042,45.06761922280945,6.815950961262789
247.98445209273837,45.06164409609806,6.88570777757274
248.0544596216691,45.05559781089989,6.9554537204102385
248.12446238974837,45.04948037676287,7.025188679636865
248.19446036015083,45.04329180334724,7.094912545131706
248.2644534960737,45.03703210042559,7.164625206791206
248.33444176073718,45.03070127788288,7.23432655452951
248.40442511738462,45.024299345716315,7.3040164782787755
248.47440352928257,45.01782631403543,7.373694867989047
248.54437695972098,45.01128219306203,7.4433616136285945
248.61434537201362,45.00466699313018,7.513016605184209
248.68430872949787,44.99798072468615,7.5826597326611065
248.75426699553518,44.991223398288504,7.6522908860832795
248.8242201335111,44.984395024607984,7.721909955493584
248.89416810683565,44.977495614427504,7.791516830954104
248.9641108789433,44.97052517864218,7.861111402546037
249.03404841329314,44.963483728259305,7.930693560370001
249.1039806733693,44.95637127439826,8.000263194546372
249.17390762268084,44.94918782829059,8.069820195215152
249.24382922476204,44.94193340127993,8.139364452536292
249.31374544317276,44.93460800482203,8.208895856690019
249.38365624149827,44.92721165048468,8.278414297876704
249.45356158334965,44.91974434994772,8.347919666317189
249.52346143236403,44.91220611500306,8.41741185225311
249.59335575220456,44.904596957554595,8.486890745946768
249.6632445065607,44.89691688961822,8.556356237681461
249.73312765914847,44.88916592332179,8.625808217761794
249.8030051737105,44.88134407090518,8.695246576513558
249.87287701401624,44.873451344720124,8.764671204284106
249.94274314386215,44.865487757230355,8.834081991442432
250.012603527072,44.85745332101143,8.903478828379516
250.08245812749684,44.84934804875083,8.972861605508244
250.1523069090152,44.84117195324789,9.04223021326368
250.22214983553357,44.832925047413774,9.111584542103431
250.29198687098614,44.82460734427148,9.18092448250749
250.3618179793352,44.81621885695579,9.250249924978577
250.43164312457148,44.807759598713275,9.319560760042458
250.50146227071397,44.79922958290226,9.388856878247815
250.57127538181032,44.790628822992794,9.458138170166563
250.6410824219371,44.78195733256668,9.527404526394193
250.71088335519974,44.773215125317336,9.596655837549612
250.78067814573282,44.76440221504995,9.665891994275514
250.85046675770036,44.75551861568127,9.735112887238643
250.9202491552958,44.74656434123973,9.804318407129713
250.9900253027423,44.737539405865355,9.873508444663768
251.05979516429284,44.728443823809755,9.94268289058024
251.1295587042306,44.7192776094361,10.01184163564334
251.19931588686882,44.71004077721905,10.080984570641913
251.26906667655118,44.70073334174488,10.150111586389784
251.33881103765205,44.69135531771126,10.219222573726057
251.40854893457646,44.68190671992738,10.288317423514997
251.47828033176032,44.67238756331389,10.35739602664636
251.54800519367083,44.662797862902806,10.426458274035697
251.61772348480636,44.653137633837595,10.495504056624249
251.68743516969673,44.64340689137307,10.564533265379245
251.75714021290352,44.63360565087539,10.633545791294246
251.82683857902006,44.62373392782206,10.702541525389
251.89653023267164,44.6137917378019,10.771520358709779
251.9662151385159,44.60377909651495,10.840482182329689
252.0358932612427,44.59369601977255,10.909426887348545
252.10556456557447,44.58354252349726,10.97835436489325
252.1752290162663,44.57331862372284,11.047264506117855
252.2448865781063,44.56302433659422,11.116157202203944
252.3145372159156,44.552659678367476,11.185032344360499
252.3841808945485,44.542224665409826,11.253889823824213
252.45381757889288,44.53171931419958,11.322729531859832
252.52344723387012,44.5211436413261,11.391551359760006
252.5930698244353,44.51049766348986,11.460355198845628
252.66268531557773,44.499781397502275,11.52914094046615
252.73229367232062,44.48899486028581,11.597908475999432
252.8018948597215,44.478138068873875,11.666657696852113
252.87148884287257,44.46721104041082,11.735388494459883
252.94107558690055,44.45621379215192,11.804100760287382
253.010655056967,44.445146341463335,11.872794385828517
253.08022721826867,44.43400870582206,11.94146926260677
253.14979203603735,44.42280090281597,12.010125282175089
253.21934947554027,44.4115229501437,12.07876233611625
253.28889950208014,44.400174865614694,12.147380316042927
253.3584420809956,44.388756667149096,12.215979113598063
253.42797717766098,44.37726837277782,12.28455862045474
253.4975047574868,44.36571000064246,12.353118728316508
253.56702478591995,44.35408156899524,12.421659328917695
253.63653722844361,44.34238309619905,12.490180314023295
253.7060420505776,44.33061460072739,12.558681575429262
253.77553921787865,44.31877610116429,12.627163004962856
253.84502869594036,44.30686761620437,12.695624494482507
253.91451045039346,44.29488916465277,12.764065935878122
253.98398444690622,44.282840765425085,12.832487221071426
254.05345065118416,44.27072243754739,12.90088824201582
254.1229090289706,44.25853420015617,12.969268890696707
254.19235954604682,44.24627607249831,13.037629059131802
254.26180216823195,44.23394807393109,13.105968639371032
254.33123686138345,44.22155022392207,13.174287523496854
254.40066359139712,44.20908254204919,13.242585603624391
254.47008232420745,44.19654504800058,13.310862771901743
254.53949302578758,44.18393776157467,13.379118920509896
254.60889566214948,44.1712607026801,13.447353941663017
254.67829019934447,44.15851389133565,13.515567727608804
254.74767660346296,44.14569734767029,13.58376017062832
254.81705484063482,44.13281109192311,13.651931163036345
254.88642487702973,44.11985514444323,13.720080597181674
254.95578667885695,44.106829525689875,13.788208365446998
255.02514021236584,44.09373425623228,13.856314360249225
255.09448544384597,44.08056935674967,13.924398474039787
255.16382233962716,44.06733484803119,13.99246059930453
255.2331508660798,44.05403075097597,14.060500628564068
255.30247098961487,44.040657086592965,14.128518454373854
255.37178267668446,44.027213876001035,14.19651396932456
255.44108589378146,44.01370114042885,14.264487066041935
255.51038060744006,44.00011890121485,14.332437637187137
255.57966678423594,43.986467179807235,14.40036557545703
255.64894439078626,43.97274599776396,14.46827077358408
255.7182133937499,43.95895537675264,14.536153124336664
255.7874737598278,43.94509533855054,14.604012520519383
255.85672545576293,43.93116590504455,14.67184885497294
255.92596844834048,43.917167098231154,14.739662020574446
255.9952027043883,43.90309894021638,14.807451910237765
256.06442819077665,43.88896145321576,14.875218416913347
256.1336448744187,43.87475465955433,14.942961433588597
256.2028527222706,43.86047858166653,15.010680853288127
256.27205170133175,43.84613324209626,15.078376569073683
256.34124177864476,43.83171866349676,15.146048474044497
256.4104229212958,43.817234868630635,15.213696461337344
256.4795950964147,43.80268188036975,15.281320424126905
256.5487582711753,43.788059721695255,15.348920255625677
256.61791241279525,43.773368415697576,15.416495849084244
256.6870574885367,43.758607985576255,15.48404709779162
256.756193465706,43.743778454640015,15.551573895075105
256.8253203116541,43.72887984630676,15.619076134300636
256.89443799377676,43.713912184103364,15.68655370887305
256.9635464795146,43.698875491665845,15.754006512235998
257.0326457363534,43.683769792739206,15.821434437872252
257.1017357318242,43.66859511117737,15.888837379304007
257.1708164335035,43.65335147094325,15.956215230092774
257.2398878090133,43.63803889610865,16.02356788383968
257.3089498260216,43.622657410854174,16.090895234185787
257.3780024522423,43.60720703946933,16.158197174811963
257.4470456554355,43.591687806352326,16.225473599439272
257.51607940340745,43.57609973601019,16.292724401828995
257.5851036640111,43.56044285305859,16.35994947578304
257.6541184051461,43.54471718222187,16.427148715143794
257.72312359475876,43.52892274833304,16.49432201379443
257.7921192008426,43.51305957633364,16.561469265659237
257.8611051914383,43.49712769127379,16.628590364703495
257.9300815346338,43.481127118312116,16.695685204933774
257.9990481985649,43.46505788271572,16.762753680398266
258.0680051514148,43.44892000986009,16.829795685186642
258.1369523614148,43.432713525229154,16.89681111343037
258.2058897968443,43.41643845441515,16.96379985930305
258.27481742603084,43.400094823118636,17.030761817020256
258.3437352173504,43.383682657148455,17.09769688083987
258.4126431392277,43.367201982421626,17.16460494506238
258.48154116013626,43.350652824963404,17.231485904030777
258.55042924859833,43.33403521090717,17.298339652130892
258.6193073731854,43.31734916649441,17.36516608379149
258.68817550251845,43.30059471807464,17.43196509348461
258.75703360526774,43.283771892105435,17.498736575725445
258.8258816501532,43.26688071515235,17.565480425072664
258.89471960594466,43.249921213888825,17.63219653612872
258.96354744146197,43.23289341509626,17.69888480353971
259.0323651255751,43.21579734566386,17.765545121995718
259.10117262720445,43.19863303258864,17.83217738623109
259.1699699153209,43.181400502975414,17.898781491024344
259.23875695894606,43.164099784036694,17.965357331198454
259.3075337271524,43.14673090309266,18.031904801621184
259.3763001890635,43.12929388757115,18.098423797204944
259.445056313854,43.11178876500763,18.164914212907103
259.5138020707503,43.094215563045026,18.23137594373033
259.5825374290299,43.07657430943384,18.297808884722425
259.6512623580225,43.05886503203203,18.364212930976706
259.7199768271094,43.04108775880497,18.430587977632072
259.7886808057242,43.02324251782537,18.49693391987336
259.8573742633527,43.00532933727331,18.563250652931224
259.9260571695331,42.98734824543618,18.629538072082447
259.99472949385637,42.96929927070853,18.695796072650232
260.0633912059661,42.95118244159219,18.762024550004114
260.132042275559,42.932997786696106,18.828223399560233
260.20068267238486,42.9147453347363,18.894392516781664
260.26931236624677,42.89642511453591,18.960531797178305
260.33793132700123,42.87803715502506,19.02664113630714
260.40653952455864,42.85958148524084,19.092720429772605
260.47513692888305,42.841058134327284,19.158769573226415
260.54372350999256,42.82246713153528,19.224788462367933
260.6122992379595,42.80380850622257,19.290776992944394
260.6808640829106,42.785082287853655,19.35673506075086
260.74941801502695,42.7662885059998,19.422662561630545
260.81796100454443,42.74742719033896,19.488559391474876
260.8864930217539,42.728498370655714,19.554425446223856
260.9550140370011,42.709502076841254,19.620260621865945
261.0235240206871,42.69043833889332,19.68606481443838
261.09202294326843,42.67130718691617,19.751837920027434
261.1605107752571,42.65210865112048,19.817579834768363
261.2289874872207,42.63284276182338,19.88329045484566
261.29745304978314,42.61350954944833,19.948969676493373
261.36590743362405,42.59410904452511,20.014617395995007
261.43435060947945,42.57464127768978,20.080233509683808
261.5027825481419,42.555106279684566,20.14581791394306
261.57120322046046,42.53550408135793,20.21137050520599
261.6396125973409,42.51583471366442,20.276891179956078
261.7080106497461,42.49609820766462,20.342379834727314
261.776397348696,42.47629459452519,20.407836366104128
261.8447726652677,42.45642390551874,20.47326067072172
261.913136570596,42.436486172023805,20.53865264526615
261.98148903587327,42.41648142552476,20.604012186474645
262.0498300323496,42.39640969761186,20.66933919113552
262.118159531333,42.37627101998109,20.734633556088482
262.18647750418995,42.35606542443417,20.7998951782249
262.254783922345,42.3357929428785,20.86512395448772
262.32307875728117,42.315453607327086,20.930319781871763
262.3913619805404,42.29504744989852,20.995482557423998
262.4596335637233,42.27457450281691,21.060612178243467
262.5278934784894,42.25403479841186,21.12570854148157
262.5961416965576,42.23342836911831,21.19077154434234
262.66437818970616,42.21275524747666,21.255801084082382
262.73260292977267,42.19201546613259,21.32079705801113
262.8008158886547,42.17120905783704,21.385759363491154
262.8690170383095,42.15033605544617,21.450687897938067
262.93720635075437,42.1293964919213,21.515582558820846
263.0053837980668,42.108390400328865,21.580443243661918
263.07354935238493,42.08731781384034,21.645269850037508
263.1417029859071,42.066178765732225,21.7100622755775
263.2098446708925,42.044973289385965,21.77482041796577
263.2779743796614,42.023701418287885,21.839544174940464
263.3460920845949,42.00236318602918,21.904233444293883
263.41419775813534,41.98095862630585,21.9688881238728
263.48229137278673,41.959487772918585,22.03350811157874
263.55037290111443,41.93795065977281,22.098093305367883
263.61844231574554,41.91634732087858,22.162643603251343
263.68649958936925,41.89467779035049,22.22715890329547
263.7545446947367,41.87294210240769,22.29163910362177
263.8225776046613,41.85114029137381,22.356084102407195
263.8905982920189,41.8292723916769,22.42049379788425
263.9586067297481,41.80733843784932,22.48486808834133
264.02660289085003,41.7853384645278,22.549206872122596
264.09458674838885,41.76327250645331,22.61351004762828
264.16255827549196,41.74114059847098,22.677777513314986
264.2305174453499,41.71894277553013,22.74200916769556
264.2984642312166,41.69667907268417,22.806204909339414
264.36639860640986,41.6743495250905,22.87036463687279
264.434320544311,41.65195416801053,22.934488248978692
264.50223001836537,41.62949303680959,22.99857564439713
264.5701270020826,41.60696616695687,23.062626721925437
264.6380114690364,41.58437359402537,23.12664138041819
264.70588339286513,41.56171535369187,23.190619518787464
264.7737427472717,41.53899148173678,23.25456103600312
264.8415895060237,41.51620201404422,23.318465831092738
264.9094236429539,41.493346986601864,23.382333803141922
264.9772451319601,41.470426435500954,23.446164851294387
265.04505394700544,41.44744039693611,23.509958874752275
265.11285006211847,41.42438890720546,23.57371577277608
265.1806334513934,41.40127200271046,23.637435444684904
265.2484040889904,41.37808971995584,23.701117789856784
265.3161619491355,41.35484209554958,23.76476270772855
265.38390700612075,41.331529166202884,23.828370097796164
265.4516392343048,41.30815096873002,23.89193985961495
265.5193586081126,41.28470754004835,23.955471892799526
265.5870651020357,41.26119891717829,24.01896609702411
265.65475869063266,41.23762513724313,24.082422372022773
265.7224393485289,41.21398623746907,24.14584061758934
265.79010705041696,41.19028225518521,24.209220733577713
265.85776177105686,41.16651322782333,24.272562619902114
265.925403485276,41.14267919291799,24.33586617653703
265.9930321679694,41.11878018810636,24.399131303517496
266.06064779409985,41.09481625112827,24.462357900939196
266.12825033869836,41.07078741982601,24.52554586895879
266.195839776864,41.04669373214441,24.588695107793807
266.26341608376396,41.02253522613069,24.651805517722934
266.33097923463424,40.99831193993441,24.714876999086318
266.39852920477927,40.974023911807464,24.777909452285428
266.4660659695723,40.949671180103955,24.840902777783374
266.5335895044558,40.92525378328016,24.90385687610518
266.60109978494114,40.900771759894496,24.966771647837696
266.6685967866091,40.87622514860744,25.029646993629868
266.73608048511,40.8516139881814,25.092482814193016
266.8035508561637,40.82693831748075,25.155279010300774
266.87100787556,40.80219817547181,25.218035482789322
266.9384515191586,40.77739360122258,25.280752132557716
267.0058817628894,40.75252463390288,25.34342886056777
267.0732985827525,40.727591312784206,25.40606556784436
267.1407019548186,40.70259367723972,25.468662155475535
267.2080918552291,40.677531766744025,25.531218524612843
267.275468260196,40.65240562087334,25.593734576471174
267.3428311460024,40.62721527930529,25.656210212329114
267.41018048900264,40.60196078181883,25.718645333529192
267.47751626562217,40.576642168294285,25.78103984147779
267.5448384523579,40.5512594787132,25.84339363764541
267.6121470257786,40.52581275315828,25.905706623566992
267.67944196252466,40.50030203181339,25.967978700841787
267.7467232393084,40.47472735496348,26.03020977113363
267.8139908329143,40.4490887629944,26.09239973617126
267.88124472019933,40.42338629639301,26.154548497748188
267.94848487809253,40.39761999574703,26.216655957722995
268.01571128359586,40.37178990174493,26.278722018019607
268.08292391378393,40.34589605517597,26.340746580627204
268.1501227458043,40.31993849693007,26.40272954760054
268.21730775687763,40.293917267997784,26.464670821059993
268.28447892429796,40.26783240947013,26.526570303191928
268.3516362254326,40.24168396253869,26.588427896248582
268.4187796377225,40.215471968495464,26.650243502548314
268.4859091386824,40.189196468732696,26.712017024475944
268.55302470590095,40.16285750474303,26.7737483644826
268.6201263170408,40.13645511811931,26.83543742508602
268.68721394983896,40.10998935055444,26.89708410887085
268.7542875821068,40.08346024384152,26.95868831848852
268.8213471917302,40.05686783987366,27.02024995665752
268.8883927566699,40.030212180643844,27.08176892616373
268.9554242549613,40.00349330824501,27.143245129860233
269.02244166471513,39.976711264869934,27.204678470667677
269.08944496411715,39.94986609281107,27.266068851574527
269.1564341314285,39.92295783446063,27.32741617563694
269.22340914498596,39.89598653231044,27.38872034597911
269.2903699832018,39.86895222895187,27.449981265793358
269.3573166245644,39.84185496707575,27.51119883834041
269.42424904763806,39.81469478947237,27.57237296694931
269.49116723106306,39.787471739031375,27.63350355501773
269.55807115355634,39.76018585874163,27.6945905060122
269.6249607939111,39.7328371916913,27.75563372346805
269.6918361309973,39.705425781067675,27.816633110989667
269.7586971437617,39.677951670157086,27.87758857225078
269.82554381122804,39.6504149023449,27.938500010994343
269.89237611249706,39.62281552111547,27.99936733103284
269.95919402674707,39.59515357005194,28.060190436248554
270.02599753323364,39.56742909283633,28.120969230593456
270.0927866112899,39.53964213324939,28.18170361808949
270.1595612403269,39.51179273517049,28.242393502828854
270.22632139983364,39.48388094257764,28.30303878897389
270.293067069377,39.45590679954737,28.363639380757423
270.35979822860224,39.42787035025471,28.424195182482787
270.4265148572331,39.39977163897298,28.484706098524214
270.4932169350717,39.371610710073895,28.545172033326644
270.559904441999,39.34338760802745,28.605592891406083
270.6265773579749,39.315102377401715,28.665968577349823
270.6932356630382,39.28675506286295,28.72629899581638
270.75987933730687,39.25834570917549,28.786584051535748
270.8265083609784,39.22987436120149,28.846823649309677
270.89312271432965,39.20134106390113,28.90701769401158
270.9597223777171,39.172745862332434,28.967166090586787
271.0263073315773,39.14408880165105,29.027268744052876
271.09287755642646,39.11536992711043,29.0873255594995
271.1594330328611,39.0865892840616,29.147336442088704
271.22597374155805,39.0577469179531,29.207301297055206
271.2924996632745,39.02884287433097,29.267220029706277
271.35901077884824,38.99987719883865,29.32709254542204
271.4255070691978,38.97084993721691,29.386918749655592
271.49198851532276,38.941761135303715,29.446698547933277
271.5584550983036,38.912610839034286,29.506431845854586
271.6249067993021,38.883399094440925,29.566118549092455
271.69134359956143,38.85412594765294,29.625758563393504
271.75776548040625,38.82479144489663,29.685351794577965
271.8241724232429,38.795395632495214,29.744898148539967
271.8905644095596,38.76593855686863,29.804397531247755
271.9569414209265,38.73642026453366,29.863849848743655
272.0233034389959,38.70684080210374,29.923255007144295
272.08965044550257,38.677200216288824,29.982612912640906
272.1559824222635,38.647498553895474,30.041923471499206
272.2222993511784,38.61773586182665,30.101186590059733
272.28860121422963,38.58791218708176,30.160402174737897
272.3548879934827,38.55802757675639,30.219570132024273
272.42115967108595,38.52808207804243,30.278690368484554
272.48741622927093,38.49807573822796,30.337762790759765
272.5536576503528,38.46800860469703,30.396787305566583
272.61988391673003,38.43788072492976,30.455763819697193
272.6860950108848,38.407692146502235,30.51469224001959
272.7522909153832,38.37744291708626,30.573572473477828
272.81847161287516,38.347133084449545,30.632404427091963
272.88463708609476,38.31676269645547,30.691188007958246
272.9507873178605,38.28633180106297,30.74992312324947
273.01692229107516,38.25584044632662,30.808609680214833
273.08304198872617,38.22528868039643,30.867247586180202
273.14914639388564,38.194676551517794,30.925836748548402
273.2152354897106,38.164004108031435,30.984377074799124
273.2813092594431,38.13327139837335,31.042868472489182
273.34736768641034,38.1024784710747,31.10131084925264
273.4134107540249,38.07162537476166,31.1597041128011
273.47943844578475,38.040712158155515,31.21804817092358
273.54545074527357,38.00973887007248,31.276342931486802
273.6114476361608,37.97870555942356,31.334588302435463
273.67742910220176,37.94761227521461,31.392784191792153
273.7433951272378,37.916459066546174,31.450930507657556
273.80934569519667,37.8852459826134,31.509027158210774
273.87528079009235,37.85397307270602,31.567074051709266
273.94120039602524,37.82264038620825,31.625071096488977
274.00710449718264,37.79124797259863,31.683018200964778
274.0729930778385,37.7597958814501,31.74091527363021
274.13886612235365,37.72828416242982,31.798762223057874
274.2047236151763,37.69671286529905,31.85655895789961
274.27056554084163,37.665082039913194,31.91430538688644
274.33639188397234,37.63339173622166,31.97200141882888
274.40220262927863,37.601642004267774,32.02964696261699
274.4679977615585,37.56983289418864,32.08724192722064
274.53377726569755,37.537964456215235,32.1447862216895
274.5995411266695,37.50603674067218,32.202279755153235
274.66528932953634,37.47404979797765,32.25972243682177
274.73102185944805,37.44200367864342,32.317114175985246
274.7967387016431,37.4098984332747,32.374454882014234
274.86243984144863,37.37773411257002,32.431744464360015
274.92812526428037,37.34551076732125,32.488982832554456
274.99379495564284,37.31322844841347,32.54616989621034
275.05944890112977,37.28088720682483,32.603305565021586
275.1250870864238,37.248487093626586,32.66038974876307
275.19070949729684,37.21602815998296,32.71742235729111
275.2563161196104,37.183510457150994,32.77440330054347
275.3219069393154,37.150934036480606,32.83133248853943
275.38748194245244,37.1182989494144,32.888209831380024
275.453041115152,37.08560524748767,32.94503523924815
275.51858444363467,37.052852982328176,33.00180862240879
275.5841119142109,37.02004220565624,33.05852989120898
275.64962351328154,36.98717296928459,33.11519895607807
275.71511922733794,36.95424532511818,33.17181572752794
275.7805990429618,36.92125932515429,33.22838011615294
275.8460629468256,36.88821502148231,33.284892032630154
275.91151092569277,36.8551124662837,33.34135138771962
275.9769429664175,36.8219517118319,33.39775809226426
276.04235905594504,36.78873281049233,33.454112057190166
276.1077591813122,36.75545581472208,33.51041319350682
276.17314332964685,36.722120777070124,33.56666141230698
276.2385114881685,36.68872775017704,33.62285662476701
276.30386364418837,36.65527678677494,33.678998742147066
276.36919978510934,36.621767939687494,33.73508767579104
276.4345198984264,36.58820126182972,33.79112333712687
276.49982397172636,36.55457680620802,33.84710563766653
276.5651119926885,36.52089462591995,33.90303448900643
276.6303839490844,36.487154774154305,33.95890980282724
276.6956398287778,36.45335730419093,34.01473149089414
276.7608796197256,36.419502269400596,34.070499465057196
276.82610330997693,36.38558972324504,34.126213637251084
276.8913108876741,36.35161971927684,34.1818739194955
276.9565023410523,36.31759231113922,34.237480223895325
277.0216776584401,36.28350755256613,34.29303246264059
277.0868368282591,36.249365497382044,34.34853054800668
277.1519798390244,36.21516619950193,34.40397439235463
277.2171066793448,36.18090971293113,34.45936390813099
277.28221733792253,36.14659609176537,34.51469900786813
277.3473118035539,36.112225390190474,34.56997960418444
277.4123900651291,36.0777976624825,34.62520560978428
277.4774521116323,36.04331296300753,34.68037693745824
277.542497932142,36.00877134622163,34.73549350008325
277.60752751583107,35.974172866670685,34.79055521062278
277.67254085196686,35.93951757899044,34.84556198212685
277.7375379299112,35.90480553790634,34.90051372773222
277.80251873912084,35.8700367982334,34.95541036066265
277.8674832691474,35.835211414876234,35.01025179422884
277.9324315096373,35.8003294428289,35.06503794182864
277.99736345033244,35.765390937174715,35.11976871694731
278.06227908106973,35.7303959530864,35.174444033157464
278.1271783917815,35.69534454582583,35.229063804119264
278.1920613724958,35.66023677074392,35.283627943580726
278.2569280133361,35.62507268328064,35.33813636537756
278.3217783045218,35.589852338964945,35.39258898343352
278.38661223636814,35.554575793414486,35.446985711760554
278.4514297992865,35.51924310233579,35.50132646445875
278.5162309837842,35.48385432152398,35.55561115571667
278.5810157804652,35.4484095068628,35.60983969981133
278.6457841800296,35.4129087143244,35.66401201110852
278.71053617327414,35.37735199996943,35.718128004062734
278.7752717510922,35.34173941994677,35.772187593217396
278.8399909044741,35.30607103049353,35.82619069320511
278.90469362450693,35.27034688793499,35.880137218747585
278.96937990237484,35.23456704868446,35.93402708465584
279.03404972935925,35.198731569243144,35.9878602058305
279.0987030968388,35.162840506200176,36.041636497261685
279.1633399962895,35.12689391623248,36.095355874029245
279.22796041928507,35.09089185610457,36.14901825130305
279.29256435749676,35.054834382668645,36.20262354434281
279.3571518026936,35.0187215528644,36.25617166849843
279.42172274674266,34.982553423718855,36.309662539210194
279.48627718160895,34.946330052346475,36.363096072008666
279.55081509935565,34.910051495948885,36.41647218251501
279.61533649214414,34.87371781181493,36.46979078644103
279.67984135223435,34.83732905732037,36.52305179958944
279.74432967198464,34.800885289928075,36.576255137853785
279.80880144385196,34.76438656718773,36.62940071721871
279.87325666039214,34.727832946735745,36.68248845376017
279.93769531425977,34.691224486295326,36.735518263645325
280.00211739820844,34.654561243676255,36.78849006313284
280.066522905091,34.617843276774714,36.84140376857308
280.1309118278594,34.58107064357344,36.894259296408066
280.19528415956484,34.54424340214145,36.94705656317165
280.2596398933582,34.507361610633936,36.99979548548982
280.3239790224899,34.47042532729232,37.05247598008057
280.38830154030984,34.43343461044401,37.10509796375423
280.45260744026797,34.39638951850244,37.15766135341345
280.5168967159142,34.35929010996682,37.21016606605355
280.58116936089823,34.3221364434222,37.262612018762375
280.6454253689701,34.284928577539304,37.31499912872058
280.70966473398016,34.247666571074404,37.367327313201834
280.77388744987906,34.21035048286929,37.419596489572754
280.83809351071784,34.17298037185121,37.47180657529314
280.9022829106484,34.135556297032615,37.52395748791621
280.9664556439232,34.09807831751124,37.576049145088525
281.0306117048956,34.06054649246996,37.62808146455022
281.0947510880199,34.0229608811766,37.680054364135216
281.15887378785146,33.985321542983996,37.731967761771166
281.2229797990467,33.94762853732984,37.78382157547973
281.28706911636357,33.90988192373648,37.8356157233767
281.35114173466116,33.87208176181096,37.88735012367201
281.41519764890023,33.83422811124494,37.93902469467
281.479236854143,33.79632103181451,37.99063935476942
281.54325934555357,33.75836058338006,38.04219402246375
281.6072651183978,33.72034682588635,38.09368861634109
281.67125416804333,33.68227981936233,38.145123055084426
281.73522648996016,33.64415962392095,38.19649725747182
281.7991820797202,33.60598629975921,38.247811142376364
281.8631209329976,33.567759907158035,38.29906462876639
281.9270430455691,33.52948050648206,38.350257635705724
281.9909484133137,33.49114815817971,38.40139008235357
282.0548370322129,33.45276292278303,38.452461887964795
282.11870889835114,33.414324860907485,38.50347297189011
282.1825640079155,33.375834033252055,38.55442325357603
282.24640235719585,33.33729050059903,38.60531265256505
282.3102239425852,33.29869432381386,38.65614108849594
282.3740287605796,33.2600455638452,38.70690848110363
282.4378168077783,33.221344281724726,38.75761475021948
282.50158808088366,33.182590538567055,38.80825981577133
282.56534257670177,33.1437843955696,38.858843597783775
282.62908029214196,33.104925914012576,38.90936601637809
282.6928012242172,33.06601515525886,38.95982699177244
282.7565053700443,33.02705218075379,39.01022644428214
282.8201927268437,32.98803705202526,39.060564294319526
282.8838632919397,32.9489698306835,39.11084046239423
282.9475170627607,32.90985057842095,39.161054869113386
283.01115403683923,32.87067935701225,39.211207435181564
283.07477421181187,32.83145622831414,39.26129808140098
283.13837758541956,32.79218125426525,39.31132672867174
283.20196415550765,32.752854496886144,39.36129329799174
283.2655339200258,32.71347601827917,39.411197710456904
283.3290868770285,32.67404588062826,39.46103988726145
283.39262302467466,32.63456414619902,39.51081974969772
283.45614236122805,32.595030877338495,39.56053721915651
283.5196448850573,32.55544613647514,39.61019221712714
283.583130594636,32.51580998611861,39.65978466519764
283.6465994885427,32.476122488859815,39.70931448505474
283.71005156546113,32.436383707370766,39.75878159848405
283.77348682418034,32.39659370440437,39.80818592737033
283.8369052635945,32.356752542794496,39.85752739369735
283.9003068827032,32.3168602854558,39.906805919548184
283.96369168061176,32.276916995383566,39.956021427105355
284.0270596565308,32.2369227356537,40.00517383865086
284.09041080977676,32.19687756942265,40.05426307656627
284.1537451397718,32.156781559927126,40.10328906333306
284.2170626460439,32.11663477048423,40.15225172153246
284.28036332822705,32.07643726449126,40.20115097384571
284.3436471860612,32.03618910542551,40.24998674305431
284.4069142193925,31.995890356844335,40.29875895203987
284.47016442817306,31.95554108238496,40.347467523784395
284.5333978124615,31.915141345764432,40.396112381370386
284.5966143724228,31.874691210779392,40.44469344798105
284.6598141083282,31.83419074130615,40.493210646900195
284.72299702055557,31.793640001300503,40.54166390151253
284.7861631095895,31.753039054797547,40.5900531353038
284.8493123760211,31.71238796591176,40.638378271860766
284.91244482054833,31.671686798836763,40.68663923487142
284.97556044397606,31.630935617845218,40.73483594812519
285.038659247216,31.590134487288825,40.782968335512834
285.1017412312869,31.54928347159817,40.831036321026716
285.1648063973147,31.508382635282516,40.879039828760995
285.2278547465324,31.467432042929904,40.92697878291153
285.29088628028023,31.426431759206938,40.974853107776156
285.353901000006,31.38538184885859,41.02266272775485
285.41689890726457,31.34428237670832,41.07040756734965
285.47988000371856,31.303133407657796,41.11808755116493
285.54284429113795,31.26193500668689,41.16570260390747
285.6057917714006,31.220687238853433,41.213252650386664
285.66872244649187,31.179390169293317,41.26073761551446
285.7316363185049,31.138043863220283,41.308157424305584
285.7945333896409,31.096648385925725,41.35551200187776
285.8574136622087,31.05520380277879,41.40280127345161
285.92027713862547,31.013710179226152,41.45002516435088
285.9831238214162,30.972167580791858,41.49718360000267
286.0459537132141,30.930576073077358,41.54427650593734
286.1087668167606,30.88893572176137,41.59130380778874
286.17156313490545,30.847246592599607,41.63826543129439
286.23434267060674,30.805508751424945,41.68516130229545
286.2971054269309,30.76372226414715,41.73199134673691
286.359851407053,30.721887196752736,41.778755490667805
286.42258061425656,30.680003615305015,41.82545366024114
286.48529305193375,30.63807158594387,41.872085781714105
286.5479887235854,30.59609117488574,41.91865178144821
286.6106676328211,30.55406244842336,41.96515158590944
286.67332978335935,30.51198547292585,42.01158512166822
286.73597517902743,30.46986031483854,42.05795231539964
286.79860382376165,30.42768704068273,42.10425309388363
286.86121572160727,30.38546571705582,42.1504873840049
286.92381087671856,30.343196410631066,42.19665511275317
286.9863892933591,30.300879188157413,42.24275620722335
287.0489509759015,30.258514116459562,42.28879059461552
287.11149592882765,30.21610126243777,42.33475820223503
287.1740241567289,30.173640693067668,42.38065895749281
287.2365356643058,30.131132475400324,42.426492787905325
287.29903045636837,30.088576676562035,42.47225962109462
287.3615085378362,30.045973363754168,42.517959384788696
287.4239699137383,30.003322604253196,42.563592006821345
287.4864145892134,29.960624465410476,42.609157415132444
287.54884256950976,29.917879014652247,42.65465553776797
287.6112538599855,29.87508631947934,42.700086302880216
287.6736484661084,29.83224644746729,42.7454496387278
287.736026393456,29.789359466266145,42.790745473675756
287.79838764771586,29.746425443600227,42.83597373619587
287.8607322346854,29.703444447268257,42.88113435486649
287.9230601602719,29.660416545143118,42.92622725837282
287.98537143049293,29.617341805171694,42.971252375507056
288.0476660514759,29.57422029537489,43.01620963516838
288.10994402945835,29.531052083847502,43.061098966363105
288.17220537078816,29.487837238757958,43.10592029820491
288.2344500819233,29.444575828348437,43.15067355991476
288.2966781694319,29.401267920934636,43.195358680821116
288.3588896399927,29.35791358490558,43.23997559036013
288.4210845003945,29.314512888723737,43.284524218075596
288.4832627575367,29.27106590092471,43.32900449361914
288.545424418429,29.227572690117267,43.373416346750304
288.6075694901917,29.184033324983062,43.41775970733677
288.66969798005556,29.140447874276717,43.4620345053543
288.73180989536195,29.09681640682564,43.5062406708869
288.7939052435629,29.05313899152982,43.55037813412708
288.85598403222104,29.009415697361888,43.594446825375705
288.91804626900966,28.965646593366912,43.63844667504228
288.98009196171284,28.921831748662235,43.68237761364509
289.04212111822545,28.8779712324375,43.72623957181118
289.10413374655303,28.834065113954484,43.77003248027647
289.1661298548122,28.79011346254687,43.813756269886056
289.22810945123024,28.74611634762036,43.85741087159407
289.29007254414546,28.7020738386524,43.900996216463945
289.35201914200707,28.657986005192143,43.944512235668434
289.41394925337534,28.613852916860246,43.98795886048987
289.47586288692145,28.569674643348904,44.031336022320055
289.5377600514277,28.525451254421675,44.07464365266053
289.59964075578756,28.481182819913265,44.117881683122675
289.66150500900545,28.4368694097296,44.16105004542771
289.7233528201969,28.39251109384764,44.20414867140687
289.78518419858887,28.348107942315163,44.247177493001594
289.8469991535193,28.303660025250824,44.2901364422635
289.9087976944372,28.259167412843993,44.33302545135447
289.9705798309034,28.214630175354507,44.37584445254699
290.03234557258935,28.170048383112785,44.41859337822399
290.0940949292782,28.125422106519594,44.46127216087903
290.1558279108644,28.08075141604584,44.50388073311655
290.2175445273536,28.036036382232684,44.54641902765178
290.27924478886297,27.991277075691258,44.58888697731094
290.3409287056209,27.946473567102657,44.63128451503131
290.4025962879674,27.901625927217662,44.67361157386146
290.4642475463538,27.85673422685686,44.71586808696114
290.5258824913429,27.811798536910413,44.758053987601535
290.58750113360895,27.766818928337823,44.8001692091654
290.6491034839378,27.721795472168083,44.842213685147016
290.71068955322664,27.676728239499393,44.8841873491524
290.7722593524844,27.631617301499013,44.92609013489946
290.83381289283136,27.586462729403298,44.96792197621795
290.89535018549935,27.541264594517518,45.00968280704966
290.956871241832,27.49602296821562,45.05137256144857
291.0183760732843,27.45073792194035,45.09299117358087
291.0798646914228,27.40540952720301,45.13453857772504
291.1413371079259,27.36003785558325,45.17601470827213
291.2027933345834,27.314622978729176,45.21741949972563
291.2642333832968,27.26916496835707,45.25875288670173
291.32565726607925,27.223663896251367,45.30001480392934
291.3870649950555,27.178119834264418,45.34120518625031
291.4484565824619,27.132532854316526,45.38232396861938
291.5098320406466,27.0869030283958,45.42337108610435
291.57119138206934,27.041230428557892,45.464346473886295
291.6325346193015,26.99551512692611,45.50525006725942
291.6938617650261,26.94975719569119,45.54608180163138
291.7551728320379,26.903956707111078,45.586841612523315
291.8164678332432,26.85811373351103,45.6275294355699
291.87774678166016,26.812228347283398,45.6681452065195
291.9390096904186,26.766300620887407,45.70868886123431
292.0002565727598,26.720330626849222,45.74916033569032
292.06148744203676,26.674318437761787,45.78955956597755
292.1227023117144,26.628264126284556,45.82988648830015
292.1839011953691,26.582167765143613,45.870141038976364
292.2450841066889,26.536029427131396,45.91032315443877
292.3062510594735,26.48984918510667,45.9504327712343
292.3674020676342,26.44362711199429,45.99046982602444
292.4285371451941,26.397363280785235,46.0304342555852
292.48965630628777,26.35105776453645,46.07032599680725
292.55075956516157,26.304710636370594,46.110144986696156
292.61184693617327,26.258321969476146,46.14989116237224
292.6729184337923,26.21189183710718,46.18956446107088
292.7339740725998,26.165420312583144,46.22916482014254
292.7950138672884,26.11890746928895,46.26869217705284
292.8560378326622,26.072353380674755,46.308146469382656
292.9170459836371,26.02575812025576,46.34752763482833
292.9780383352403,25.979121761612266,46.386835611201604
293.0390149026105,25.93244437838949,46.42607033642979
293.0999757009982,25.88572604429732,46.465231748555944
293.160920745765,25.838966833110426,46.504319785738836
293.22185005238424,25.792166818667972,46.543334386253115
293.2827636364405,25.745326074873617,46.58227548848937
293.34366151363,25.6984446756952,46.62114303095434
293.40454369976027,25.6515226951649,46.65993695227087
293.46541021075006,25.604560207378963,46.69865719117799
293.5262610626297,25.557557286497488,46.73730368653124
293.58709627154076,25.510514006744547,46.7758763773025
293.647915853736,25.463430442407933,46.8143752025802
293.70871982557964,25.41630666783895,46.852800101569485
293.7695082035471,25.369142757452504,46.89115101359218
293.8302810042249,25.32193878572688,46.92942787808692
293.8910382443109,25.274694827203525,46.96763063460937
293.951779940614,25.227410956487144,47.00575922283213
294.01250611005435,25.18008724824544,47.04381358254494
294.07321676966313,25.13272377720895,47.08179365365483
294.1339119365826,25.08532061817108,47.119699376186034
294.194591628066,25.03787784598791,47.15753069028026
294.25525586147756,24.990395535578067,47.19528753619667
294.3159046542926,24.94287376192255,47.2329698543121
294.37653802409716,24.895312600064745,47.27057758512101
294.4371559885883,24.84771212511026,47.30811066923561
294.4977585655739,24.80007241222667,47.345569047386114
294.55834577297264,24.75239353664363,47.38295266042059
294.61891762881385,24.704675573652608,47.42026144930518
294.67947415123774,24.656918598606737,47.45749535512428
294.74001535849516,24.609122686920806,47.494654319080446
294.8005412689474,24.561287914071134,47.53173828249456
294.86105190106673,24.513414355595287,47.56874718680605
294.9215472734356,24.465502087092176,47.60568097357276
294.98202740474693,24.41755118422185,47.642539584471194
295.0424923138044,24.36956172270527,47.67932296129661
295.1029420195219,24.32153377832437,47.71603104596302
295.1633765409236,24.273467426921833,47.75266378050334
295.223795897144,24.225362744401025,47.789221107069466
295.284200107428,24.17721980672573,47.82570296793243
295.3445891911304,24.12903868992026,47.86210930548237
295.4049631677164,24.080819470069205,47.898440062228694
295.4653220567611,24.032562223317235,47.93469518080022
295.5256658779498,23.98426702586915,47.970874603945134
295.58599465107744,23.935933953989707,48.006978274531185
295.6463083960493,23.887563084003343,48.04300613554579
295.7066071328801,23.839154492294302,48.078958130096
295.7668908816945,23.790708255306395,48.1148342014087
295.82715966272707,23.742224449542775,48.150634292830716
295.88741349632176,23.693703151566023,48.1863583478288
295.9476524029322,23.64514443799792,48.22200630998977
296.0078764031216,23.596548385519245,48.257578123020664
296.0680855175626,23.547915070869823,48.29307373074872
296.1282797670373,23.499244570848298,48.32849307712153
296.18845917243704,23.45053696231207,48.36383610620708
296.24862375476243,23.40179232217703,48.39910276219396
296.30877353512335,23.353010727417658,48.434292989391274
296.3689085347387,23.304192255066777,48.469406732228826
296.4290287749365,23.25533698221535,48.50444393525727
296.48913427715377,23.206444986012563,48.539404543148066
296.5492250629363,23.15751634366558,48.57428850069361
296.6093011539388,23.10855113243934,48.60909575280742
296.6693625719248,23.05954942965663,48.64382624452407
296.7294093387663,23.01051131269786,48.67847992099936
296.7894414764441,22.96143685900084,48.713056727510434
296.84945900704736,22.91232614606087,48.74755660945578
296.90946195277377,22.86317925143046,48.78197951235538
296.9694503359293,22.81399625271931,48.816325381850746
297.02942417892825,22.764777227594017,48.85059416370509
297.0893835042931,22.715522253778165,48.88478580380334
297.14932833465434,22.66623140905213,48.91890024815217
297.2092586927506,22.616904771252802,48.95293744288029
297.26917460142835,22.567542418273717,48.98689733423829
297.32907608364184,22.5181444280648,49.02077986859884
297.38896316245325,22.46871087863216,49.054584992456846
297.4488358610323,22.41924184803813,49.08831265242937
297.5086942026562,22.369737414401122,49.12196279525582
297.5685382107098,22.32019765589531,49.15553536779806
297.6283679086852,22.270622650750774,49.18903031704042
297.68818332018185,22.221012477253247,49.22244759008975
297.74798446890634,22.1713672137439,49.25578713417568
297.8077713786724,22.121686938619412,49.28904889665048
297.8675440734007,22.071971730331708,49.32223282498931
297.92730257711884,22.022221667387942,49.35533886679016
297.98704691396125,21.972436828350173,49.38836696977415
298.04677710816895,21.92261729183549,49.42131708178537
298.1064931840896,21.872763136515786,49.45418915079105
298.1661951661773,21.822874441117502,49.48698312488177
298.2258830789927,21.772951284421726,49.51969895227134
298.28555694720245,21.722993745263988,49.55233658129699
298.34521679557963,21.673001902533976,49.58489596041949
298.4048626490032,21.62297583517567,49.617377038223104
298.464494532458,21.572915622187104,49.64977976341575
298.52411247103504,21.522821342620105,49.68210408482918
298.58371648993074,21.472693075580423,49.71434995141882
298.6433066144472,21.422530900227468,49.74651731226404
298.70288286999215,21.37233489577408,49.77860611656822
298.76244528207855,21.322105141486656,49.81061631365875
298.8219938763247,21.271841716684815,49.84254785298715
298.881528678454,21.221544700741415,49.87440068412914
298.94104971429493,21.171214173082227,49.9061747567848
299.0005570097809,21.120850213186074,49.937870020778504
299.06005059094997,21.07045290058454,49.969486426059085
299.1195304839451,21.020022314861812,50.00102392269997
299.17899671501357,20.969558535654688,50.03248246089913
299.23844931050724,20.9190616426524,50.063861990979206
299.2978882968822,20.868531715596372,50.09516246338767
299.3573137006987,20.81796883428028,50.12638382869682
299.41672554862095,20.767373078549866,50.1575260376038
299.4761238674173,20.716744528302645,50.18858904093087
299.5355086839597,20.66608326348806,50.21957278962529
299.5948800252237,20.615389364107184,50.25047723475946
299.6542379182886,20.56466291021255,50.28130232753109
299.71358239033685,20.51390398190817,50.31204801926313
299.77291346865434,20.46311265934934,50.342714261403934
299.8322311806299,20.412289022742506,50.3733010055273
299.89153555375543,20.36143315234507,50.40380820333263
299.95082661562566,20.310545128465428,50.434235806644864
300.010104393938,20.259625031462747,50.464583767414645
300.06936891649246,20.208672941746734,50.49485203771846
300.1286202111915,20.157688939777742,50.52504056975854
300.1878583060397,20.1066731060665,50.55514931586305
300.24708322914387,20.055625521173894,50.585178228486214
300.3062950087128,20.00454626571107,50.61512726020827
300.3654936730572,19.95343542033918,50.64499636373558
300.4246792505893,19.902293065769157,50.674785491900785
300.483851769823,19.851119282761793,50.70449459766278
300.5430112593735,19.799914152127513,50.7341236341068
300.60215774795734,19.748677754726135,50.76367255444462
300.6612912643921,19.697410171466956,50.79314131201439
300.7204118375963,19.646111483308495,50.822529860280966
300.7795194965892,19.59478177125841,50.851838152835775
300.83861427049084,19.54342111637326,50.88106614339708
300.89769618852154,19.492029599758553,50.91021378580986
300.9567652800019,19.44060730256856,50.93928103404598
301.0158215743529,19.389154306006027,50.968267842204355
301.0748651010954,19.337670691322295,50.99717416451082
301.1338958898499,19.28615653981706,51.025999955318326
301.1929139703369,19.234611932838114,51.054745169107065
301.2519193723762,19.183036951781474,51.083409760484386
301.31091212588694,19.13143167809111,51.11199368418498
301.3698922608875,19.079796193258723,51.14049689507097
301.42885980749526,19.02813057882382,51.16891934813187
301.4878147959263,18.976434916373496,51.19726099848472
301.5467572564955,18.924709287542193,51.22552180137425
301.6056872196162,18.872953774011773,51.253701712172735
301.66460471580007,18.82116845751125,51.28180068638028
301.72350977565685,18.769353419816746,51.30981867962475
301.7824024298944,18.717508742751207,51.33775564766192
301.8412827093182,18.665634508184496,51.36561154637553
301.9001506448314,18.613730798033135,51.393386331777265
301.95900626743475,18.561797694260108,51.42107996000698
302.0178496082261,18.509835278874895,51.448692387332656
302.07668069840025,18.457843633933297,51.476223570150474
302.13549956924925,18.405822841537134,51.50367346498497
302.1943062521616,18.35377298383437,51.531042028489004
302.25310077862235,18.30169414301888,51.55832921744385
302.31188318021304,18.249586401330195,51.58553498875936
302.3706534886112,18.197449841053572,51.61265929947389
302.4294117355904,18.145284544519804,51.639702106754434
302.48815795302005,18.093090594104936,51.66666336789672
302.54689217286506,18.04086807223038,51.69354304032524
302.6056144271858,17.98861706136263,51.720341081593325
302.66432474813774,17.93633764401319,51.74705744938318
302.7230231679715,17.884029902738327,51.77369210150606
302.7817097190325,17.831693920139145,51.80024499590218
302.8403844337606,17.77932977886134,51.82671609064089
302.8990473446904,17.72693756159496,51.85310534392077
302.9576984844505,17.674517351074506,51.87941271406954
303.0163378857634,17.62206923007869,51.90563815954425
303.0749655814458,17.569593281430173,51.93178163893142
303.1335816044077,17.517089587995674,51.95784311094686
303.1921859876527,17.46455823268574,51.983822534435966
303.2507787642775,17.411999298454468,52.0097198683737
303.30935996747195,17.359412868299625,52.03553507186463
303.36792963051846,17.306799025262407,52.061268104143
303.42648778679234,17.254157852427177,52.08691892457287
303.48503446976105,17.20148943292157,52.11248749264809
303.54356971298427,17.1487938499162,52.13797376799239
303.60209355011364,17.096071186624638,52.16337771035945
303.66060601489266,17.043321526303078,52.18869927963301
303.71910714115626,16.990544952250477,52.213938435826854
303.7775969628306,16.937741547808287,52.23909513908485
303.83607551393317,16.88491139636022,52.26416934968121
303.8945428285722,16.832054581332326,52.2891610280203
303.95299894094654,16.779171186192766,52.31407013463683
304.0114438853456,16.726261294451575,52.33889663019595
304.069877696149,16.673324989660724,52.36364047549321
304.1283004078262,16.620362355413903,52.38830163145471
304.1867120549367,16.567373475346272,52.41288005913714
304.2451126721294,16.514358433134532,52.437375719727775
304.30350229414245,16.461317312496675,52.46178857454464
304.3618809558032,16.40825019719191,52.48611858503649
304.42024869202794,16.35515717102038,52.51036571278294
304.4786055378215,16.30203831782326,52.53452991949446
304.53695152827714,16.248893721482503,52.55861116701246
304.5952866985763,16.195723465920608,52.58260941730937
304.6536110839883,16.142527635100702,52.60652463248868
304.7119247198703,16.089306313026302,52.63035677478497
304.7702276416669,16.036059583741064,52.65410580656408
304.8285198849099,15.982787531328878,52.67777169032304
304.88680148521803,15.929490239913624,52.70135438869015
304.94507247829694,15.87616779365893,52.72485386442516
305.0033328999387,15.82282027676825,52.748270080419154
305.0615827860217,15.769447773484627,52.77160299969473
305.11982217251034,15.716050368090468,52.79485258540606
305.17805109545486,15.66262814490759,52.81801880083885
305.236269590991,15.609181188296978,52.84110160941049
305.29447769533976,15.555709582658713,52.864100974670045
305.35267544480735,15.502213412431683,52.88701686029843
305.41086287578463,15.448692762093673,52.90984923010829
305.4690400247471,15.395147716161144,52.93259804804421
305.52720692825454,15.341578359188953,52.95526327818272
305.5853636229508,15.287984775770457,52.97784488473231
305.6435101455635,15.234367050537287,53.00034283203353
305.70164653290385,15.180725268159073,53.02275708455909
305.75977282186636,15.127059513343545,53.04508760691378
305.8178890494285,15.073369870836292,53.06733436383467
305.8759952526506,15.019656425420516,53.08949732019112
305.93409146867555,14.965919261917117,53.11157644098478
305.9921777347283,14.912158465184447,53.13357169134967
306.05025408811593,14.858374120118068,53.15548303655235
306.10832056622735,14.804566311650836,53.17731044199178
306.1663772065328,14.750735124752634,53.19905387319952
306.2244240465837,14.696880644430282,53.220713295839694
306.28246112401257,14.643002955727287,53.242288675709155
306.3404884765325,14.589102143723903,53.26377997873742
306.39850614193705,14.535178293536916,53.285187170986774
306.4565141580998,14.481231490319367,53.306510218652356
306.51451256297435,14.427261819260657,53.32774908806216
306.57250139459376,14.373269365586305,53.348903745677106
306.63048069107055,14.319254214557684,53.36997415809111
306.68845049059615,14.265216451472138,53.39096029203111
306.7464108314408,14.2111561616627,53.41186211435713
306.80436175195337,14.157073430497874,53.43267959206235
306.8623032905608,14.102968343381711,53.45341269227314
306.92023548576805,14.048840985753568,53.47406138224906
306.97815837615775,13.994691443087858,53.49462562938309
307.0360720003898,13.940519800894133,53.5151054012014
307.0939763972014,13.886326144716811,53.53550066536367
307.15187160540637,13.832110560135112,53.55581138966297
307.2097576638953,13.777873132762767,53.57603754202594
307.2676346116348,13.723613948248115,53.596179090512685
307.3255024876675,13.669333092273856,53.616236003316956
307.38336133111187,13.615030650556792,53.63620824876616
307.4412111811616,13.560706708847924,53.6560957953214
307.4990520770855,13.506361352932217,53.6758986115775
307.5568840582273,13.451994668628327,53.69561666626314
307.61470716400515,13.397606741788705,53.71524992824081
307.6725214339114,13.343197658299353,53.73479836650689
307.7303269075125,13.288767504079559,53.75426195019176
307.7881236244484,13.23431636508201,53.773640648559756
307.8459116244324,13.179844327292523,53.792934431009236
307.9036909472509,13.125351476729804,53.81214326707273
307.961461632763,13.07083789944554,53.83126712641683
308.01922372090036,13.01630368152411,53.850305978842385
308.07697725166656,12.961748909082528,53.8692597942844
308.1347222651373,12.907173668270147,53.888128542812254
308.1924588014597,12.852578045268766,53.90691219462962
308.250186900852,12.797962126292358,53.92561072007451
308.30790660360367,12.743325997586833,53.94422408961944
308.3656179500746,12.688669745430145,53.96275227387134
308.423320980695,12.63399345613201,53.98119524357165
308.4810157359653,12.579297216033677,53.99955296959647
308.5387022564554,12.524581111508008,54.0178254229564
308.59638058280467,12.469845228959242,54.036012574796736
308.65405075572176,12.415089654822737,54.05411439639751
308.71171281598384,12.360314475565048,54.07213085917346
308.7693668044367,12.305519777683704,54.09006193467413
308.82701276199424,12.250705647706935,54.10790759458391
308.8846507296382,12.19587217219377,54.12566781072208
308.9422807484179,12.141019437733753,54.14334255504281
308.99990285944966,12.086147530946878,54.16093179963526
309.05751710391706,12.031256538483294,54.17843551672364
309.11512352306994,11.976346547023418,54.19585367866719
309.1727221582244,11.921417643277653,54.21318625796022
309.23031305076273,11.86646991398616,54.23043322723226
309.2878962421326,11.811503445918945,54.24759455924799
309.34547177384695,11.756518325875598,54.264670226907285
309.4030396874839,11.701514640685055,54.28166020324537
309.46060002468596,11.64649247720568,54.29856446143276
309.51815282716007,11.591451922325016,54.31538297477529
309.5756981366772,11.536393062959538,54.33211571671426
309.6332359950719,11.481315986054739,54.34876266082638
309.69076644424206,11.426220778584877,54.36532378082383
309.7482895261486,11.37110752755273,54.38179905055438
309.8058052828151,11.315976319989685,54.398188444001306
309.8633137563274,11.26082724295544,54.414491935283536
309.92081498883346,11.205660383537953,54.430709498655595
309.97830902254293,11.15047582885315,54.446841108507776
310.0357958997266,11.095273666045014,54.46288673936605
310.0932756627165,11.040053982285334,54.47884636589217
310.1507483539052,10.98481686477345,54.494719962883714
310.2082140157456,10.929562400736348,54.51050750527411
310.2656726907506,10.874290677428409,54.52620896813267
310.32312442149276,10.81900178213115,54.54182432666464
310.380569250604,10.763695802153322,54.55735355621124
310.4380072207751,10.708372824830658,54.572796632249684
310.49543837475557,10.653032937525609,54.58815353039327
310.55286275535315,10.597676227627453,54.60342422639133
310.61028040543346,10.542302782552024,54.61860869612937
310.66769136791993,10.486912689741484,54.633706915629055
310.725095685793,10.431506036664373,54.64871886104821
310.78249340209015,10.376082910815372,54.66364450868093
310.8398845599054,10.320643399715195,54.67848383495757
310.89726920238894,10.265187590910323,54.69323681644484
310.9546473727469,10.209715571973081,54.707903429845736
311.01201911424073,10.154227430501402,54.72248365199968
311.06938447018734,10.098723254118555,54.73697745988253
311.12674348395825,10.043203130473252,54.75138483060657
311.1840961989794,9.987667147239385,54.76570574142059
311.24144265873093,9.93211539211577,54.77994016970994
311.29878290674674,9.876547952826256,54.79408809299649
311.35611698661404,9.82096491711945,54.80814948893874
311.4134449419732,9.765366372768474,54.822124335331836
311.4707668165171,9.70975240757106,54.836012610107595
311.528082653991,9.654123109349246,54.849814291334525
311.5853924981923,9.598478565949332,54.86352935721787
311.64269639296975,9.542818865241564,54.87715778609971
311.6999943822235,9.487144095120247,54.89069955645887
311.7572865099045,9.431454343503482,54.90415464691103
311.8145728200143,9.37574969833291,54.917523036208806
311.87185335660456,9.320030247573811,54.93080470324166
311.9291281637767,9.264296079214837,54.94399962703602
311.9863972856817,9.208547281267775,54.95710778675533
312.04366076651945,9.15278394176762,54.970129161699994
312.10091865053863,9.09700614877234,54.98306373130748
312.1581709820363,9.041213990362603,54.99591147515236
312.21541780535745,8.985407554641883,55.008672372946265
312.2726591648945,8.929586929736196,55.021346404538015
312.32989510508736,8.873752203793854,55.033933549913584
312.3871256704227,8.817903464985546,55.04643378919614
312.44435090543357,8.762040801504055,55.05884710264611
312.5015708546993,8.706164301564193,55.07117347066116
312.55878556284495,8.650274053402494,55.0834128737763
312.6159950745409,8.59437014527734,55.09556529266382
312.6731994345024,8.538452665468663,55.107630708133385
312.73039868748964,8.48252170227772,55.119609101132085
312.78759287830684,8.426577344027175,55.13150045274438
312.8447820518021,8.370619679060848,55.143304744192214
312.9019662528671,8.314648795743446,55.15502195683499
312.95914552643666,8.25866478246068,55.166652072169654
313.0163199174882,8.202667727618984,55.17819507183063
313.07348947104174,8.146657719645269,55.189650937589974
313.1306542321591,8.090634846987028,55.201019651357306
313.18781424594374,8.03459919811206,55.212301195179855
313.24496955754046,7.978550861508223,55.22349555124254
313.30212021213475,7.922489925683536,55.234602701867956
313.3592662549527,7.8664164791658635,55.24562262951638
313.4164077312603,7.810330610502872,55.25655531678584
313.4735446863635,7.754232408261727,55.267400746412136
313.5306771656074,7.698121961029184,55.27815890126885
313.5878052143761,7.641999357411337,55.288829764367385
313.6449288780922,7.585864686033361,55.29941331885702
313.7020482022164,7.529718035539603,55.30990954802485
313.7591632322474,7.473559494593329,55.32031843529589
313.81627401372106,7.417389151876458,55.3306399642331
313.87338059221037,7.36120709608967,55.34087411853738
313.9304830133248,7.305013415952137,55.35102088204759
313.9875813227103,7.248808200201275,55.36108023874063
314.0446755660484,7.192591537592827,55.371052172731375
314.1017657890561,7.136363516900621,55.38093666827279
314.1588520374857,7.080124226916292,55.39073370975592
314.2159343571239,7.023873756449397,55.400443281709876
314.27301279379174,6.967612194327109,55.41006536880194
314.3300873933442,6.911339629394151,55.41959995583751
314.3871582016697,6.855056150512507,55.42904702776018
314.44422526468986,6.79876184656151,55.438406569651725
314.5012886283588,6.742456806437591,55.44767856673215
314.55834833866317,6.686141119054014,55.45686300435972
314.61540444162137,6.629814873340976,55.46595986803094
314.6724569832833,6.573478158245347,55.47496914338063
314.72950600973024,6.51713106273041,55.483890816181905
314.7865515670739,6.460773675775961,55.492724872346244
314.84359370145637,6.404406086378046,55.501471297923445
314.90063245904986,6.3480283835487015,55.51013007910172
314.9576678860559,6.2916406563160585,55.51870120220767
315.0147000287052,6.235242993724071,55.52718465370631
315.0717289332573,6.178835484832269,55.535580420201136
315.128754646,6.122418218715847,55.543888488434064
315.1857772132491,6.065991284465371,55.55210884528554
315.2427966813477,6.009554771186712,55.56024147777448
315.29981309666647,5.953108768000745,55.568286373058356
315.3568265056024,5.896653364043456,55.57624351843319
315.413836954579,5.8401886484656735,55.58411290133353
315.4708444900457,5.783714710432811,55.5918945093326
315.52784915847747,5.727231639124964,55.59958833014213
315.5848510063743,5.670739523736653,55.60719435161254
315.6418500802611,5.614238453476559,55.6147125617329
315.6988464266869,5.557728517567623,55.622142948630916
315.7558400922246,5.501209805246788,55.62948550057298
315.8128311234709,5.444682405764736,55.636740205964244
315.8698195670454,5.388146408385985,55.643907053348485
315.9268054695903,5.331601902388634,55.650986031408316
315.98378887777034,5.2750489770640945,55.65797712896504
316.04076983827196,5.218487721717195,55.66488033497876
316.0977483978031,5.161918225665878,55.67169563854838
316.15472460309286,5.10534057824114,55.6784230289116
316.2116985008909,5.048754868786728,55.68506249544496
316.26867013796726,4.992161186659242,55.69161402766384
316.3256395611117,4.93555962122787,55.698077615222445
316.38260681713354,4.87895026187413,55.70445324791393
316.439571952861,4.822333197991968,55.71074091567027
316.49653501514103,4.765708518987495,55.71694060856239
316.55349605083876,4.709076314278729,55.723052316800135
316.6104551068371,4.65243667329569,55.72907603073228
316.66741223003635,4.595789685480144,55.735011740846545
316.7243674673539,4.539135440285336,55.74085943776964
316.78132086572356,4.482474027176092,55.746619112267275
316.83827247209535,4.425805535628559,55.75229075524411
316.8952223334352,4.369130055129936,55.757874357743866
316.95217049672414,4.312447675178588,55.76336991094926
317.00911700895824,4.255758485283727,55.76877740618207
317.06606191714803,4.199062574965362,55.77409683490311
317.1230052683183,4.142360033753994,55.77932818871229
317.17994710950745,4.085650951190716,55.784471459348595
317.23688748776704,4.028935416826949,55.78952663869007
317.29382645016165,3.9722135202241846,55.79449371875393
317.35076404376827,3.915485350954078,55.79937269169645
317.40770031567587,3.8587509985981936,55.80416354981308
317.4646353129852,3.8020105527477366,55.808866285538414
317.52156908280807,3.745264103003657,55.81348089144616
317.57850167226707,3.6885117389763824,55.81800736024925
317.6354331284954,3.6317535502855636,55.822445684799746
317.692363498636,3.5749896265601686,55.82679585808897
317.74929282984147,3.51822005743822,55.83105787324735
317.8062211692736,3.461444932566536,55.83523172354464
317.8631485641028,3.4046643416008293,55.83931740238972
317.9200750615079,3.3478783742054024,55.84331490333076
317.9770007086754,3.29108712005309,55.84722422005515
318.0339255527997,3.234290668824953,55.85104534638956
318.0908496410819,3.177489110210381,55.8547782762999
318.14777302072986,3.1206825339068285,55.85842300389137
318.2046957389578,3.0638710296195537,55.86197952340845
318.26161784298563,3.007054687061715,55.8654478292349
318.31853938003866,2.950233595954114,55.868827915893796
318.3754603973473,2.893407846024928,55.87211977804751
318.4323809421465,2.8365775270098137,55.87532341049777
318.48930106167523,2.7797427286516423,55.878438808185585
318.5462208031765,2.722903540700237,55.881465966191314
318.6031402138963,2.666060052912475,55.88440487973467
318.6600593410838,2.6092123550519815,55.887255544174685
318.71697823199054,2.552360536889072,55.89001795500981
318.7738969338702,2.495504688200446,55.892692107877785
318.8308154939781,2.4386448987692906,55.89527799855578
318.8877339595707,2.3817812583850135,55.89777562296032
318.9446523779056,2.324913856842985,55.90018497714729
