tablet_index,source_file,rep,color_id,r,g,b,X,Y,Z,white_X,white_Y,white_Z,grey_X,grey_Y,grey_Z,color_L,color_u,color_v,grey_L,grey_u,grey_v,delta_L,delta_u,delta_v,color_up,color_vp,grey_up,grey_vp,dup,dvp,fit_u,fit_v,rho,ellipse_residual
0,Apollo_spec_webcolor.csv,0,3,168.0,111.0,114.0,0.09547009581693373,0.07856708284539672,0.11996523982810507,0.38602477505689714,0.38355788149814524,0.6194201413462388,0.16612761481519034,0.16353102644896608,0.27429532051964084,52.379810817355505,27.685699294410067,0.7821886352249876,71.30673348520786,-0.007822190520545539,-3.73799430193142,-18.926922667852352,27.693521484930613,4.520182937156408,0.2337272257041655,0.43277791682283245,0.19306058068699136,0.4275968126299928,0.040666645017174124,0.005181104192839681,52.86663852232636,6.735435450691584,1.170915819122727,0.1709158191227269
0,Apollo_spec_webcolor.csv,0,4,146.0,121.0,86.0,0.07771700741715122,0.07839642416456984,0.06776395531860867,0.38602477505689714,0.38355788149814524,0.6194201413462388,0.16612761481519034,0.16353102644896608,0.27429532051964084,52.33026475880608,13.809452728595737,35.814959905427806,71.30673348520786,-0.007822190520545539,-3.73799430193142,-18.976468726401777,13.817274919116283,39.55295420735923,0.21336827791352847,0.4842755632595662,0.19306058068699136,0.4275968126299928,0.020307697226537108,0.05667875062957345,26.40000639449824,73.68237581844548,1.431211372620235,0.4312113726202349
0,Apollo_spec_webcolor.csv,0,5,91.0,131.0,91.0,0.06093455420688528,0.07618176315506091,0.07565427347128269,0.38602477505689714,0.38355788149814524,0.6194201413462388,0.16612761481519034,0.16353102644896608,0.27429532051964084,51.68067666330295,-15.24897661137293,31.99837684607204,71.30673348520786,-0.007822190520545539,-3.73799430193142,-19.62605682190491,-15.241154420852384,35.736371148003464,0.17037198254946365,0.47925657176783537,0.19306058068699136,0.4275968126299928,-0.022688598137527716,0.0516597591378426,-29.49517757878603,67.15768687919538,1.3760697905103616,0.3760697905103616
0,Apollo_spec_webcolor.csv,0,7,80.0,128.0,146.0,0.07863684245415001,0.07708446908837936,0.197717363115977,0.38602477505689714,0.38355788149814524,0.6194201413462388,0.16612761481519034,0.16353102644896608,0.27429532051964084,51.94695215419716,-14.1831534306114,-35.19860970099896,71.30673348520786,-0.007822190520545539,-3.73799430193142,-19.359781331010694,-14.175331240090854,-31.46061539906754,0.17206659713966418,0.3795071014734513,0.19306058068699136,0.4275968126299928,-0.020993983547327177,-0.04808971115654148,-27.29217861152533,-62.51662450350393,1.2604615240102128,0.26046152401021283
0,Apollo_spec_webcolor.csv,0,8,148.0,115.0,143.0,0.09786844585255451,0.0784024251485056,0.18986553759136401,0.38602477505689714,0.38355788149814524,0.6194201413462388,0.16612761481519034,0.16353102644896608,0.27429532051964084,52.33200819869438,13.119469701320716,-33.24533254223854,71.30673348520786,-0.007822190520545539,-3.73799430193142,-18.974725286513475,13.127291891841262,-29.507338240307124,0.21235339218969435,0.38276174491265513,0.19306058068699136,0.4275968126299928,0.019292811502702983,-0.04483506771733764,25.08065495351388,-58.28558803253893,1.1887365708723376,0.18873657087233764
0,Apollo_spec_webcolor.csv,0,9,217.0,156.0,160.0,0.17752031215066655,0.1516192147028116,0.24304403532303034,0.38602477505689714,0.38355788149814524,0.6194201413462388,0.16612761481519034,0.16353102644896608,0.27429532051964084,69.13322778951787,27.106600850996987,-2.37726370856597,71.30673348520786,-0.007822190520545539,-3.73799430193142,-2.1735056956899825,27.114423041517533,1.3607305933654499,0.22322995907945117,0.42898409223358364,0.19306058068699136,0.4275968126299928,0.03016937839245981,0.001387279603590863,39.220191910197755,1.803463484668122,0.8656712847030781,-0.13432871529692192
0,Apollo_spec_webcolor.csv,0,10,193.0,165.0,132.0,0.15185413790381497,0.1509342996540032,0.16724213074845523,0.38602477505689714,0.38355788149814524,0.6194201413462388,0.16612761481519034,0.16353102644896608,0.27429532051964084,69.00484245590445,13.565223125984769,30.466685514094895,71.30673348520786,-0.007822190520545539,-3.73799430193142,-2.3018910293034054,13.573045316505315,34.204679816026314,0.2081908374599549,0.46559192940254335,0.19306058068699136,0.4275968126299928,0.015130256772963535,0.037995116772550575,19.669333804852595,49.393651804315745,0.9772576241476413,-0.02274237585235872
0,Apollo_spec_webcolor.csv,0,11,138.0,177.0,137.0,0.1297800225121125,0.15062632044021956,0.18001963206759486,0.38602477505689714,0.38355788149814524,0.6194201413462388,0.16612761481519034,0.16353102644896608,0.27429532051964084,68.94698604361616,-14.205252679113341,27.93488451018796,71.30673348520786,-0.007822190520545539,-3.73799430193142,-2.3597474415916935,-14.197430488592795,31.67287881211938,0.17722044013133847,0.46279573809519725,0.19306058068699136,0.4275968126299928,-0.015840140555652887,0.03519892546520448,-20.592182722348753,45.75860310476582,0.9429886305918336,-0.057011369408166424
0,Apollo_spec_webcolor.csv,0,12,85.0,181.0,168.0,0.12834157618236075,0.14975014291355132,0.2683022925571249,0.38602477505689714,0.38355788149814524,0.6194201413462388,0.16612761481519034,0.16353102644896608,0.27429532051964084,68.78195640242588,-28.262528356156192,-6.922176885018446,71.30673348520786,-0.007822190520545539,-3.73799430193142,-2.5247770827819807,-28.254706165635646,-3.1841825830870265,0.16146130154021424,0.4238877285500488,0.19306058068699136,0.4275968126299928,-0.031599279146777126,-0.0037090840799439695,-41.07906289081026,-4.821809303927161,0.9092406845374407,-0.09075931546255933
0,Apollo_spec_webcolor.csv,0,13,130.0,174.0,194.0,0.1563751340680675,0.15260911868931343,0.35738886601804476,0.38602477505689714,0.38355788149814524,0.6194201413462388,0.16612761481519034,0.16353102644896608,0.27429532051964084,69.3181009704293,-13.744774290812463,-37.10690114884558,71.30673348520786,-0.007822190520545539,-3.73799430193142,-1.9886325147785584,-13.736952100291917,-33.36890684691416,0.17781628822996207,0.3904512772665424,0.19306058068699136,0.4275968126299928,-0.015244292457029296,-0.03714553536345039,-19.817580194138085,-48.2891959724855,0.9610359264358403,-0.03896407356415965
0,Apollo_spec_webcolor.csv,0,14,195.0,160.0,190.0,0.1818240794681636,0.15284360586178866,0.3430871363941491,0.38602477505689714,0.38355788149814524,0.6194201413462388,0.16612761481519034,0.16353102644896608,0.27429532051964084,69.3617763038956,13.082037467689501,-35.1865187779978,71.30673348520786,-0.007822190520545539,-3.73799430193142,-1.9449571813122617,13.089859658210047,-31.44852447606638,0.20757716205126736,0.39260693401757285,0.19306058068699136,0.4275968126299928,0.014516581364275999,-0.03498987861241992,18.8715557735588,-45.4868421961459,0.9203536523923252,-0.07964634760767475
0,Apollo_spec_webcolor.csv,0,15,253.0,189.0,196.0,0.2603713537519056,0.22622478776121493,0.37017121696097777,0.38602477505689714,0.38355788149814524,0.6194201413462388,0.16612761481519034,0.16353102644896608,0.27429532051964084,81.28093780697216,26.98155304695283,-4.517672249993223,71.30673348520786,-0.007822190520545539,-3.73799430193142,9.974204321764304,26.989375237473375,-0.7796779480618028,0.21860396156759213,0.42735376498887057,0.19306058068699136,0.4275968126299928,0.025543380880600763,-0.00024304764112220711,33.20639514478099,-0.31596193345886925,0.7330297295346814,-0.2669702704653186
0,Apollo_spec_webcolor.csv,0,16,229.0,199.0,167.0,0.22634592285091118,0.22416532257564808,0.27138090059571374,0.38602477505689714,0.38355788149814524,0.6194201413462388,0.16612761481519034,0.16353102644896608,0.27429532051964084,80.98483444815568,13.224544161568728,27.985207914293923,71.30673348520786,-0.007822190520545539,-3.73799430193142,9.678100962947823,13.232366352089274,31.723202216225342,0.20563029214401035,0.45821084570776427,0.19306058068699136,0.4275968126299928,0.01256971145701899,0.030614033077771496,16.340624894124687,39.798243001102946,0.7921261854089762,-0.20787381459102383
0,Apollo_spec_webcolor.csv,0,17,172.0,211.0,171.0,0.19745939360145986,0.22369178834058417,0.283557029221891,0.38602477505689714,0.38355788149814524,0.6194201413462388,0.16612761481519034,0.16353102644896608,0.27429532051964084,80.91649498162644,-14.414861423834836,26.88454664260137,71.30673348520786,-0.007822190520545539,-3.73799430193142,9.609761496418585,-14.40703923331429,30.62254094453279,0.17936556464030917,0.45718695462371123,0.19306058068699136,0.4275968126299928,-0.01369501604668219,0.029590141993718455,-17.80352086068685,38.46718459183399,0.7981904955738203,-0.20180950442617973
0,Apollo_spec_webcolor.csv,0,18,124.0,215.0,203.0,0.19607424451596134,0.22229111395010503,0.39280167828766216,0.38602477505689714,0.38355788149814524,0.6194201413462388,0.16612761481519034,0.16353102644896608,0.27429532051964084,80.71378633703252,-27.817236788167055,-7.098411242689165,71.30673348520786,-0.007822190520545539,-3.73799430193142,9.407052851824659,-27.80941459764651,-3.3604169407577453,0.16655821404172594,0.4248641876123001,0.19306058068699136,0.4275968126299928,-0.026502366645265424,-0.002732625017692669,-34.453076638845054,-3.55241252300047,0.7619532739146869,-0.23804672608531308
0,Apollo_spec_webcolor.csv,0,19,165.0,207.0,230.0,0.23009257453559134,0.22424524292856438,0.5047810482181584,0.38602477505689714,0.38355788149814524,0.6194201413462388,0.16612761481519034,0.16353102644896608,0.27429532051964084,80.99635889083487,-13.573536236981942,-38.46535656820367,71.30673348520786,-0.007822190520545539,-3.73799430193142,9.689625405627012,-13.565714046461396,-34.727362266272245,0.18017809170201782,0.39509827754227345,0.19306058068699136,0.4275968126299928,-0.012882488984973545,-0.03249853508771933,-16.747235680465607,-42.24809561403512,0.8351593064195274,-0.1648406935804726
0,Apollo_spec_webcolor.csv,0,20,229.0,193.0,226.0,0.2608910656790108,0.22483888928414034,0.4857051454576259,0.38602477505689714,0.38355788149814524,0.6194201413462388,0.16612761481519034,0.16353102644896608,0.27429532051964084,81.08187656897573,12.574644355321098,-35.9660043737484,71.30673348520786,-0.007822190520545539,-3.73799430193142,9.775143083767873,12.582466545841644,-32.228010071816975,0.20499869273433277,0.3975079640348593,0.19306058068699136,0.4275968126299928,0.01193811204734141,-0.0300888485951335,15.519545661543832,-39.11550317367355,0.7842386093807433,-0.2157613906192567
1,Apollo_spec.csv,0,3,168.0,111.0,114.0,0.09501834106705027,0.0795072573439041,0.11567586452148373,0.3935508616604281,0.39143284325899563,0.6269099201186976,0.16924652356737824,0.1677907481071269,0.2756685683152208,52.18798012522319,26.632880450420767,3.5724346663449706,71.46377916252492,-0.512287510695109,-2.443365487318349,-19.275799037301724,27.145167961115877,6.015800153663319,0.2325098641496436,0.43774705116687107,0.1927025995264683,0.4298513994509867,0.039807264623175326,0.007895651715884355,51.749444010127924,10.264347230649662,1.1536241058481698,0.15362410584816977
1,Apollo_spec.csv,0,4,146.0,121.0,86.0,0.0783706356039966,0.07998313960463709,0.06483308604636533,0.3935508616604281,0.39143284325899563,0.6269099201186976,0.16924652356737824,0.1677907481071269,0.2756685683152208,52.32375357419906,13.345992853180924,38.323670159506094,71.46377916252492,-0.512287510695109,-2.443365487318349,-19.140025588325855,13.858280363876034,40.76703564682444,0.21287445752042936,0.48882245852056894,0.1927025995264683,0.4298513994509867,0.020171857993961068,0.05897105906958222,26.223415392149388,76.66237679045689,1.4785768648421793,0.4785768648421793
1,Apollo_spec.csv,0,5,91.0,131.0,91.0,0.061159342992874385,0.07709682170510422,0.0740151543224416,0.3935508616604281,0.39143284325899563,0.6269099201186976,0.16924652356737824,0.1677907481071269,0.2756685683152208,51.491807632485134,-15.614606006216755,33.127263057621796,71.46377916252492,-0.512287510695109,-2.443365487318349,-19.97197153003978,-15.102318495521647,35.57062854494014,0.16992752413927845,0.48196989418255776,0.1927025995264683,0.4298513994509867,-0.02277507538718984,0.05211849473157104,-29.607598003346794,67.75404315104235,1.3866803531818466,0.38668035318184657
1,Apollo_spec.csv,0,7,80.0,128.0,146.0,0.07849156351349212,0.07761733577222657,0.1964274114900997,0.3935508616604281,0.39143284325899563,0.6269099201186976,0.16924652356737824,0.1677907481071269,0.2756685683152208,51.643355904115495,-14.688246101740976,-34.36078627945106,71.46377916252492,-0.512287510695109,-2.443365487318349,-19.82042325840942,-14.175958591045866,-31.917420792132713,0.17137579455684104,0.38130083013181354,0.1927025995264683,0.4298513994509867,-0.021326804969627244,-0.048550569319173176,-27.72484646051542,-63.11574011492513,1.2742910547772601,0.2742910547772601
1,Apollo_spec.csv,0,8,148.0,115.0,143.0,0.09881752654509922,0.08019560074854244,0.18805367218669833,0.3935508616604281,0.39143284325899563,0.6269099201186976,0.16924652356737824,0.1677907481071269,0.2756685683152208,52.38419676532182,12.65519465234381,-31.099516916052973,71.46377916252492,-0.512287510695109,-2.443365487318349,-19.079582397203097,13.167482163038919,-28.656151428734624,0.21183742253217347,0.38681362910640726,0.1927025995264683,0.4298513994509867,0.01913482300570518,-0.04303777034457945,24.875269907416737,-55.94910144795329,1.1496842177900326,0.1496842177900326
1,Apollo_spec.csv,0,9,217.0,156.0,160.0,0.18010182649710924,0.155655340682743,0.23873214238105508,0.3935508616604281,0.39143284325899563,0.6269099201186976,0.16924652356737824,0.1677907481071269,0.2756685683152208,69.3022023194866,26.761551316781446,0.9745267813241758,71.46377916252492,-0.512287510695109,-2.443365487318349,-2.1615768430383184,27.273838827476556,3.4178922686425244,0.22295842964376744,0.43356311120423785,0.1927025995264683,0.4298513994509867,0.030255830117299154,0.0037117117532511346,39.3325791524889,4.8252252792264745,0.8708798247094197,-0.12912017529058029
1,Apollo_spec.csv,0,10,193.0,165.0,132.0,0.1542302635239409,0.15470271808421715,0.16526005834465568,0.3935508616604281,0.39143284325899563,0.6269099201186976,0.16924652356737824,0.1677907481071269,0.2756685683152208,69.1278274359733,12.96316078774552,32.55645456294669,71.46377916252492,-0.512287510695109,-2.443365487318349,-2.335951726551613,13.475448298440629,34.999820050265036,0.20767898296320023,0.4687091264929837,0.1927025995264683,0.4298513994509867,0.014976383436731938,0.03885772704199697,19.46929846775152,50.51504515459606,0.9934164387652619,-0.006583561234738133
1,Apollo_spec.csv,0,11,138.0,177.0,137.0,0.13151603469430398,0.1540630143553679,0.17827808003575804,0.3935508616604281,0.39143284325899563,0.6269099201186976,0.16924652356737824,0.1677907481071269,0.2756685683152208,69.01032934567297,-14.8584046746616,29.81376676981033,71.46377916252492,-0.512287510695109,-2.443365487318349,-2.4534498168519434,-14.34611716396649,32.257132257128674,0.17669194761514098,0.4657136430676526,0.1927025995264683,0.4298513994509867,-0.016010651911327306,0.0358622436166659,-20.813847484725496,46.62091670166567,0.958938047140468,-0.04106195285953196
1,Apollo_spec.csv,0,12,85.0,181.0,168.0,0.1302130252365665,0.1535145346791109,0.2676038341186993,0.3935508616604281,0.39143284325899563,0.6269099201186976,0.16924652356737824,0.1677907481071269,0.2756685683152208,68.90932764538793,-28.922201841556863,-4.919025585103761,71.46377916252492,-0.512287510695109,-2.443365487318349,-2.5544515171369824,-28.409914330861753,-2.4756600977854126,0.16096833825785178,0.4269903404583914,0.1927025995264683,0.4298513994509867,-0.031734261268616504,-0.002861058992595311,-41.254539649201455,-3.7193766903739043,0.9117940409700732,-0.08820595902992678
1,Apollo_spec.csv,0,13,130.0,174.0,194.0,0.15757067324627647,0.154379462277031,0.35737384738733935,0.3935508616604281,0.39143284325899563,0.6269099201186976,0.16924652356737824,0.1677907481071269,0.2756685683152208,69.06849373714138,-13.897952468719891,-36.44295792894543,71.46377916252492,-0.512287510695109,-2.443365487318349,-2.395285425383534,-13.385664958024783,-33.99959244162709,0.17777557138981928,0.39189410847460326,0.1927025995264683,0.4298513994509867,-0.014927028136649007,-0.03795729097638345,-19.40513657764371,-49.344478269298484,0.9739847696626466,-0.026015230337353423
1,Apollo_spec.csv,0,14,195.0,160.0,190.0,0.18232989599372323,0.15387655346684984,0.3385710402983575,0.3935508616604281,0.39143284325899563,0.6269099201186976,0.16924652356737824,0.1677907481071269,0.2756685683152208,68.97601979010743,13.230675362138694,-33.6236214800546,71.46377916252492,-0.512287510695109,-2.443365487318349,-2.487759372417486,13.742962872833804,-31.180255992736253,0.2080090667172897,0.3949838600477372,0.1927025995264683,0.4298513994509867,0.015306467190821405,-0.03486753940324949,19.898407348067828,-45.32780122422434,0.9286729695632903,-0.07132703043670974
1,Apollo_spec.csv,0,15,253.0,189.0,196.0,0.26555759714921223,0.23166898017188786,0.3698504668001701,0.3935508616604281,0.39143284325899563,0.6269099201186976,0.16924652356737824,0.1677907481071269,0.2756685683152208,81.39310175524581,27.252757166145617,-2.7436341142900593,71.46377916252492,-0.512287510695109,-2.443365487318349,9.929322592720894,27.765044676840727,-0.30026862697171053,0.21901008594215607,0.42988846319995583,0.1927025995264683,0.4298513994509867,0.02630748641568778,3.70637489691128e-05,34.199732340394114,0.04818287365984664,0.7548176342983444,-0.24518236570165564
1,Apollo_spec.csv,0,16,229.0,199.0,167.0,0.23093435262467962,0.22979619497744924,0.2699308680543472,0.3935508616604281,0.39143284325899563,0.6269099201186976,0.16924652356737824,0.1677907481071269,0.2756685683152208,81.12995320526247,13.273226319490036,29.925467205645205,71.46377916252492,-0.512287510695109,-2.443365487318349,9.666174042737552,13.785513830185145,32.36883269296355,0.20583898435068562,0.4608551451937575,0.1927025995264683,0.4298513994509867,0.013136384824217334,0.03100374574277076,17.077300271482535,40.30486946560199,0.8074052558107543,-0.19259474418924571
1,Apollo_spec.csv,0,17,172.0,211.0,171.0,0.1998349698574101,0.2271687632639344,0.2828805707938226,0.3935508616604281,0.39143284325899563,0.6269099201186976,0.16924652356737824,0.1677907481071269,0.2756685683152208,80.75834684216707,-14.56077912190159,27.654896942069936,71.46377916252492,-0.512287510695109,-2.443365487318349,9.294567679642157,-14.04849161120648,30.098262429388285,0.17938474434847057,0.45882296647106613,0.1927025995264683,0.4298513994509867,-0.013317855177997717,0.028971567020079414,-17.313211731397033,37.66303712610324,0.7801844782121371,-0.2198155217878629
1,Apollo_spec.csv,0,18,124.0,215.0,203.0,0.1986940271712592,0.22643453296356053,0.3930480599624384,0.3935508616604281,0.39143284325899563,0.6269099201186976,0.16924652356737824,0.1677907481071269,0.2756685683152208,80.6539903777717,-28.08550598599277,-5.90963773470499,71.46377916252492,-0.512287510695109,-2.443365487318349,9.19021121524679,-27.57321847529766,-3.4662722473866414,0.1664677026890747,0.4268451516094804,0.1927025995264683,0.4298513994509867,-0.02623489683739358,-0.0030062478415063265,-34.10536588861165,-3.9081221939582242,0.7547560099627215,-0.24524399003727848
1,Apollo_spec.csv,0,19,165.0,207.0,230.0,0.2327272054286175,0.22808542435460766,0.5052562718953232,0.3935508616604281,0.39143284325899563,0.6269099201186976,0.16924652356737824,0.1677907481071269,0.2756685683152208,80.88831714614088,-13.866276217318678,-37.235731439363036,71.46377916252492,-0.512287510695109,-2.443365487318349,9.424537983615963,-13.353988706623568,-34.79236595204469,0.1800674868819921,0.39707102758007584,0.1927025995264683,0.4298513994509867,-0.012635112644476199,-0.032780371870910874,-16.425646437819058,-42.61448343218414,0.8380583440313382,-0.16194165596866184
1,Apollo_spec.csv,0,20,229.0,193.0,226.0,0.2639019997668677,0.2283739721308034,0.487174308273641,0.3935508616604281,0.39143284325899563,0.6269099201186976,0.16924652356737824,0.1677907481071269,0.2756685683152208,80.92915729409263,12.2853789333051,-35.204066644468924,71.46377916252492,-0.512287510695109,-2.443365487318349,9.465378131567718,12.79766644400021,-32.76070115715058,0.20493126142432233,0.39901999230712065,0.1927025995264683,0.4298513994509867,0.012228661897854043,-0.030831407143866063,15.897260467210256,-40.080829287025885,0.8035398967501935,-0.19646010324980645
1,Apollo_spec.csv,1,3,168.0,111.0,114.0,0.09248991404037125,0.07726505807311451,0.1140984028231733,0.38900859536401944,0.3863584203665594,0.630157490121896,0.1656884174933152,0.16379946228460296,0.27437323397352387,51.835272471153246,26.56942549451147,3.8366244335592796,71.14290213296933,-0.33711145568999895,-2.589633838875166,-19.30762966181608,26.90653695020147,6.4262582724344455,0.23212994774347132,0.4363173182475778,0.19233665901911462,0.42782376736740174,0.039793288724356696,0.00849355088017606,51.731275341663704,11.041616144228877,1.1552790867303677,0.15527908673036772
1,Apollo_spec.csv,1,4,146.0,121.0,86.0,0.07590869167085376,0.07749800507126677,0.06379410600818877,0.38900859536401944,0.3863584203665594,0.630157490121896,0.1656884174933152,0.16379946228460296,0.27437323397352387,51.903376430367544,13.2697331245882,38.60033265061873,71.14290213296933,-0.33711145568999895,-2.589633838875166,-19.23952570260178,13.6068445802782,41.1899664894939,0.21236748552369275,0.4878311856337118,0.19233665901911462,0.42782376736740174,0.02003082650457813,0.060007418266310064,26.04007445595157,78.00964374620308,1.4992866270610063,0.49928662706100635
1,Apollo_spec.csv,1,5,91.0,131.0,91.0,0.05938200757582982,0.07480291171672977,0.07293275954083785,0.38900859536401944,0.3863584203665594,0.630157490121896,0.1656884174933152,0.16379946228460296,0.27437323397352387,51.10692873470025,-15.324434907153135,33.33586767072185,71.14290213296933,-0.33711145568999895,-2.589633838875166,-20.03597339826908,-14.987323451463135,35.92550150959702,0.16963574167995957,0.4807989462723887,0.19233665901911462,0.42782376736740174,-0.022700917339155052,0.052975178904986986,-29.51119254090157,68.86773257648308,1.4032552653449335,0.4032552653449335
1,Apollo_spec.csv,1,7,80.0,128.0,146.0,0.076899446948667,0.0757897092589215,0.1944371210088816,0.38900859536401944,0.3863584203665594,0.630157490121896,0.1656884174933152,0.16379946228460296,0.27437323397352387,51.400731348770506,-14.388948650234605,-34.11513165883148,71.14290213296933,-0.33711145568999895,-2.589633838875166,-19.74217078419882,-14.051837194544605,-31.525497819956314,0.1711675712746515,0.37956925825192134,0.19233665901911462,0.42782376736740174,-0.021169087744463133,-0.048254509115480404,-27.519814067802074,-62.730861850124526,1.2661518711630726,0.2661518711630726
1,Apollo_spec.csv,1,8,148.0,115.0,143.0,0.09649922009213759,0.07806548036595638,0.18630857388233038,0.38900859536401944,0.3863584203665594,0.630157490121896,0.1656884174933152,0.16379946228460296,0.27437323397352387,52.0687132287469,12.617985649647666,-31.09644816957066,71.14290213296933,-0.33711145568999895,-2.589633838875166,-19.074188904222424,12.955097105337666,-28.506814330695494,0.21134218673765628,0.3846838446508319,0.19233665901911462,0.42782376736740174,0.019005527718541665,-0.043139922716569856,24.707186034104165,-56.08189953154081,1.149950304999509,0.149950304999509
1,Apollo_spec.csv,1,9,217.0,156.0,160.0,0.1768309566225058,0.1524914694100765,0.23671662555246079,0.38900859536401944,0.3863584203665594,0.630157490121896,0.1656884174933152,0.16379946228460296,0.27437323397352387,69.08957968825446,27.055782110989096,1.548078038700996,71.14290213296933,-0.33711145568999895,-2.589633838875166,-2.0533224447148655,27.392893566679096,4.137711877576162,0.2228245738485525,0.43234740401590627,0.19233665901911462,0.42782376736740174,0.030487914829437884,0.004523636648504525,39.63428927826925,5.880727643055883,0.8792311246414598,-0.1207688753585402
1,Apollo_spec.csv,1,10,193.0,165.0,132.0,0.15168797820280192,0.15205058217014958,0.1640314152096286,0.38900859536401944,0.3863584203665594,0.630157490121896,0.1656884174933152,0.16379946228460296,0.27437323397352387,69.00749613967952,13.248291427118193,33.45956174396674,71.14290213296933,-0.33711145568999895,-2.589633838875166,-2.135405993289808,13.585402882808193,36.049195582841904,0.20746911117340966,0.46792137977899345,0.19233665901911462,0.42782376736740174,0.01513245215429504,0.04009761241159171,19.67218780058355,52.126896135069224,1.0213035566697093,0.02130355666970929
1,Apollo_spec.csv,1,11,138.0,177.0,137.0,0.12920485585384617,0.15163166844996115,0.17669200650515715,0.38900859536401944,0.3863584203665594,0.630157490121896,0.1656884174933152,0.16379946228460296,0.27437323397352387,68.92935644036831,-14.819485619999082,30.953092731915973,71.14290213296933,-0.33711145568999895,-2.589633838875166,-2.2135456926010164,-14.482374164309082,33.54272657079114,0.17616306218323816,0.46516651745432736,0.19233665901911462,0.42782376736740174,-0.016173596835876464,0.037342750086925613,-21.0256758866394,48.545575113003295,0.9915387142880461,-0.008461285711953925
1,Apollo_spec.csv,1,12,85.0,181.0,168.0,0.12878813907491232,0.15195612219128468,0.266226811594629,0.38900859536401944,0.3863584203665594,0.630157490121896,0.1656884174933152,0.16379946228460296,0.27437323397352387,68.98988912679862,-28.75170056018306,-3.7263471408166473,71.14290213296933,-0.33711145568999895,-2.589633838875166,-2.15301300617071,-28.41458910449306,-1.1367133019414815,0.16064328443578396,0.4264689602017785,0.19233665901911462,0.42782376736740174,-0.03169337458333066,-0.0013548071656232508,-41.201386958329856,-1.761249315310226,0.9093568210870496,-0.09064317891295037
1,Apollo_spec.csv,1,13,130.0,174.0,194.0,0.15644031026119667,0.15296169990215133,0.35669483425329745,0.38900859536401944,0.3863584203665594,0.630157490121896,0.1656884174933152,0.16379946228460296,0.27437323397352387,69.17695213386148,-13.467977645153145,-35.64296483113538,71.14290213296933,-0.33711145568999895,-2.589633838875166,-1.965949999107849,-13.130866189463145,-33.053330992260214,0.17772509853134388,0.3909896980375206,0.19233665901911462,0.42782376736740174,-0.014611560487770736,-0.03683406932988115,-18.995028634101956,-47.88429012884549,0.946703490470643,-0.05329650952935705
1,Apollo_spec.csv,1,14,195.0,160.0,190.0,0.18007076398542496,0.15202765406550187,0.33740467993206646,0.38900859536401944,0.3863584203665594,0.630157490121896,0.1656884174933152,0.16379946228460296,0.27437323397352387,69.00322309072502,13.197139774648619,-32.851731966386694,71.14290213296933,-0.33711145568999895,-2.589633838875166,-2.1396790422443104,13.534251230338619,-30.26209812751153,0.20741300309402594,0.39400150844386844,0.19233665901911462,0.42782376736740174,0.015076344074911319,-0.0338222589235333,19.599247297384714,-43.96893660059329,0.9040558721090339,-0.09594412789096607
1,Apollo_spec.csv,1,15,253.0,189.0,196.0,0.26345369805663493,0.22954111642572028,0.3690675323590945,0.38900859536401944,0.3863584203665594,0.630157490121896,0.1656884174933152,0.16379946228460296,0.27437323397352387,81.51723043855785,27.781123184821364,-1.553161514281673,71.14290213296933,-0.33711145568999895,-2.589633838875166,10.37432830558852,28.118234640511364,1.0364723245934928,0.21891659268876693,0.42915817385093863,0.19233665901911462,0.42782376736740174,0.026579933669652306,0.0013344064835368874,34.553913770548,1.7347284285979536,0.7627323385497227,-0.23726766145027733
1,Apollo_spec.csv,1,16,229.0,199.0,167.0,0.2289168604683629,0.2275546757954354,0.2691309006647126,0.38900859536401944,0.3863584203665594,0.630157490121896,0.1656884174933152,0.16379946228460296,0.27437323397352387,81.235111506883,13.817367277765456,31.29880715813695,71.14290213296933,-0.33711145568999895,-2.589633838875166,10.092209373913676,14.154478733455456,33.88844099701211,0.20578508858796743,0.46026123981459005,0.19233665901911462,0.42782376736740174,0.01344842956885281,0.03243747244718831,17.482958439508653,42.168714181344804,0.8409532262720469,-0.15904677372795306
1,Apollo_spec.csv,1,17,172.0,211.0,171.0,0.19779546247491134,0.22519714556618836,0.2819446288112772,0.38900859536401944,0.3863584203665594,0.630157490121896,0.1656884174933152,0.16379946228460296,0.27437323397352387,80.8981508073463,-14.476287455551294,29.19230401718532,71.14290213296933,-0.33711145568999895,-2.589633838875166,9.755248674376972,-14.139175999861294,31.781937856060487,0.17893619046055806,0.45838169065411477,0.19233665901911462,0.42782376736740174,-0.01340046855855656,0.03055792328671303,-17.42060912612353,39.72530027272694,0.8136914728152677,-0.18630852718473234
1,Apollo_spec.csv,1,18,124.0,215.0,203.0,0.19698128278506652,0.22441002183346342,0.3929634800739903,0.38900859536401944,0.3863584203665594,0.630157490121896,0.1656884174933152,0.16379946228460296,0.27437323397352387,80.78512410921273,-27.875750847849833,-4.947014655490576,71.14290213296933,-0.33711145568999895,-2.589633838875166,9.642221976243405,-27.538639392159833,-2.35738081661541,0.16615804877071236,0.42591328656609373,0.19233665901911462,0.42782376736740174,-0.026178610248402262,-0.0019104808013080121,-34.03219332292294,-2.4836250417004155,0.7516625670452446,-0.2483374329547554
1,Apollo_spec.csv,1,19,165.0,207.0,230.0,0.23134583813118587,0.22616488974167923,0.5050757075181577,0.38900859536401944,0.3863584203665594,0.630157490121896,0.1656884174933152,0.16379946228460296,0.27437323397352387,81.0367532408458,-13.307613186387183,-36.38896648529554,71.14290213296933,-0.33711145568999895,-2.589633838875166,9.893851107876472,-12.970501730697183,-33.799332646420375,0.18006908233115557,0.39608205222386467,0.19233665901911462,0.42782376736740174,-0.012267576687959053,-0.031741715143537075,-15.947849694346768,-41.2642296865982,0.8118967822320932,-0.18810321776790684
1,Apollo_spec.csv,1,20,229.0,193.0,226.0,0.2621409781803507,0.22622211498194753,0.48782867972537547,0.38900859536401944,0.3863584203665594,0.630157490121896,0.1656884174933152,0.16379946228460296,0.27437323397352387,81.04493677344024,12.78854973985054,-34.649067625190504,71.14290213296933,-0.33711145568999895,-2.589633838875166,9.902034640470916,13.12566119554054,-32.05943378631534,0.20483929751193336,0.3977369495281323,0.19233665901911462,0.42782376736740174,0.01250263849281874,-0.03008681783926942,16.253430040664362,-39.112863191050245,0.7916583676621817,-0.20834163233781833
1,Apollo_spec.csv,2,3,168.0,111.0,114.0,0.09110005386182476,0.07597721099365205,0.11298593685444541,0.3861720157769615,0.3834818999490476,0.6319917181614543,0.1639431489299667,0.16207742087117455,0.2730231049687558,51.624512630714094,26.767005191976533,4.057352703301875,71.05302590102488,-0.1720746080360806,-2.1465720279439795,-19.428513270310788,26.939079800012614,6.203924731245855,0.23214403665282637,0.43561694355300506,0.1920735845831945,0.4272473761319179,0.04007045206963186,0.008369567421087187,52.09158769052142,10.880437647413343,1.1626800523396001,0.16268005233960015
1,Apollo_spec.csv,2,4,146.0,121.0,86.0,0.07479007707681114,0.07632800614685109,0.06322693147077861,0.3861720157769615,0.3834818999490476,0.6319917181614543,0.1639431489299667,0.16207742087117455,0.2730231049687558,51.72842947082442,13.450898606842452,38.89515940375937,71.05302590102488,-0.1720746080360806,-2.1465720279439795,-19.324596430200458,13.622973214878533,41.041731431703354,0.21226211605869194,0.4874105716714561,0.1920735845831945,0.4272473761319179,0.02018853147549743,0.06016319553953825,26.24509091814666,78.21215420139973,1.5042941740239997,0.5042941740239997
1,Apollo_spec.csv,2,5,91.0,131.0,91.0,0.05829002555954362,0.07341494647394327,0.07200502128535967,0.3861720157769615,0.3834818999490476,0.6319917181614543,0.1639431489299667,0.16207742087117455,0.2730231049687558,50.85561085147248,-15.043284290658448,33.570503455599,71.05302590102488,-0.1720746080360806,-2.1465720279439795,-20.197415049552404,-14.871209682622368,35.717075483542985,0.16950573464505844,0.4803492915333072,0.1920735845831945,0.4272473761319179,-0.02256784993813607,0.05310191540138931,-29.338204919576892,69.0324900218061,1.4040413961228937,0.4040413961228937
1,Apollo_spec.csv,2,7,80.0,128.0,146.0,0.07578214963579151,0.07437932452521129,0.1924109739497334,0.3861720157769615,0.3834818999490476,0.6319917181614543,0.1639431489299667,0.16207742087117455,0.2730231049687558,51.14707654902841,-13.880292277407918,-33.97328673558175,71.05302590102488,-0.1720746080360806,-2.1465720279439795,-19.90594935199647,-13.708217669371837,-31.826714707637773,0.171384492572464,0.37847687640196814,0.1920735845831945,0.4272473761319179,-0.02068909201073052,-0.048770499729949734,-26.895819613949676,-63.40164964893466,1.2704124577557643,0.2704124577557643
1,Apollo_spec.csv,2,8,148.0,115.0,143.0,0.0954324735679567,0.07712478274528932,0.18538727122145116,0.3861720157769615,0.3834818999490476,0.6319917181614543,0.1639431489299667,0.16207742087117455,0.2730231049687558,51.96328312548053,12.713004698132089,-30.906923654468017,71.05302590102488,-0.1720746080360806,-2.1465720279439795,-19.08974277554435,12.88507930616817,-28.760351626524038,0.21107938345244712,0.38381868047432566,0.1920735845831945,0.4272473761319179,0.019005798869252605,-0.04342869565759222,24.707538530028387,-56.45730435486988,1.1558688318220793,0.15586883182207933
1,Apollo_spec.csv,2,9,217.0,156.0,160.0,0.17495106663369478,0.15075524645364916,0.23585268619973143,0.3861720157769615,0.3834818999490476,0.6319917181614543,0.1639431489299667,0.16207742087117455,0.2730231049687558,68.97682701699418,27.20194961472586,1.7954174464866375,71.05302590102488,-0.1720746080360806,-2.1465720279439795,-2.0761988840307026,27.37402422276194,3.941989474430617,0.2225955364584337,0.4315735400127787,0.1920735845831945,0.4272473761319179,0.03052195187523918,0.004326163880860823,39.67853743781093,5.624013045119069,0.8797448697572542,-0.12025513024274581
1,Apollo_spec.csv,2,10,193.0,165.0,132.0,0.15005738123765364,0.1503396537002557,0.16312673743037528,0.3861720157769615,0.3834818999490476,0.6319917181614543,0.1639431489299667,0.16207742087117455,0.2730231049687558,68.89866886277872,13.530888588831573,33.92969424467987,71.05302590102488,-0.1720746080360806,-2.1465720279439795,-2.154357038246161,13.702963196867653,36.076266272623855,0.20736666314435379,0.46745266480848785,0.1920735845831945,0.4272473761319179,0.015293078561159273,0.04020528867656997,19.881002129507056,52.26687527954096,1.0254590791174336,0.025459079117433614
1,Apollo_spec.csv,2,11,138.0,177.0,137.0,0.12792823850039914,0.15000104553177054,0.17592153951583764,0.3861720157769615,0.3834818999490476,0.6319917181614543,0.1639431489299667,0.16207742087117455,0.2730231049687558,68.83488220466077,-14.455275494732598,31.350868784717985,71.05302590102488,-0.1720746080360806,-2.1465720279439795,-2.218143696364109,-14.283200886696518,33.497440812661964,0.1761060846100164,0.4646059269848744,0.1920735845831945,0.4272473761319179,-0.015967499973178118,0.03735855085295653,-20.757749965131552,48.56611610884349,0.9890186588965816,-0.010981341103418418
1,Apollo_spec.csv,2,12,85.0,181.0,168.0,0.12753576644533196,0.15016055946794749,0.26550274010537067,0.3861720157769615,0.3834818999490476,0.6319917181614543,0.1639431489299667,0.16207742087117455,0.2730231049687558,68.86494322172241,-28.341964861623627,-3.682972132935234,71.05302590102488,-0.1720746080360806,-2.1465720279439795,-2.188082679302468,-28.169890253587546,-1.5364001049912543,0.16060151544823612,0.4254573574719563,0.1920735845831945,0.4272473761319179,-0.0314720691349584,-0.0017900186599615897,-40.91368987544592,-2.3270242579500664,0.903241535013219,-0.09675846498678098
1,Apollo_spec.csv,2,13,130.0,174.0,194.0,0.1548959913352441,0.1513933998577859,0.35597751449035325,0.3861720157769615,0.3834818999490476,0.6319917181614543,0.1639431489299667,0.16207742087117455,0.2730231049687558,69.09656174222933,-13.400322045250231,-35.54869736081502,71.05302590102488,-0.1720746080360806,-2.1465720279439795,-1.956464158795555,-13.22824743721415,-33.40212533287104,0.17734170878045205,0.38999601599886236,0.1920735845831945,0.4272473761319179,-0.014731875802742461,-0.03725136013305552,-19.1514385435652,-48.42676817297218,0.9568755250574162,-0.04312447494258376
1,Apollo_spec.csv,2,14,195.0,160.0,190.0,0.17881244659523016,0.1508338942699627,0.33702082072410633,0.3861720157769615,0.3834818999490476,0.6319917181614543,0.1639431489299667,0.16207742087117455,0.2730231049687558,68.9916016935598,13.37782869348812,-32.61381898701608,71.05302590102488,-0.1720746080360806,-2.1465720279439795,-2.0614242074650804,13.5499033015242,-30.467246959072103,0.20717565794441067,0.393208088875253,0.1920735845831945,0.4272473761319179,0.015102073361216162,-0.034039287256664885,19.63269536958101,-44.25107343366435,0.9088524445941855,-0.09114755540581454
1,Apollo_spec.csv,2,15,253.0,189.0,196.0,0.26166585207410875,0.22773413637701587,0.36881489145065616,0.3861720157769615,0.3834818999490476,0.6319917181614543,0.1639431489299667,0.16207742087117455,0.2730231049687558,81.50324669562535,28.09765726387709,-1.221291498841168,71.05302590102488,-0.1720746080360806,-2.1465720279439795,10.450220794600469,28.26973187191317,0.9252805291028114,0.21877855187165235,0.42841862776552325,0.1920735845831945,0.4272473761319179,0.026704967288457837,0.0011712516336053747,34.71645747499519,1.522627123686987,0.7662398002447899,-0.23376019975521012
1,Apollo_spec.csv,2,16,229.0,199.0,167.0,0.22717281190293107,0.22594381573923522,0.2677777617850848,0.3861720157769615,0.3834818999490476,0.6319917181614543,0.1639431489299667,0.16207742087117455,0.2730231049687558,81.24706855883632,14.092021771859942,32.24651999693806,71.05302590102488,-0.1720746080360806,-2.1465720279439795,10.194042657811437,14.264096379896023,34.393092024882044,0.20560191559288601,0.4601016385818891,0.1920735845831945,0.4272473761319179,0.013528331009691502,0.03285426244997125,17.586830312598952,42.71054118496262,0.8505811869403039,-0.14941881305969607
1,Apollo_spec.csv,2,17,172.0,211.0,171.0,0.1962378294815691,0.22340184888215492,0.28103578565801546,0.3861720157769615,0.3834818999490476,0.6319917181614543,0.1639431489299667,0.16207742087117455,0.2730231049687558,80.88100160235342,-14.163768685976205,29.84974674559799,71.05302590102488,-0.1720746080360806,-2.1465720279439795,9.82797570132854,-13.991694077940124,31.99631877354197,0.17878921273550252,0.45796033200803943,0.1920735845831945,0.4272473761319179,-0.01328437184769199,0.03071295587612155,-17.269683401999586,39.926842638958014,0.8152553829773097,-0.1847446170226903
1,Apollo_spec.csv,2,18,124.0,215.0,203.0,0.19561215107664348,0.2227782664133064,0.3928172894058655,0.3861720157769615,0.3834818999490476,0.6319917181614543,0.1639431489299667,0.16207742087117455,0.2730231049687558,80.79077615969821,-27.661272538278947,-4.619451813543284,71.05302590102488,-0.1720746080360806,-2.1465720279439795,9.73775025867333,-27.489197930242867,-2.4728797855993045,0.16592283153470208,0.4251729827085808,0.1920735845831945,0.4272473761319179,-0.02615075304849243,-0.0020743934233370953,-33.99597896304016,-2.696711450338224,0.7510324059283527,-0.24896759407164726
1,Apollo_spec.csv,2,19,165.0,207.0,230.0,0.23026632735234706,0.2249360249713374,0.5054489173074376,0.3861720157769615,0.3834818999490476,0.6319917181614543,0.1639431489299667,0.16207742087117455,0.2730231049687558,81.10226741021799,-13.060257178518933,-36.08588966782459,71.05302590102488,-0.1720746080360806,-2.1465720279439795,10.04924150919311,-12.888182570482853,-33.939317639880606,0.17987261151559247,0.3953448994331077,0.1920735845831945,0.4272473761319179,-0.012200973067602039,-0.03190247669881019,-15.86126498788265,-41.47321970845324,0.8144736223944211,-0.18552637760557888
1,Apollo_spec.csv,2,20,229.0,193.0,226.0,0.26023402268149076,0.22501347744630565,0.48719524605284065,0.3861720157769615,0.3834818999490476,0.6319917181614543,0.1639431489299667,0.16207742087117455,0.2730231049687558,81.11341124231507,12.61625282841664,-34.01383469999882,71.05302590102488,-0.1720746080360806,-2.1465720279439795,10.060385341290186,12.78832743645272,-31.86726267205484,0.2042243699450946,0.3973146138656822,0.1920735845831945,0.4272473761319179,0.01215078536190009,-0.029932762266235702,15.796020970470117,-38.91259094610641,0.7837674161832756,-0.2162325838167244
2,Curiosity_spec_webcolor.csv,0,3,170.0,113.0,118.0,0.09421919107201601,0.07777971512596484,0.11800942157133702,0.3780449088535006,0.3771848847518032,0.599287972589356,0.16193235870870004,0.16025735140762257,0.26518993624012777,52.532305958323775,27.544089533435887,0.08230232207785104,71.20590283239899,-0.3120767041858157,-3.939022863924448,-18.673596874075216,27.856166237621704,4.021325186002299,0.233368435701674,0.43346257852487086,0.19269848065401735,0.42908677330660056,0.040669955047656664,0.004375805218270301,52.870941561953664,5.6885467837513914,1.1695632497608508,0.1695632497608508
2,Curiosity_spec_webcolor.csv,0,4,148.0,122.0,90.0,0.07646550373491184,0.07668909313730335,0.06799223739122642,0.3780449088535006,0.3771848847518032,0.599287972589356,0.16193235870870004,0.16025735140762257,0.26518993624012777,52.21047854627703,14.075299538031071,33.29466398440207,71.20590283239899,-0.3120767041858157,-3.939022863924448,-18.99542428612196,14.387376242216888,37.23368684832652,0.2137731247639623,0.4823959709629086,0.19269848065401735,0.42908677330660056,0.021074644109944946,0.05330919765630804,27.397037342928428,69.30195695320045,1.3692595743746958,0.3692595743746958
2,Curiosity_spec_webcolor.csv,0,5,94.0,133.0,95.0,0.06113739932103091,0.07604495813443192,0.0759599498067693,0.3780449088535006,0.3771848847518032,0.599287972589356,0.16193235870870004,0.16025735140762257,0.26518993624012777,52.01896784176576,-14.86729652355938,30.678468322384646,71.20590283239899,-0.3120767041858157,-3.939022863924448,-19.186934990633233,-14.555219819373566,34.617491186309095,0.17105059142369353,0.47870786488005995,0.19269848065401735,0.42908677330660056,-0.02164788923032382,0.0496210915734594,-28.142255999420964,64.50741904549722,1.3197333045189565,0.31973330451895654
2,Curiosity_spec_webcolor.csv,0,7,82.0,130.0,149.0,0.07737407336260883,0.07649488642027791,0.19158245074243457,0.3780449088535006,0.3771848847518032,0.599287972589356,0.16193235870870004,0.16025735140762257,0.26518993624012777,52.152851355514755,-14.271443491564776,-34.42199089516816,71.20590283239899,-0.3120767041858157,-3.939022863924448,-19.053051476884235,-13.959366787378961,-30.482968031243708,0.17198588603270726,0.38257119670684275,0.19269848065401735,0.42908677330660056,-0.020712594621310088,-0.0465155765997578,-26.926373007703113,-60.470249579685145,1.2246281214869241,0.22462812148692413
2,Curiosity_spec_webcolor.csv,0,8,150.0,115.0,146.0,0.09528440405901742,0.07615129400249075,0.18335383986612983,0.3780449088535006,0.3771848847518032,0.599287972589356,0.16193235870870004,0.16025735140762257,0.26518993624012777,52.05065737332623,13.651227676066329,-33.79753672144945,71.20590283239899,-0.3120767041858157,-3.939022863924448,-19.15524545907276,13.963304380252143,-29.858513857524997,0.21321008443595513,0.3833943651657224,0.19269848065401735,0.42908677330660056,0.02051160378193778,-0.04569240814087816,26.665084916519117,-59.40013058314161,1.2233877665130015,0.22338776651300152
2,Curiosity_spec_webcolor.csv,0,9,218.0,157.0,163.0,0.17525572080440624,0.14994700417446022,0.23672769520912187,0.3780449088535006,0.3771848847518032,0.599287972589356,0.16193235870870004,0.16025735140762257,0.26518993624012777,69.29413321867047,27.56660749658425,-2.543285299173548,71.20590283239899,-0.3120767041858157,-3.939022863924448,-1.9117696137285236,27.878684200770067,1.3957375647508998,0.22363716980403792,0.4305187746829132,0.19269848065401735,0.42908677330660056,0.03093868915002057,0.0014320013763126638,40.220295895026744,1.861601789206463,0.8877499432924295,-0.11225005670757049
2,Curiosity_spec_webcolor.csv,0,10,195.0,167.0,136.0,0.15147955377941805,0.15104379957079406,0.16508215027254836,0.3780449088535006,0.3771848847518032,0.599287972589356,0.16193235870870004,0.16025735140762257,0.26518993624012777,69.50159105323975,13.564856410732602,30.196994971742196,71.20590283239899,-0.3120767041858157,-3.939022863924448,-1.7043117791592408,13.876933114918419,34.13601783566664,0.20804894668753926,0.4667635393409693,0.19269848065401735,0.42908677330660056,0.015350466033521915,0.03767676603436876,19.95560584357849,48.97979584467939,0.9733747170056357,-0.026625282994364285
2,Curiosity_spec_webcolor.csv,0,11,139.0,178.0,140.0,0.12721598644735768,0.14844148230184695,0.17451619359130924,0.3780449088535006,0.3771848847518032,0.599287972589356,0.16193235870870004,0.16025735140762257,0.26518993624012777,69.00771121366071,-14.520714022989223,27.773198501043474,71.20590283239899,-0.3120767041858157,-3.939022863924448,-2.198191618738278,-14.208637318803408,31.712221364967924,0.17684933616854123,0.4643009205104316,0.19269848065401735,0.42908677330660056,-0.015849144485476113,0.03521414720383104,-20.603887831118946,45.77839136498035,0.9434271603629447,-0.05657283963705528
2,Curiosity_spec_webcolor.csv,0,12,86.0,183.0,171.0,0.12709622232654505,0.14980641808039785,0.26095833824202175,0.3780449088535006,0.3771848847518032,0.599287972589356,0.16193235870870004,0.16025735140762257,0.26518993624012777,69.26746842337049,-28.819663915569446,-5.656707767502755,71.20590283239899,-0.3120767041858157,-3.939022863924448,-1.9384344090285026,-28.50758721138363,-1.7176849035783066,0.16103073120112107,0.4270601623806494,0.19269848065401735,0.42908677330660056,-0.03166774945289627,-0.0020266109259511333,-41.168074288765155,-2.6345942037364734,0.9090214805062743,-0.0909785194937257
2,Curiosity_spec_webcolor.csv,0,13,132.0,175.0,196.0,0.15332974290665877,0.15089787568695434,0.3445907530509339,0.3780449088535006,0.3771848847518032,0.599287972589356,0.16193235870870004,0.16025735140762257,0.26518993624012777,69.47404773055597,-13.810596309171627,-35.91017313923817,71.20590283239899,-0.3120767041858157,-3.939022863924448,-1.7318551018430242,-13.498519604985812,-31.97115027531372,0.17774424144735942,0.39358159003258475,0.19269848065401735,0.42908677330660056,-0.014954239206657921,-0.035505183274015806,-19.440510968655296,-46.15673825622055,0.9234781057435129,-0.07652189425648714
2,Curiosity_spec_webcolor.csv,0,14,196.0,161.0,193.0,0.1793162173563589,0.1513331907827223,0.3351561659636911,0.3780449088535006,0.3771848847518032,0.599287972589356,0.16193235870870004,0.16025735140762257,0.26518993624012777,69.55616158975656,13.183167809779937,-35.36112732017066,71.20590283239899,-0.3120767041858157,-3.939022863924448,-1.6497412426424347,13.495244513965751,-31.42210445624621,0.2076150534632824,0.39423572589388056,0.19269848065401735,0.42908677330660056,0.01491657280926506,-0.03485104741271999,19.39154465204458,-45.30636163653599,0.9229218073517003,-0.07707819264829974
2,Curiosity_spec_webcolor.csv,0,15,254.0,190.0,198.0,0.2581726063161226,0.22478676661226935,0.35681977157681716,0.3780449088535006,0.3771848847518032,0.599287972589356,0.16193235870870004,0.16025735140762257,0.26518993624012777,81.61805325297703,28.29301279898684,-3.118390651380028,71.20590283239899,-0.3120767041858157,-3.939022863924448,10.412150420578044,28.605089503172657,0.8206322125444201,0.21970110688512295,0.4304030540679729,0.19269848065401735,0.42908677330660056,0.02700262623110561,0.001316280761372357,35.10341410043729,1.7111649897840642,0.774841338943975,-0.225158661056025
2,Curiosity_spec_webcolor.csv,0,16,229.0,200.0,169.0,0.22334182312680884,0.2224833847256501,0.261752357349597,0.3780449088535006,0.3771848847518032,0.599287972589356,0.16193235870870004,0.16025735140762257,0.26518993624012777,81.2834782883095,13.24270615221326,28.96161731922872,71.20590283239899,-0.3120767041858157,-3.939022863924448,10.077575455910505,13.554782856399076,32.900640183153165,0.20556792368685425,0.46075005266945745,0.19269848065401735,0.42908677330660056,0.012869443032836908,0.0316632793628569,16.73027594268798,41.16226317171397,0.8176293567033022,-0.18237064329669783
2,Curiosity_spec_webcolor.csv,0,17,172.0,212.0,174.0,0.19483636286804135,0.2220956996997751,0.276362569414697,0.3780449088535006,0.3771848847518032,0.599287972589356,0.16193235870870004,0.16025735140762257,0.26518993624012777,81.22693882156254,-14.884894516765103,27.03319606986008,71.20590283239899,-0.3120767041858157,-3.939022863924448,10.02103598916355,-14.572817812579288,30.972218933784525,0.17893940547347092,0.4589428878898194,0.19269848065401735,0.42908677330660056,-0.01375907518054642,0.02985611458321885,-17.886797734710346,38.812948958184506,0.8045066545681075,-0.19549334543189245
2,Curiosity_spec_webcolor.csv,0,18,126.0,216.0,205.0,0.19399635798179432,0.22142965122792493,0.3819719432979421,0.3780449088535006,0.3771848847518032,0.599287972589356,0.16193235870870004,0.16025735140762257,0.26518993624012777,81.12964938455814,-28.016253432040852,-6.130594986219684,71.20590283239899,-0.3120767041858157,-3.939022863924448,9.923746552159145,-27.704176727855035,-2.191572122295236,0.1664720035824161,0.4275293395757309,0.19269848065401735,0.42908677330660056,-0.02622647707160125,-0.0015574337308696395,-34.094420193081625,-2.0246638501305316,0.7527391584444966,-0.24726084155550343
2,Curiosity_spec_webcolor.csv,0,19,166.0,208.0,231.0,0.22600477584465373,0.22240586659042713,0.48675500789496695,0.3780449088535006,0.3771848847518032,0.599287972589356,0.16193235870870004,0.16025735140762257,0.26518993624012777,81.27217840352927,-13.773740958667542,-36.76081013638485,71.20590283239899,-0.3120767041858157,-3.939022863924448,10.066275571130276,-13.461664254481725,-32.8217872724604,0.17999894465287603,0.39854842678813457,0.19269848065401735,0.42908677330660056,-0.01269953600114132,-0.030538346518465986,-16.509396801483717,-39.699850474005785,0.7922073799476578,-0.20779262005234223
2,Curiosity_spec_webcolor.csv,0,20,230.0,194.0,227.0,0.257217106068093,0.2230639548290798,0.4665302013793323,0.3780449088535006,0.3771848847518032,0.599287972589356,0.16193235870870004,0.16025735140762257,0.26518993624012777,81.36802515932305,13.353741315769692,-33.90095390722117,71.20590283239899,-0.3120767041858157,-3.939022863924448,10.162122326924063,13.665818019955509,-29.961931043296723,0.20565987133903366,0.4012930405039042,0.19269848065401735,0.42908677330660056,0.01296139068501631,-0.02779373280269637,16.849807890521205,-36.13185264350528,0.7511605829707377,-0.24883941702926227
3,Curiosity_spec.csv,0,3,170.0,113.0,118.0,0.0932853719517521,0.07792536627743177,0.11354019399837659,0.3748185328987906,0.3735574244001039,0.5893617234790625,0.16243259289907533,0.16133467585100641,0.26130317038713374,52.796310700115384,26.946170892030132,2.436797273437895,71.6828731350505,-0.504454103104031,-2.5049485022652194,-18.886562434935115,27.450624995134163,4.941745775703114,0.23280798776867478,0.4375681472254822,0.1930066715707795,0.43132971984370694,0.03980131619789529,0.006238427381775269,51.74171105726387,8.109955596307849,1.1486326451349362,0.14863264513493624
3,Curiosity_spec.csv,0,4,148.0,122.0,90.0,0.07517577902927025,0.0761209517018749,0.06579102541038123,0.3748185328987906,0.3735574244001039,0.5893617234790625,0.16243259289907533,0.16133467585100641,0.26130317038713374,52.26115015450543,12.948401208879249,34.21552231722641,71.6828731350505,-0.504454103104031,-2.5049485022652194,-19.42172298054507,13.45285531198328,36.72047081949163,0.2126067270640975,0.484379541861306,0.1930066715707795,0.43132971984370694,0.019600055493318003,0.05304982201759906,25.480072141313403,68.96476862287878,1.3463129252537527,0.3463129252537527
3,Curiosity_spec.csv,0,5,94.0,133.0,95.0,0.06164200965171653,0.07701322481703848,0.07595047974678719,0.3748185328987906,0.3735574244001039,0.5893617234790625,0.16243259289907533,0.16133467585100641,0.26130317038713374,52.526828848243724,-15.621041240417812,31.24147815143713,71.6828731350505,-0.504454103104031,-2.5049485022652194,-19.156044286806775,-15.11658713731378,33.74642665370235,0.17067172043030868,0.4797694658524033,0.1930066715707795,0.43132971984370694,-0.02233495114047082,0.04843974600869638,-29.035436482612067,62.9716698113053,1.30543315788059,0.30543315788059
3,Curiosity_spec.csv,0,7,82.0,130.0,149.0,0.07607050579059733,0.0758812774490636,0.18614241739384232,0.3748185328987906,0.3735574244001039,0.5893617234790625,0.16243259289907533,0.16133467585100641,0.26130317038713374,52.18943253184217,-14.858827161568554,-33.09006594718564,71.6828731350505,-0.504454103104031,-2.5049485022652194,-19.493440603208327,-14.354373058464523,-30.585117444920424,0.17164727192455348,0.3852456584856391,0.1930066715707795,0.43132971984370694,-0.02135939964622602,-0.04608406135806786,-27.767219540093823,-59.90927976548822,1.2247581130451908,0.22475811304519078
3,Curiosity_spec.csv,0,8,150.0,115.0,146.0,0.09456178454988591,0.07600990834956944,0.17888151012580186,0.3748185328987906,0.3735574244001039,0.5893617234790625,0.16243259289907533,0.16133467585100641,0.26130317038713374,52.22794144486387,13.570766546427913,-32.469625039461015,71.6828731350505,-0.504454103104031,-2.5049485022652194,-19.454931690186626,14.075220649531945,-29.964676537195796,0.21353548609691103,0.3861954256780123,0.1930066715707795,0.43132971984370694,0.020528814526131534,-0.045134294165694644,26.687458883970994,-58.67458241540304,1.212276603928581,0.21227660392858105
3,Curiosity_spec.csv,0,9,218.0,157.0,163.0,0.1738968125395693,0.14898214134813698,0.2334799520015123,0.3748185328987906,0.3735574244001039,0.5893617234790625,0.16243259289907533,0.16133467585100641,0.26130317038713374,69.38539709422857,27.223101930443725,-2.4810915669476663,71.6828731350505,-0.504454103104031,-2.5049485022652194,-2.297476040821934,27.727556033547756,0.023856935317553063,0.2237284850922588,0.431267161723156,0.1930066715707795,0.43132971984370694,0.03072181352147929,-6.255812055094845e-05,39.93835757792308,-0.08132555671623298,0.8815181501777516,-0.11848184982224841
3,Curiosity_spec.csv,0,10,195.0,167.0,136.0,0.1514607666285893,0.15164455510902505,0.164758496969673,0.3748185328987906,0.3735574244001039,0.5893617234790625,0.16243259289907533,0.16133467585100641,0.26130317038713374,69.89102895901783,12.632721501749845,30.269512351184353,71.6828731350505,-0.504454103104031,-2.5049485022652194,-1.7918441760326687,13.137175604853876,32.774460853449575,0.20745175849870234,0.46733284948863246,0.1930066715707795,0.43132971984370694,0.014445086927922846,0.036003129644925524,18.7786130062997,46.80406853840318,0.9273547012815088,-0.07264529871849124
3,Curiosity_spec.csv,0,11,139.0,178.0,140.0,0.126182353338276,0.1476801519321614,0.17119730019205448,0.3748185328987906,0.3735574244001039,0.5893617234790625,0.16243259289907533,0.16133467585100641,0.26130317038713374,69.1359347242274,-15.062136562498214,28.33603852524178,71.6828731350505,-0.504454103104031,-2.5049485022652194,-2.5469384108231026,-14.557682459394183,30.840987027506998,0.1767893387344133,0.4655454614335594,0.1930066715707795,0.43132971984370694,-0.0162173328363662,0.034215741589852466,-21.08253268727606,44.4804640668082,0.9285685834962213,-0.07143141650377871
3,Curiosity_spec.csv,0,12,86.0,183.0,171.0,0.1265540863313021,0.14949247640248817,0.25839650400613073,0.3748185328987906,0.3735574244001039,0.5893617234790625,0.16243259289907533,0.16133467585100641,0.26130317038713374,69.48278125068066,-29.396589586880843,-5.509174744486543,71.6828731350505,-0.504454103104031,-2.5049485022652194,-2.20009188436984,-28.892135483776812,-3.004226242221324,0.16100359256017546,0.4279186830968444,0.1930066715707795,0.43132971984370694,-0.032003079010604035,-0.00341103674686255,-41.60400271378525,-4.434347770921315,0.9202744794692791,-0.0797255205307209
3,Curiosity_spec.csv,0,13,132.0,175.0,196.0,0.15092491389765608,0.14982352899078785,0.33539589006221837,0.3748185328987906,0.3735574244001039,0.5893617234790625,0.16243259289907533,0.16133467585100641,0.26130317038713374,69.54583555423577,-14.666403951935303,-34.30708170438869,71.6828731350505,-0.504454103104031,-2.5049485022652194,-2.1370375808147344,-14.161949848831272,-31.802133202123475,0.17732582463561058,0.3960714988632045,0.1930066715707795,0.43132971984370694,-0.015680846935168913,-0.035258220980502464,-20.385101015719588,-45.8356872746532,0.9279962326824075,-0.0720037673175925
3,Curiosity_spec.csv,0,14,196.0,161.0,193.0,0.17865356976274935,0.15146878052201426,0.32962212485607745,0.3748185328987906,0.3735574244001039,0.5893617234790625,0.16243259289907533,0.16133467585100641,0.26130317038713374,69.85783005921945,12.91009066684197,-34.220549320366494,71.6828731350505,-0.504454103104031,-2.5049485022652194,-1.8250430758310472,13.414544769946001,-31.715600818101276,0.20776378764423534,0.39633625616337764,0.1930066715707795,0.43132971984370694,0.01475711607345584,-0.034993463680329295,19.184250895492593,-45.491502784428086,0.9236790461786016,-0.07632095382139836
3,Curiosity_spec.csv,0,15,254.0,190.0,198.0,0.258066622010283,0.22507247268959657,0.3592024102297162,0.3748185328987906,0.3735574244001039,0.5893617234790625,0.16243259289907533,0.16133467585100641,0.26130317038713374,81.97448572306958,27.211784593134187,-4.373216483699013,71.6828731350505,-0.504454103104031,-2.5049485022652194,10.291612588019078,27.716238696238218,-1.8682679814337932,0.21908295020043597,0.4299140552105297,0.1930066715707795,0.43132971984370694,0.026076278629656474,-0.001415664633177216,33.899162218553414,-1.8403640231303808,0.749502482740824,-0.250497517259176
3,Curiosity_spec.csv,0,16,229.0,200.0,169.0,0.22063081460269038,0.2211280173379628,0.25908737506794693,0.3748185328987906,0.3735574244001039,0.5893617234790625,0.16243259289907533,0.16133467585100641,0.26130317038713374,81.3987662640878,11.62453317332816,28.803096994510714,71.6828731350505,-0.504454103104031,-2.5049485022652194,9.715893129037298,12.128987276432191,31.308045496775932,0.20453336390927168,0.4612371530009389,0.1930066715707795,0.43132971984370694,0.011526692338492184,0.02990743315723199,14.984700040039838,38.87966310440159,0.7645966128880107,-0.23540338711198927
3,Curiosity_spec.csv,0,17,172.0,212.0,174.0,0.1934117611999398,0.22068218661180888,0.271504443511278,0.3748185328987906,0.3735574244001039,0.5893617234790625,0.16243259289907533,0.16133467585100641,0.26130317038713374,81.33326487286816,-15.211462876647152,27.419694769736726,71.6828731350505,-0.504454103104031,-2.5049485022652194,9.650391737817657,-14.707008773543121,29.924643272001944,0.1791613610118735,0.4599506849174771,0.1930066715707795,0.43132971984370694,-0.013845310558906004,0.028620965073770155,-17.998903726577804,37.207254595901205,0.7809080540877507,-0.21909194591224934
3,Curiosity_spec.csv,0,18,126.0,216.0,205.0,0.19161581669764313,0.21996238268503915,0.37355985973786876,0.3748185328987906,0.3735574244001039,0.5893617234790625,0.16243259289907533,0.16133467585100641,0.26130317038713374,81.22732492563695,-28.87974260564279,-5.017200740637837,71.6828731350505,-0.504454103104031,-2.5049485022652194,9.54445179058645,-28.37528850253876,-2.512252238372618,0.16619860181708576,0.4292664480441103,0.1930066715707795,0.43132971984370694,-0.026808069753693736,-0.0020632717995966443,-34.85049067980186,-2.6822533394756376,0.7698430472794776,-0.2301569527205224
3,Curiosity_spec.csv,0,19,166.0,208.0,231.0,0.2244267030456834,0.2211097722313029,0.48111306821231065,0.3748185328987906,0.3735574244001039,0.5893617234790625,0.16243259289907533,0.16133467585100641,0.26130317038713374,81.39608742405501,-14.226994219351335,-36.79772688439684,71.6828731350505,-0.504454103104031,-2.5049485022652194,9.713214289004512,-13.722540116247304,-34.292778382131615,0.18010283333818278,0.39924222836977435,0.1930066715707795,0.43132971984370694,-0.01290383823259672,-0.03208749147393258,-16.774989702375738,-41.713738916112355,0.8268657579486184,-0.17313424205138161
3,Curiosity_spec.csv,0,20,230.0,194.0,227.0,0.2550402506990759,0.221799064263739,0.4632525684465992,0.3748185328987906,0.3735574244001039,0.5893617234790625,0.16243259289907533,0.16133467585100641,0.26130317038713374,81.49719060756925,12.334411777099168,-34.44707407189808,71.6828731350505,-0.504454103104031,-2.5049485022652194,9.814317472518752,12.8388658802032,-31.94212556963286,0.20519013279992626,0.4015040899797743,0.1930066715707795,0.43132971984370694,0.012183461229146764,-0.029825629863932612,15.838499597890793,-38.7733188231124,0.7819710270077783,-0.21802897299222168
3,Curiosity_spec.csv,1,3,170.0,113.0,118.0,0.09152213302308378,0.0764588144960215,0.11264722798359997,0.3707481509211816,0.369514782838932,0.5921869058288506,0.16000305566276402,0.1587816242646081,0.26060506368910524,52.61039243194517,26.941955443768048,2.7864371508377843,71.53481068513314,-0.25744840301068916,-2.3127945025326078,-18.924418253187966,27.199403846778736,5.099231653370392,0.2322386862402195,0.43653443815076604,0.1925692845311261,0.4299733103409302,0.039669401709093416,0.0065611278098358095,51.57022222182144,8.529466152786553,1.145720737242125,0.14572073724212498
3,Curiosity_spec.csv,1,4,148.0,122.0,90.0,0.07375674158839853,0.07462491275917638,0.06515831094251733,0.3707481509211816,0.369514782838932,0.5921869058288506,0.16000305566276402,0.1587816242646081,0.26060506368910524,52.05739610791299,13.275500683178201,34.6547193637834,71.53481068513314,-0.25744840301068916,-2.3127945025326078,-19.477414577220145,13.532949086188891,36.96751386631601,0.2124627872101443,0.4836681690653798,0.1925692845311261,0.4299733103409302,0.01989350267901821,0.05369485872444957,25.86155348272367,69.80331634178444,1.3633187522358166,0.36331875223581656
3,Curiosity_spec.csv,1,5,94.0,133.0,95.0,0.06054331246759889,0.07565244287232722,0.07535197672271768,0.3707481509211816,0.369514782838932,0.5921869058288506,0.16000305566276402,0.1587816242646081,0.26060506368910524,52.36834003649952,-15.295864232841293,31.697161073737895,71.53481068513314,-0.25744840301068916,-2.3127945025326078,-19.16647064863362,-15.038415829830603,34.0099555762705,0.1703782570963203,0.4790198022162957,0.1925692845311261,0.4299733103409302,-0.022191027434805805,0.04904649187536547,-28.848335665247546,63.760439437975116,1.315673379429514,0.3156733794295139
3,Curiosity_spec.csv,1,7,82.0,130.0,149.0,0.07500218328166533,0.07472812227275391,0.18518200027087983,0.3707481509211816,0.369514782838932,0.5921869058288506,0.16000305566276402,0.1587816242646081,0.26060506368910524,52.08875710488181,-14.597031740415437,-32.81948946067464,71.53481068513314,-0.25744840301068916,-2.3127945025326078,-19.44605358025133,-14.339583337404747,-30.50669495814203,0.17128967667824938,0.38399349887330514,0.1925692845311261,0.4299733103409302,-0.02127960785287672,-0.04597981146762509,-27.663490208739734,-59.77375490791261,1.2215498374615235,0.22154983746152346
3,Curiosity_spec.csv,1,8,150.0,115.0,146.0,0.09309286993961992,0.0746626032667804,0.1778019222710075,0.3707481509211816,0.369514782838932,0.5921869058288506,0.16000305566276402,0.1587816242646081,0.26060506368910524,52.06885200550602,13.789439500586818,-32.286531339950415,71.53481068513314,-0.25744840301068916,-2.3127945025326078,-19.46595867962712,14.046887903597508,-29.973736837417807,0.21321773046694145,0.38476232784153347,0.1925692845311261,0.4299733103409302,0.020648445935815357,-0.04521098249939676,26.842979716559963,-58.774277249215785,1.215556946856921,0.21555694685692095
3,Curiosity_spec.csv,1,9,218.0,157.0,163.0,0.1720149399740527,0.14716324095947328,0.23318867998865422,0.3707481509211816,0.369514782838932,0.5921869058288506,0.16000305566276402,0.1587816242646081,0.26060506368910524,69.34547462664092,27.603937189685926,-2.075527670274279,71.53481068513314,-0.25744840301068916,-2.3127945025326078,-2.1893360584922164,27.861385592696614,0.2372668322583289,0.22346643278869194,0.43015798583857257,0.1925692845311261,0.4299733103409302,0.030897148257565843,0.00018467549764233926,40.166292734835594,0.24007814693504104,0.886456614496811,-0.11354338550318899
3,Curiosity_spec.csv,1,10,195.0,167.0,136.0,0.149862219215762,0.14986967900144116,0.16426365967561585,0.3707481509211816,0.369514782838932,0.5921869058288506,0.16000305566276402,0.1587816242646081,0.26060506368910524,69.86548798787855,13.19282250028469,31.015976973779498,71.53481068513314,-0.25744840301068916,-2.3127945025326078,-1.6693226972545858,13.45027090329538,33.328771476312106,0.20737164428277013,0.46660942519013393,0.1925692845311261,0.4299733103409302,0.01480235975164404,0.036636114849203705,19.24306767713725,47.626949303964814,0.9449402069274828,-0.05505979307251718
3,Curiosity_spec.csv,1,11,139.0,178.0,140.0,0.12467267900223195,0.14594403561862743,0.17030739852059903,0.3707481509211816,0.369514782838932,0.5921869058288506,0.16000305566276402,0.1587816242646081,0.26060506368910524,69.10913313421376,-14.647057629796361,29.229511089837253,71.53481068513314,-0.25744840301068916,-2.3127945025326078,-2.4256775509193744,-14.389609226785671,31.54230559236986,0.17654297233936803,0.46499470943767157,0.1925692845311261,0.4299733103409302,-0.01602631219175807,0.035021399096741346,-20.83420584928549,45.52781882576375,0.9420523820410852,-0.05794761795891479
3,Curiosity_spec.csv,1,12,86.0,183.0,171.0,0.12514227974436518,0.14768883111031278,0.25748780180829267,0.3707481509211816,0.369514782838932,0.5921869058288506,0.16000305566276402,0.1587816242646081,0.26060506368910524,69.44695704550124,-28.929063401305864,-4.936910267660331,71.53481068513314,-0.25744840301068916,-2.3127945025326078,-2.087853639631902,-28.671614998295176,-2.6241157651277236,0.1608027832753975,0.42699193339707353,0.1925692845311261,0.4299733103409302,-0.03176650125572861,-0.002981376943856695,-41.29645163244719,-3.8757900270137036,0.9128753596442993,-0.08712464035570067
3,Curiosity_spec.csv,1,13,132.0,175.0,196.0,0.14981605133346787,0.148352819909409,0.33476183277743754,0.3707481509211816,0.369514782838932,0.5921869058288506,0.16000305566276402,0.1587816242646081,0.26060506368910524,69.57481823446653,-14.03490223366404,-33.79757155208748,71.53481068513314,-0.25744840301068916,-2.3127945025326078,-1.9599924506666042,-13.77745383065335,-31.484777049554875,0.17732890341683738,0.3950931554940265,0.1925692845311261,0.4299733103409302,-0.015240381114288715,-0.03488015484690371,-19.81249544857533,-45.344201300974824,0.9144051537354747,-0.08559484626452529
3,Curiosity_spec.csv,1,14,196.0,161.0,193.0,0.17686380316977124,0.1498621269170312,0.32892819589532163,0.3707481509211816,0.369514782838932,0.5921869058288506,0.16000305566276402,0.1587816242646081,0.26060506368910524,69.86404568077981,13.189940489324222,-33.707225751873395,71.53481068513314,-0.25744840301068916,-2.3127945025326078,-1.6707650043533278,13.447388892334912,-31.394431249340787,0.20736877094657655,0.39534732463536826,0.1925692845311261,0.4299733103409302,0.014799486415450452,-0.03462598570556197,19.23933234008559,-45.01378141723056,0.9166764537087412,-0.08332354629125882
3,Curiosity_spec.csv,1,15,254.0,190.0,198.0,0.2556364636274669,0.223057312713164,0.3577018401191975,0.3707481509211816,0.369514782838932,0.5921869058288506,0.16000305566276402,0.1587816242646081,0.26060506368910524,82.03614044345677,27.62039418151295,-3.208554355829563,71.53481068513314,-0.25744840301068916,-2.3127945025326078,10.501329758323635,27.877842584523638,-0.8957598532969553,0.21874502378415264,0.4294517381643685,0.1925692845311261,0.4299733103409302,0.026175739253026548,-0.0005215721765617354,34.028461028934515,-0.678043829530256,0.7513642272831482,-0.24863577271685178
3,Curiosity_spec.csv,1,16,229.0,200.0,169.0,0.21911816643927196,0.2194352377342369,0.2590759371014568,0.3707481509211816,0.369514782838932,0.5921869058288506,0.16000305566276402,0.1587816242646081,0.26060506368910524,81.50259472164112,12.249407434282231,29.79570452027672,71.53481068513314,-0.25744840301068916,-2.3127945025326078,9.967784036507979,12.506855837292921,32.108499022809326,0.20440725511271365,0.46058183826377436,0.1925692845311261,0.4299733103409302,0.011837970581587559,0.03060852792284413,15.389361756063828,39.79108629969737,0.7830119084034284,-0.21698809159657162
3,Curiosity_spec.csv,1,17,172.0,212.0,174.0,0.19187397669494732,0.2186257825260517,0.27133059757918077,0.3707481509211816,0.369514782838932,0.5921869058288506,0.16000305566276402,0.1587816242646081,0.26060506368910524,81.38255744090212,-14.541259069481704,28.251381579934204,71.53481068513314,-0.25744840301068916,-2.3127945025326078,9.84774675576898,-14.283810666471014,30.564176082466812,0.17910167614818037,0.45916361739988215,0.1925692845311261,0.4299733103409302,-0.013467608382945723,0.029190307058951925,-17.50789089782944,37.947399176637504,0.7867889155708281,-0.21321108442917192
3,Curiosity_spec.csv,1,18,126.0,216.0,205.0,0.1900531919087353,0.21791613242254362,0.3735877730142599,0.3707481509211816,0.369514782838932,0.5921869058288506,0.16000305566276402,0.1587816242646081,0.26060506368910524,81.27707666656555,-28.36427167215209,-4.437258630499672,71.53481068513314,-0.25744840301068916,-2.3127945025326078,9.74226598143241,-28.1068232691414,-2.124464127967064,0.16600132263510983,0.42826075766116334,0.1925692845311261,0.4299733103409302,-0.026567961896016262,-0.0017125526797668877,-34.53835046482114,-2.226318483696954,0.7626421111851855,-0.23735788881481446
3,Curiosity_spec.csv,1,19,166.0,208.0,231.0,0.22331648336832308,0.21923052473131127,0.48179723970024924,0.3707481509211816,0.369514782838932,0.5921869058288506,0.16000305566276402,0.1587816242646081,0.26060506368910524,81.47226495426463,-13.397298532472913,-36.4720769206471,71.53481068513314,-0.25744840301068916,-2.3127945025326078,9.937454269131493,-13.139850129462223,-34.159282418114486,0.18019689480639933,0.3980247369870943,0.1925692845311261,0.4299733103409302,-0.012372389724726762,-0.03194857335383594,-16.08410664214479,-41.533145359986726,0.8174859693932697,-0.18251403060673033
3,Curiosity_spec.csv,1,20,230.0,194.0,227.0,0.2530443037380439,0.2195485415765021,0.46381525678060553,0.3707481509211816,0.369514782838932,0.5921869058288506,0.16000305566276402,0.1587816242646081,0.26060506368910524,81.51937342721443,12.868284024875845,-34.21753364544536,71.53481068513314,-0.25744840301068916,-2.3127945025326078,9.984562742081295,13.125732427886534,-31.90473914291275,0.20498885809604014,0.40017206228941,0.1925692845311261,0.4299733103409302,0.01241957356491405,-0.029801248051520235,16.145445634388263,-38.7416224669763,0.7846237101427096,-0.2153762898572904
3,Curiosity_spec.csv,2,3,170.0,113.0,118.0,0.09028929550937037,0.07530732270867081,0.11187686909142075,0.3691897784007295,0.366610088831851,0.5946217411035144,0.1584774933032673,0.1571653421983073,0.26013948908026585,52.444032339527226,26.719737303426633,3.089965059561309,71.46657334849517,-0.6314268206709386,-1.93027880974492,-19.02254100896795,27.351164124097572,5.0202438693062295,0.23217632678942055,0.4357138828413805,0.19230511180428148,0.4291039734713306,0.03987121498513907,0.0066099093700499045,51.83257948068079,8.592882181064876,1.1515908871559446,0.1515908871559446
3,Curiosity_spec.csv,2,4,148.0,122.0,90.0,0.07279362047951947,0.07368234183103742,0.06484570079595658,0.3691897784007295,0.366610088831851,0.5946217411035144,0.1584774933032673,0.1571653421983073,0.26013948908026585,51.94815341027288,12.935233664729196,35.08864682916839,71.46657334849517,-0.6314268206709386,-1.93027880974492,-19.518419938222294,13.566660485400135,37.01892563891331,0.2121388069267833,0.4831397169895165,0.19230511180428148,0.4291039734713306,0.019833695122501827,0.05403574351818591,25.783803659252374,70.24646657364168,1.3698332900820107,0.3698332900820107
3,Curiosity_spec.csv,2,5,94.0,133.0,95.0,0.05978266469879135,0.07471771815549809,0.07488850275777251,0.3691897784007295,0.366610088831851,0.5946217411035144,0.1584774933032673,0.1571653421983073,0.26013948908026585,52.264940899204674,-15.498737330509648,32.181424230862675,71.46657334849517,-0.6314268206709386,-1.93027880974492,-19.2016324492905,-14.86731050983871,34.111703040607594,0.17017384405712954,0.47854596493755064,0.19230511180428148,0.4291039734713306,-0.022131267747151934,0.049441991466220025,-28.770648071297515,64.27458890608604,1.3228765135627973,0.32287651356279734
3,Curiosity_spec.csv,2,7,82.0,130.0,149.0,0.0742932927364049,0.07370358417618533,0.18429321096940326,0.3691897784007295,0.366610088831851,0.5946217411035144,0.1584774933032673,0.1571653421983073,0.26013948908026585,51.95468251619073,-14.506922644741161,-32.6601402115765,71.46657334849517,-0.6314268206709386,-1.93027880974492,-19.511890832304445,-13.875495824070223,-30.729861401831577,0.1715060851514568,0.3828256712784272,0.19230511180428148,0.4291039734713306,-0.02079902665282468,-0.04627830219290341,-27.038734648672087,-60.16179285077443,1.2209797022482123,0.22097970224821228
3,Curiosity_spec.csv,2,8,150.0,115.0,146.0,0.09200757688819726,0.07361114477069794,0.1772476948252803,0.3691897784007295,0.366610088831851,0.5946217411035144,0.1584774933032673,0.1571653421983073,0.26013948908026585,51.92626092932839,13.504798104170073,-32.24809061768979,71.46657334849517,-0.6314268206709386,-1.93027880974492,-19.54031241916678,14.136224924841011,-30.31781180794487,0.21299062984372147,0.38340961029089987,0.19230511180428148,0.4291039734713306,0.020685518039439993,-0.04569436318043074,26.891173451271992,-59.402672134559964,1.2259123042036846,0.22591230420368458
3,Curiosity_spec.csv,2,9,218.0,157.0,163.0,0.1701895268372491,0.14536243755370298,0.23208566363691605,0.3691897784007295,0.366610088831851,0.5946217411035144,0.1584774933032673,0.1571653421983073,0.26013948908026585,69.21981442246532,27.394329424102473,-1.6237854832651009,71.46657334849517,-0.6314268206709386,-1.93027880974492,-2.2467589260298553,28.02575624477341,0.3064933264798191,0.223427709314532,0.4293771382691062,0.19230511180428148,0.4291039734713306,0.031122597510250538,0.00027316479777556024,40.4593767633257,0.3551142371082283,0.8929011919114841,-0.1070988080885159
3,Curiosity_spec.csv,2,10,195.0,167.0,136.0,0.1477798127486245,0.14795956138272803,0.16217028104146605,0.3691897784007295,0.366610088831851,0.5946217411035144,0.1584774933032673,0.1571653421983073,0.26013948908026585,69.72434922896383,12.8328193751705,32.13780270977789,71.46657334849517,-0.6314268206709386,-1.93027880974492,-1.7422241195313433,13.464246195841438,34.068081519522806,0.20714249900286588,0.466637517221112,0.19230511180428148,0.4291039734713306,0.014837387198584406,0.037533543749781406,19.28860335815973,48.79360687471583,0.9640496601267741,-0.035950339873225934
3,Curiosity_spec.csv,2,11,139.0,178.0,140.0,0.12322930275779462,0.14431832153699625,0.1696731951550754,0.3691897784007295,0.366610088831851,0.5946217411035144,0.1584774933032673,0.1571653421983073,0.26013948908026585,69.01528366329599,-15.033068802651373,29.7800883233763,71.46657334849517,-0.6314268206709386,-1.93027880974492,-2.4512896851991854,-14.401641981980434,31.71036713312122,0.17622918570324303,0.4643739302587152,0.19230511180428148,0.4291039734713306,-0.016075926101038446,0.03526995678738459,-20.898703931349978,45.85094382359997,0.9478134802673717,-0.052186519732628334
3,Curiosity_spec.csv,2,12,86.0,183.0,171.0,0.1241798663034821,0.14625920670809697,0.2568775557675285,0.3691897784007295,0.366610088831851,0.5946217411035144,0.1584774933032673,0.1571653421983073,0.26013948908026585,69.39470114819346,-29.0183889451942,-4.514922839769424,71.46657334849517,-0.6314268206709386,-1.93027880974492,-2.071872200301712,-28.38696212452326,-2.584644030024504,0.16081826115147507,0.42617689969234746,0.19230511180428148,0.4291039734713306,-0.0314868506528064,-0.002927073778983158,-40.932905848648325,-3.8051959126781054,0.9048012521208735,-0.09519874787912652
3,Curiosity_spec.csv,2,13,132.0,175.0,196.0,0.14838452420587578,0.14684793317364833,0.33426222087793794,0.3691897784007295,0.366610088831851,0.5946217411035144,0.1584774933032673,0.1571653421983073,0.26013948908026585,69.50912543469222,-14.471184308404395,-33.54448812682199,71.46657334849517,-0.6314268206709386,-1.93027880974492,-1.9574479138029517,-13.839757487733456,-31.61420931707707,0.17697004498727353,0.3940592344652956,0.19230511180428148,0.4291039734713306,-0.015335066817007942,-0.035044739006035,-19.935586862110323,-45.558160707845495,0.9190222539222203,-0.08097774607777974
3,Curiosity_spec.csv,2,14,196.0,161.0,193.0,0.17522313604060735,0.1480663914410118,0.3288553429020778,0.3691897784007295,0.366610088831851,0.5946217411035144,0.1584774933032673,0.1571653421983073,0.26013948908026585,69.74497588745801,12.883252285105971,-33.77092223864908,71.46657334849517,-0.6314268206709386,-1.93027880974492,-1.7215974610371632,13.51467910577691,-31.84064342890416,0.20719393536049135,0.39393502946383924,0.19230511180428148,0.4291039734713306,0.01488882355620988,-0.035168944007491376,19.355470623072843,-45.71962720973879,0.92909688961064,-0.07090311038936004
3,Curiosity_spec.csv,2,15,254.0,190.0,198.0,0.25393838304587807,0.2211865021498331,0.35845483073676554,0.3691897784007295,0.366610088831851,0.5946217411035144,0.1584774933032673,0.1571653421983073,0.26013948908026585,82.01880241895941,27.28857472539756,-2.9978576961643713,71.46657334849517,-0.6314268206709386,-1.93027880974492,10.552229070464236,27.920001546068498,-1.0675788864194513,0.21857791808056817,0.42837002534616,0.19230511180428148,0.4291039734713306,0.026272806276286698,-0.0007339481251706359,34.15464815917271,-0.9541325627218267,0.7543316871354979,-0.24566831286450208
3,Curiosity_spec.csv,2,16,229.0,200.0,169.0,0.21681270065723346,0.21726097234978106,0.25786374262803485,0.3691897784007295,0.366610088831851,0.5946217411035144,0.1584774933032673,0.1571653421983073,0.26013948908026585,81.43547157848862,11.75853869354455,30.673875257124546,71.46657334849517,-0.6314268206709386,-1.93027880974492,9.968898229993442,12.389965514215488,32.60415406686947,0.20409173843168166,0.4601558449439306,0.19230511180428148,0.4291039734713306,0.011786626627400182,0.031051871472599968,15.322614615620237,40.36743291437996,0.7917040418656778,-0.20829595813432222
3,Curiosity_spec.csv,2,17,172.0,212.0,174.0,0.18990007796282377,0.2168068215356959,0.27049299601633325,0.3691897784007295,0.366610088831851,0.5946217411035144,0.1584774933032673,0.1571653421983073,0.26013948908026585,81.36753290392116,-15.233641381838291,29.155445541955274,71.46657334849517,-0.6314268206709386,-1.93027880974492,9.900959555425985,-14.602214561167353,31.085724351700193,0.17858319864929234,0.4587445471950981,0.19230511180428148,0.4291039734713306,-0.013721913154989135,0.029640573723767494,-17.838487101485875,38.53274584089774,0.7996026751705536,-0.2003973248294464
3,Curiosity_spec.csv,2,18,126.0,216.0,205.0,0.1888095372717843,0.21626583942556904,0.3736106933685289,0.3691897784007295,0.366610088831851,0.5946217411035144,0.1584774933032673,0.1571653421983073,0.26013948908026585,81.2864807716865,-28.66959662414921,-3.9563573970921255,71.46657334849517,-0.6314268206709386,-1.93027880974492,9.819907423191324,-28.038169803478272,-2.0260785873472056,0.16585411645596984,0.4274376471157072,0.19230511180428148,0.4291039734713306,-0.026450995348311634,-0.0016663263556234154,-34.386293952805126,-2.1662242623104397,0.7592540186462686,-0.24074598135373138
3,Curiosity_spec.csv,2,19,166.0,208.0,231.0,0.2221408502303383,0.2178708898673791,0.48166630891294154,0.3691897784007295,0.366610088831851,0.5946217411035144,0.1584774933032673,0.1571653421983073,0.26013948908026585,81.52656337535349,-13.71311077127899,-35.89171873153617,71.46657334849517,-0.6314268206709386,-1.93027880974492,10.059990026858316,-13.081683950608051,-33.96143992179125,0.18004596334117073,0.39731657626846273,0.19230511180428148,0.4291039734713306,-0.012259148463110742,-0.031787397202867884,-15.936893002043965,-41.32361636372825,0.8127530877943668,-0.18724691220563316
3,Curiosity_spec.csv,2,20,230.0,194.0,227.0,0.25191109523589894,0.2180058193050202,0.46420725073487956,0.3691897784007295,0.366610088831851,0.5946217411035144,0.1584774933032673,0.1571653421983073,0.26013948908026585,81.54669225191734,12.769215532315442,-33.87461060787922,71.46657334849517,-0.6314268206709386,-1.93027880974492,10.08011890342216,13.400642352986381,-31.9443317981343,0.2050299622048588,0.39922767559743505,0.19230511180428148,0.4291039734713306,0.012724850400577331,-0.029876297873895563,16.54230552075053,-38.839187236064234,0.7903233661408204,-0.20967663385917956
4,Sputnik_spec_webcolor.csv,0,3,167.0,113.0,112.0,0.10935335295748333,0.09164389303865424,0.13693897880598957,0.44090913129855763,0.43490431226101234,0.7251994380937308,0.190651428800318,0.190123853494397,0.31648080774695747,53.028419200020736,26.11977219256529,4.858685309970882,72.03842963147454,-1.79874621519448,0.3762430292323239,-19.010010431453807,27.91851840775977,4.482442280738558,0.23084588876184348,0.43528739241529935,0.19103580935149794,0.42864113335116605,0.039810079410345534,0.0066462590641332975,51.753103233449195,8.640136783373286,1.1499508378781063,0.14995083787810626
4,Sputnik_spec_webcolor.csv,0,4,145.0,123.0,86.0,0.08993145670884875,0.09196347197230033,0.08003176606385787,0.44090913129855763,0.43490431226101234,0.7251994380937308,0.190651428800318,0.190123853494397,0.31648080774695747,53.108564332032245,12.063966614455532,38.612259580452466,72.03842963147454,-1.79874621519448,0.3762430292323239,-18.929865299442298,13.862712829650013,38.23601655122014,0.21043011447625312,0.4841658352559151,0.19103580935149794,0.42864113335116605,0.01939430512475518,0.05552470190474906,25.21259666218173,72.18211247617378,1.3965262690218336,0.39652626902183363
4,Sputnik_spec_webcolor.csv,0,5,88.0,134.0,90.0,0.07095130693894423,0.09090628223077708,0.08752730387865369,0.44090913129855763,0.43490431226101234,0.7251994380937308,0.190651428800318,0.190123853494397,0.31648080774695747,52.84272461391345,-17.675157631429055,36.98826728223411,72.03842963147454,-1.79874621519448,0.3762430292323239,-19.195705017561096,-15.876411416234575,36.612024253001785,0.1672268204814018,0.482083145314279,0.19103580935149794,0.42864113335116605,-0.023808988870096137,0.053442011963112934,-30.95168553112498,69.47461555204681,1.4283014810844215,0.42830148108442145
4,Sputnik_spec_webcolor.csv,0,7,78.0,131.0,143.0,0.09124805386068738,0.09168300021154414,0.22510032931916876,0.44090913129855763,0.43490431226101234,0.7251994380937308,0.190651428800318,0.190123853494397,0.31648080774695747,53.038236629707754,-15.542833696744092,-29.63434007476187,72.03842963147454,-1.79874621519448,0.3762430292323239,-19.00019300176679,-13.744087481549611,-30.010583103994193,0.17041424514943151,0.3852597329951151,0.19103580935149794,0.42864113335116605,-0.020621564202066428,-0.043381400356050925,-26.808033462686357,-56.395820462866205,1.1601656636873785,0.1601656636873785
4,Sputnik_spec_webcolor.csv,0,8,147.0,116.0,140.0,0.11198341119121868,0.09069912842468626,0.21581425732475434,0.44090913129855763,0.43490431226101234,0.7251994380937308,0.190651428800318,0.190123853494397,0.31648080774695747,52.790392775340536,12.587379207519827,-29.633446199825364,72.03842963147454,-1.79874621519448,0.3762430292323239,-19.248036856134007,14.386125422714308,-30.009689229057688,0.21129811535670182,0.3850592517921314,0.19103580935149794,0.42864113335116605,0.020262306005203873,-0.04358188155903464,26.340997806765035,-56.65644602674503,1.1769518015683138,0.1769518015683138
4,Sputnik_spec_webcolor.csv,0,9,217.0,158.0,159.0,0.2059508235932624,0.17765212533289063,0.2850944744590748,0.44090913129855763,0.43490431226101234,0.7251994380937308,0.190651428800318,0.190123853494397,0.31648080774695747,70.0696863686407,25.631447670508965,0.7926501372529602,72.03842963147454,-1.79874621519448,0.3762430292323239,-1.96874326283384,27.430193885703446,0.4164071080206363,0.22109493526114385,0.42910955656513977,0.19103580935149794,0.42864113335116605,0.030059125909645906,0.0004684232139737232,39.07686368253968,0.6089501781658402,0.8623532920615389,-0.13764670793846112
4,Sputnik_spec_webcolor.csv,0,10,193.0,168.0,132.0,0.17767638480249953,0.1788763375553728,0.19861984911453415,0.44090913129855763,0.43490431226101234,0.7251994380937308,0.190651428800318,0.190123853494397,0.31648080774695747,70.26693788409973,11.552592390379965,34.248414321928074,72.03842963147454,-1.79874621519448,0.3762430292323239,-1.7714917473748102,13.351338605574446,33.87217129269575,0.2056034502865626,0.4657320244781059,0.19103580935149794,0.42864113335116605,0.014567640935064657,0.03709089112693986,18.937933215584053,48.21815846502182,0.9515260927468915,-0.04847390725310852
4,Sputnik_spec_webcolor.csv,0,11,135.0,179.0,137.0,0.15013430015259008,0.17567579545097073,0.21359020097931877,0.44090913129855763,0.43490431226101234,0.7251994380937308,0.190651428800318,0.190123853494397,0.31648080774695747,69.74932844122841,-16.022582834930713,30.149211045386476,72.03842963147454,-1.79874621519448,0.3762430292323239,-2.2891011902461287,-14.223836619736232,29.772968016154152,0.17528600920769494,0.46148944912857526,0.19103580935149794,0.42864113335116605,-0.015749800143803006,0.03284831577740921,-20.474740186943908,42.70281051063197,0.8941445285396423,-0.10585547146035768
4,Sputnik_spec_webcolor.csv,0,12,79.0,184.0,166.0,0.14923338232053698,0.17725387618400862,0.31133986052561247,0.44090913129855763,0.43490431226101234,0.7251994380937308,0.190651428800318,0.190123853494397,0.31648080774695747,70.00532308058577,-30.429562671792926,-1.7542106888173539,72.03842963147454,-1.79874621519448,0.3762430292323239,-2.0331065508887747,-28.630816456598446,-2.1304537180496776,0.1595199843797695,0.426311821262861,0.19103580935149794,0.42864113335116605,-0.031515824971728446,-0.0023293120883050578,-40.97057246324698,-3.028105714796575,0.9049377246371093,-0.09506227536289069
4,Sputnik_spec_webcolor.csv,0,13,127.0,176.0,191.0,0.17946077366600716,0.17753341881537574,0.4100041710545599,0.44090913129855763,0.43490431226101234,0.7251994380937308,0.190651428800318,0.190123853494397,0.31648080774695747,70.05051161119447,-15.198374687616083,-32.69064466528265,72.03842963147454,-1.79874621519448,0.3762430292323239,-1.9879180202800768,-13.399628472421602,-33.066887694514975,0.17626705397196937,0.3923414971028428,0.19103580935149794,0.42864113335116605,-0.01476875537952857,-0.036299636248323275,-19.199381993387142,-47.18952712282026,0.9375384124618342,-0.062461587538165775
4,Sputnik_spec_webcolor.csv,0,14,194.0,162.0,188.0,0.21021839850285218,0.17823776112665932,0.3974298729534808,0.44090913129855763,0.43490431226101234,0.7251994380937308,0.190651428800318,0.190123853494397,0.31648080774695747,70.16415977175737,12.166440098657523,-31.641195161679452,72.03842963147454,-1.79874621519448,0.3762430292323239,-1.8742698597171739,13.965186313852003,-32.017438190911776,0.2062949554951908,0.3935501856039848,0.19103580935149794,0.42864113335116605,0.015259146143692864,-0.035090947747181245,19.836889986800724,-45.61823207133562,0.932593172882097,-0.06740682711790302
4,Sputnik_spec_webcolor.csv,0,15,254.0,191.0,194.0,0.30078504086702545,0.26300199106977723,0.4294282295423583,0.44090913129855763,0.43490431226101234,0.7251994380937308,0.190651428800318,0.190123853494397,0.31648080774695747,82.09490028255192,26.09209377194059,-0.5595360938151522,72.03842963147454,-1.79874621519448,0.3762430292323239,10.056470651077376,27.89083998713507,-0.9357791230474761,0.2174048628321692,0.4277150923585256,0.19103580935149794,0.42864113335116605,0.026369053480671256,-0.0009260409926404312,34.279769524872634,-1.2038532904325605,0.7572852009727017,-0.2427147990272983
4,Sputnik_spec_webcolor.csv,0,16,229.0,200.0,167.0,0.26147141808584906,0.2589191010539986,0.3212129238333542,0.44090913129855763,0.43490431226101234,0.7251994380937308,0.190651428800318,0.190123853494397,0.31648080774695747,81.58463635853234,12.474757956449587,29.570598130862756,72.03842963147454,-1.79874621519448,0.3762430292323239,9.546206727057793,14.273504171644067,29.194355101630432,0.20471850042275422,0.4561203805559059,0.19103580935149794,0.42864113335116605,0.013682691071256275,0.027479247204739876,17.787498392633157,35.72302136616184,0.7438526673175849,-0.2561473326824151
4,Sputnik_spec_webcolor.csv,0,17,169.0,212.0,172.0,0.22777184605483683,0.25793170194917986,0.33894211535694413,0.44090913129855763,0.43490431226101234,0.7251994380937308,0.190651428800318,0.190123853494397,0.31648080774695747,81.46043060343472,-15.658308687980501,27.24343996909062,72.03842963147454,-1.79874621519448,0.3762430292323239,9.422000971960173,-13.85956247278602,26.867196939858296,0.1781703821757821,0.45396535652637415,0.19103580935149794,0.42864113335116605,-0.012865427175715843,0.025324223175208105,-16.725055328430596,32.92149012777054,0.700360477076396,-0.29963952292360396
4,Sputnik_spec_webcolor.csv,0,18,120.0,216.0,202.0,0.225334695345113,0.2563252925226504,0.45932375933910013,0.44090913129855763,0.43490431226101234,0.7251994380937308,0.190651428800318,0.190123853494397,0.31648080774695747,81.25767989322281,-29.068819079485415,-5.07990071726785,72.03842963147454,-1.79874621519448,0.3762430292323239,9.219250261748272,-27.270072864290935,-5.456143746500174,0.16543834719705042,0.423430459824667,0.19103580935149794,0.42864113335116605,-0.025597462154447526,-0.005210673526499066,-33.27670080078178,-6.773875584448785,0.7422664073073544,-0.2577335926926456
4,Sputnik_spec_webcolor.csv,0,19,161.0,209.0,228.0,0.26352674545014315,0.25989323400316283,0.5809539807975237,0.44090913129855763,0.43490431226101234,0.7251994380937308,0.190651428800318,0.190123853494397,0.31648080774695747,81.70686429552438,-15.337129234654656,-34.11059810395182,72.03842963147454,-1.79874621519448,0.3762430292323239,9.66843466404984,-13.538383019460175,-34.48684113318415,0.17851735320406065,0.3961258937264038,0.19103580935149794,0.42864113335116605,-0.012518456147437296,-0.03251523962476227,-16.273992991668486,-42.269811512190955,0.8311072592889251,-0.16889274071107485
4,Sputnik_spec_webcolor.csv,0,20,229.0,195.0,224.0,0.3008123847611361,0.2602887863292375,0.5629819874327588,0.44090913129855763,0.43490431226101234,0.7251994380937308,0.190651428800318,0.190123853494397,0.31648080774695747,81.75640846944079,11.891578967242745,-32.725248583813745,72.03842963147454,-1.79874621519448,0.3762430292323239,9.717978837966243,13.690325182437226,-33.10149161304607,0.20414508601944578,0.3974488038910522,0.19103580935149794,0.42864113335116605,0.013109276667947839,-0.031192329460113855,17.04205966833219,-40.550028298148014,0.8227359232416985,-0.17726407675830147
5,Sputnik_spec.csv,0,3,167.0,113.0,112.0,0.10203916271147925,0.08612414673016958,0.1281279736773257,0.4247351192503777,0.4174159483613758,0.717332743669857,0.18028812818212622,0.18090876651693008,0.2988688105169307,52.54513254023212,25.472761001569687,7.384567147143386,71.78524265910575,-1.8483343031036574,4.1719604156077565,-19.24011011887363,27.321095304673346,3.2126067315356295,0.22952259367972666,0.43587906127448695,0.19025130068796603,0.42953903335830335,0.03927129299176063,0.006340027916183599,51.05268088928882,8.24203629103868,1.1338112427507068,0.13381124275070677
5,Sputnik_spec.csv,0,4,145.0,123.0,86.0,0.08454378313656512,0.08708090237286724,0.07457688770102093,0.4247351192503777,0.4174159483613758,0.717332743669857,0.18028812818212622,0.18090876651693008,0.2988688105169307,52.798021676509435,11.826812487485734,41.433667173236365,71.78524265910575,-1.8483343031036574,4.1719604156077565,-18.987220982596313,13.675146790589391,37.26170675762861,0.20946277479401942,0.4854344722134012,0.19025130068796603,0.42953903335830335,0.019211474106053394,0.055895438855097845,24.974916337869413,72.6640705116272,1.4024507548809806,0.4024507548809806
5,Sputnik_spec.csv,0,5,88.0,134.0,90.0,0.066202079926067,0.08605787122919828,0.08162778456313029,0.4247351192503777,0.4174159483613758,0.717332743669857,0.18028812818212622,0.18090876651693008,0.2988688105169307,52.52754541371846,-18.38837822770572,39.89034600104736,71.78524265910575,-1.8483343031036574,4.1719604156077565,-19.25769724538729,-16.54004392460206,35.718385585439606,0.16530337451419705,0.48348521980817827,0.19025130068796603,0.42953903335830335,-0.02494792617376898,0.05394618644987492,-32.432304025899676,70.1300423848374,1.454905893021657,0.45490589302165696
5,Sputnik_spec.csv,0,7,78.0,131.0,143.0,0.08615148187749504,0.087214733659431,0.21367131196291778,0.4247351192503777,0.4174159483613758,0.717332743669857,0.18028812818212622,0.18090876651693008,0.2988688105169307,52.83324798036605,-15.745320945990104,-27.07866157969676,71.78524265910575,-1.8483343031036574,4.1719604156077565,-18.951994678739695,-13.896986642886446,-31.250621995304517,0.16930737263148765,0.3856430377038431,0.19025130068796603,0.42953903335830335,-0.020943928056478378,-0.04389599565446023,-27.22710647342189,-57.064794350798294,1.1750327423431948,0.17503274234319477
5,Sputnik_spec.csv,0,8,147.0,116.0,140.0,0.10468327997959079,0.08575346642215699,0.20111560773335546,0.4247351192503777,0.4174159483613758,0.717332743669857,0.18028812818212622,0.18090876651693008,0.2988688105169307,52.446651173884135,12.088194169804895,-25.963990993056434,71.78524265910575,-1.8483343031036574,4.1719604156077565,-19.338591485221613,13.936528472908552,-30.13595140866419,0.20996158063184256,0.38698730165766176,0.19025130068796603,0.42953903335830335,0.01971027994387653,-0.04255173170064158,25.623363927039488,-55.31725121083406,1.1480657423836398,0.1480657423836398
5,Sputnik_spec.csv,0,9,217.0,158.0,159.0,0.19509530299872546,0.16961334251128776,0.26767072052385266,0.4247351192503777,0.4174159483613758,0.717332743669857,0.18028812818212622,0.18090876651693008,0.2988688105169307,69.91882201725004,25.51511142995619,5.336388600626157,71.78524265910575,-1.8483343031036574,4.1719604156077565,-1.8664206418557114,27.363445733059848,1.1644281850184006,0.22030306219073442,0.430939447956597,0.19025130068796603,0.42953903335830335,0.030051761502768393,0.0014004145982936533,39.06728995359891,1.8205389777817493,0.8623049698333991,-0.1376950301666009
5,Sputnik_spec.csv,0,10,193.0,168.0,132.0,0.16809788942726953,0.16964426465373675,0.18775614183004008,0.4247351192503777,0.4174159483613758,0.717332743669857,0.18028812818212622,0.18090876651693008,0.2988688105169307,69.92404297565157,11.829804308045643,37.25395949410525,71.78524265910575,-1.8483343031036574,4.1719604156077565,-1.8611996834541742,13.6781386111493,33.081999078497496,0.20524583085954,0.4660513637506014,0.19025130068796603,0.42953903335830335,0.014994530171573983,0.036512330392298065,19.492889223046177,47.466029509987486,0.9447808781089021,-0.0552191218910979
5,Sputnik_spec.csv,0,11,135.0,179.0,137.0,0.14167593146072055,0.16689811375829755,0.20238228697527574,0.4247351192503777,0.4174159483613758,0.717332743669857,0.18028812818212622,0.18090876651693008,0.2988688105169307,69.4578808722187,-16.23920786356308,33.21496821959454,71.78524265910575,-1.8483343031036574,4.1719604156077565,-2.327361786887053,-14.390873560459424,29.043007803986782,0.1742473586136719,0.461853323675611,0.19025130068796603,0.42953903335830335,-0.01600394207429412,0.03231429031730765,-20.805124696582354,42.00857741249994,0.8873155658683419,-0.11268443413165807
5,Sputnik_spec.csv,0,12,79.0,184.0,166.0,0.14108200137263072,0.16871014274099033,0.29384652342486034,0.4247351192503777,0.4174159483613758,0.717332743669857,0.18028812818212622,0.18090876651693008,0.2988688105169307,69.76604312862783,-30.30397770393865,2.0436626103076314,71.78524265910575,-1.8483343031036574,4.1719604156077565,-2.01919953047792,-28.45564340083499,-2.128297805300125,0.15881917665494272,0.4273217903859767,0.19025130068796603,0.42953903335830335,-0.03143212403302331,-0.0022172429723266718,-40.86176124293031,-2.882415864024673,0.9024338888695171,-0.09756611113048286
5,Sputnik_spec.csv,0,13,127.0,176.0,191.0,0.17146367746091568,0.17089109710824915,0.39243699332673665,0.4247351192503777,0.4174159483613758,0.717332743669857,0.18028812818212622,0.18090876651693008,0.2988688105169307,70.13403433148281,-15.424416393566448,-29.110380019800246,71.78524265910575,-1.8483343031036574,4.1719604156077565,-1.651208327622939,-13.57608209046279,-33.282340435408,0.17531440964076925,0.3931401831198726,0.19025130068796603,0.42953903335830335,-0.014936891047196782,-0.03639885023843076,-19.417958361355815,-47.31850530995999,0.9417053737750645,-0.05829462622493553
5,Sputnik_spec.csv,0,14,194.0,162.0,188.0,0.20039924286547656,0.1697487004853657,0.38292861497462627,0.4247351192503777,0.4174159483613758,0.717332743669857,0.18028812818212622,0.18090876651693008,0.2988688105169307,69.94167144879982,12.31809051977101,-29.895588401969494,71.78524265910575,-1.8483343031036574,4.1719604156077565,-1.8435712103059245,14.166424822874667,-34.06754881757725,0.2057795765043484,0.3921887837338445,0.19025130068796603,0.42953903335830335,0.015528275816382359,-0.03735024962445882,20.186758561297065,-48.555324511796464,0.9828754157871766,-0.01712458421282337
5,Sputnik_spec.csv,0,15,254.0,191.0,194.0,0.28997438256560326,0.25469267231720716,0.41131276478161133,0.4247351192503777,0.4174159483613758,0.717332743669857,0.18028812818212622,0.18090876651693008,0.2988688105169307,82.38762107881988,26.5644177686493,4.116256517308071,71.78524265910575,-1.8483343031036574,4.1719604156077565,10.602378419714128,28.41275207175296,-0.055703898299685584,0.21703439756101717,0.42891171272998874,0.19025130068796603,0.42953903335830335,0.026783096873051138,-0.0006273206283146093,34.81802593496648,-0.8155168168089921,0.768874843665411,-0.23112515633458897
5,Sputnik_spec.csv,0,16,229.0,200.0,167.0,0.25076836929897833,0.24894548769163147,0.308031713508144,0.4247351192503777,0.4174159483613758,0.717332743669857,0.18028812818212622,0.18090876651693008,0.2988688105169307,81.64193920094421,12.841995156306231,33.2580758476169,71.78524265910575,-1.8483343031036574,4.1719604156077565,9.85669654183846,14.690329459409888,29.086115432009144,0.20433165892385607,0.45640425227327525,0.19025130068796603,0.42953903335830335,0.014080358235890045,0.0268652189149719,18.30446570665706,34.92478458946347,0.7377805437654366,-0.26221945623456344
5,Sputnik_spec.csv,0,17,169.0,212.0,172.0,0.2181968300668992,0.24798475339232084,0.3229504362903084,0.4247351192503777,0.4174159483613758,0.717332743669857,0.18028812818212622,0.18090876651693008,0.2988688105169307,81.51617017502251,-15.217027603649234,31.558912063545993,71.78524265910575,-1.8483343031036574,4.1719604156077565,9.730927515916761,-13.368693300545576,27.386951647938236,0.17787231239532725,0.45484917631523053,0.19025130068796603,0.42953903335830335,-0.012378988292638782,0.025310142956927184,-16.092684780430417,32.90318584400534,0.6926149087229374,-0.3073850912770626
5,Sputnik_spec.csv,0,18,120.0,216.0,202.0,0.21847309802918274,0.24924482343205487,0.44941029585433967,0.4247351192503777,0.4174159483613758,0.717332743669857,0.18028812818212622,0.18090876651693008,0.2988688105169307,81.68105889690911,-29.215481617812063,-2.3907176079449455,71.78524265910575,-1.8483343031036574,4.1719604156077565,9.89581623780336,-27.367147314708404,-6.562678023552702,0.16471826626324823,0.4228170196359847,0.19025130068796603,0.42953903335830335,-0.0255330344247178,-0.0067220137223186205,-33.19294475213314,-8.738617839014207,0.746385425618423,-0.253614574381577
5,Sputnik_spec.csv,0,19,161.0,209.0,228.0,0.25507137045316547,0.2524987985712419,0.5646300253858239,0.4247351192503777,0.4174159483613758,0.717332743669857,0.18028812818212622,0.18090876651693008,0.2988688105169307,82.10430869379228,-15.339652253855517,-30.86684451410382,71.78524265910575,-1.8483343031036574,4.1719604156077565,10.319066034686529,-13.49131795075186,-35.038804929711574,0.1778602883686206,0.39614949868875615,0.19025130068796603,0.42953903335830335,-0.012391012319345418,-0.033389534669547194,-16.108316015149043,-43.40639507041135,0.8480007142329598,-0.15199928576704025
5,Sputnik_spec.csv,0,20,229.0,195.0,224.0,0.2897557936362741,0.25228820239587213,0.5479682990449185,0.4247351192503777,0.4174159483613758,0.717332743669857,0.18028812818212622,0.18090876651693008,0.2988688105169307,82.07702653258426,11.16718769904981,-29.84567032041372,71.78524265910575,-1.8483343031036574,4.1719604156077565,10.291783873478508,13.015522002153467,-34.017630736021474,0.20269787917220122,0.3970969366276338,0.19025130068796603,0.42953903335830335,0.012446578484235193,-0.032442096730669556,16.18055202950575,-42.174725749870426,0.840123185244082,-0.15987681475591797
5,Sputnik_spec.csv,1,3,167.0,113.0,112.0,0.10173401680132006,0.08586520879392463,0.12790270979860016,0.424273334562492,0.4164616024876892,0.7181373665629577,0.17950686523890175,0.1802363468209894,0.2989016601726482,52.52863437428988,25.383769083547758,7.559390235084479,71.74326536797341,-2.1687662675421144,4.16995685761671,-19.214630993683528,27.552535351089873,3.3894333774677685,0.22946397547674785,0.435760709791058,0.18996656447057145,0.4291617426089496,0.0394974110061764,0.006598967182108395,51.34663430802932,8.578657336740914,1.1409324542618735,0.1409324542618735
5,Sputnik_spec.csv,1,4,145.0,123.0,86.0,0.08428464603358886,0.0868431871612485,0.07474374844332292,0.424273334562492,0.4164616024876892,0.7181373665629577,0.17950686523890175,0.1802363468209894,0.2989016601726482,52.787826181498744,11.63844535918722,41.46098214695427,71.74326536797341,-2.1687662675421144,4.16995685761671,-18.955439186474663,13.807211626729334,37.29102528933756,0.2092516014289325,0.4851081768053488,0.18996656447057145,0.4291617426089496,0.019285036958361063,0.055946434196399164,25.07054804586938,72.73036445531892,1.404336672446177,0.404336672446177
5,Sputnik_spec.csv,1,5,88.0,134.0,90.0,0.06612558653504495,0.08593667741365882,0.08180207848761924,0.424273334562492,0.4164616024876892,0.7181373665629577,0.17950686523890175,0.1802363468209894,0.2989016601726482,52.547642028962,-18.470219895150358,39.98114940667459,71.74326536797341,-2.1687662675421144,4.16995685761671,-19.195623339011405,-16.301453627608243,35.81119254905788,0.16525385698201303,0.4832180449609247,0.18996656447057145,0.4291617426089496,-0.024712707488558416,0.05405630235197506,-32.12651973512594,70.27319305756758,1.453728374461361,0.45372837446136094
5,Sputnik_spec.csv,1,7,78.0,131.0,143.0,0.08588462959282434,0.08694207318973401,0.21359712524380553,0.424273334562492,0.4164616024876892,0.7181373665629577,0.17950686523890175,0.1802363468209894,0.2989016601726482,52.8139252342186,-15.879502943219052,-27.041984405007703,71.74326536797341,-2.1687662675421144,4.16995685761671,-18.929340133754806,-13.710736675676937,-31.211941262624414,0.1691635398728941,0.38530427507668985,0.18996656447057145,0.4291617426089496,-0.020803024597677355,-0.043857467532259775,-27.043931976980563,-57.01470779193771,1.1722614406391765,0.17226144063917648
5,Sputnik_spec.csv,1,8,147.0,116.0,140.0,0.10440046415736162,0.08552480490820778,0.20107284541130252,0.424273334562492,0.4164616024876892,0.7181373665629577,0.17950686523890175,0.1802363468209894,0.2989016601726482,52.437956173688576,11.93406125991799,-25.897904357723405,71.74326536797341,-2.1687662675421144,4.16995685761671,-19.30530919428483,14.102827527460104,-30.067861215340116,0.20979840707712127,0.38670017375235266,0.18996656447057145,0.4291617426089496,0.019831842606549827,-0.042461568856596965,25.781395388514774,-55.20003951357605,1.1480200273112826,0.1480200273112826
5,Sputnik_spec.csv,1,9,217.0,158.0,159.0,0.19435958155710664,0.16902134531192123,0.2679546144309608,0.424273334562492,0.4164616024876892,0.7181373665629577,0.17950686523890175,0.1802363468209894,0.2989016601726482,69.88424825673061,25.187764478670932,5.278112846563881,71.74326536797341,-2.1687662675421144,4.16995685761671,-1.8590171112427925,27.356530746213046,1.1081559889471713,0.22001662162369065,0.43050044885752575,0.18996656447057145,0.4291617426089496,0.030050057153119203,0.001338706248576127,39.06507429905496,1.740318123148965,0.8622284823282959,-0.13777151767170415
5,Sputnik_spec.csv,1,10,193.0,168.0,132.0,0.1676136273005638,0.16925809181075335,0.18785437299652682,0.424273334562492,0.4164616024876892,0.7181373665629577,0.17950686523890175,0.1802363468209894,0.2989016601726482,69.92432861681505,11.578166233308902,37.406370101452055,71.74326536797341,-2.1687662675421144,4.16995685761671,-1.8189367511583612,13.746932500851017,33.236413243835344,0.20502894266112792,0.4658411034908426,0.18996656447057145,0.4291617426089496,0.015062378190556475,0.036679360881893,19.58109164772342,47.6831691464609,0.9490934904282612,-0.05090650957173881
5,Sputnik_spec.csv,1,11,135.0,179.0,137.0,0.14148721920954796,0.16662764407868533,0.20246449845226472,0.424273334562492,0.4164616024876892,0.7181373665629577,0.17950686523890175,0.1802363468209894,0.2989016601726482,69.47688466201683,-16.31396402886545,33.401968789748516,71.74326536797341,-2.1687662675421144,4.16995685761671,-2.2663807059565784,-14.145197761323335,29.232011932131805,0.17422949928256087,0.46167254613151465,0.18996656447057145,0.4291617426089496,-0.015737065188010574,0.032510803522565024,-20.458184744413746,42.26404457933453,0.8871914244390077,-0.11280857556099233
5,Sputnik_spec.csv,1,12,79.0,184.0,166.0,0.14107471789363288,0.16858356053910273,0.2939499329084475,0.424273334562492,0.4164616024876892,0.7181373665629577,0.17950686523890175,0.1802363468209894,0.2989016601726482,69.81003411020693,-30.320212745836688,2.2709220106409775,71.74326536797341,-2.1687662675421144,4.16995685761671,-1.9332312577664794,-28.151446478294574,-1.8990348469757325,0.15888233210823016,0.4271930273569853,0.18996656447057145,0.4291617426089496,-0.031084232362341285,-0.001968715251964348,-40.40950207104367,-2.5593298275536522,0.8922554508855717,-0.10774454911442832
5,Sputnik_spec.csv,1,13,127.0,176.0,191.0,0.17122259381969204,0.1704233228392084,0.392687829496416,0.424273334562492,0.4164616024876892,0.7181373665629577,0.17950686523890175,0.1802363468209894,0.2989016601726482,70.12105542230451,-15.435140831498682,-29.14633515760081,71.74326536797341,-2.1687662675421144,4.16995685761671,-1.6222099456688994,-13.266374563956568,-33.31629201521752,0.1753595031510313,0.3927170722123311,0.18996656447057145,0.4291617426089496,-0.014607061319540149,-0.03644467039661853,-18.989179715402194,-47.378071515604084,0.9385401063641209,-0.061459893635879115
5,Sputnik_spec.csv,1,14,194.0,162.0,188.0,0.20051916191492072,0.16994658710870175,0.3833687494415787,0.424273334562492,0.4164616024876892,0.7181373665629577,0.17950686523890175,0.1802363468209894,0.2989016601726482,70.04067650283665,12.181085973824295,-29.581813573227958,71.74326536797341,-2.1687662675421144,4.16995685761671,-1.7025888651367609,14.34985224136641,-33.751770430844665,0.20566994896590288,0.39220210935708183,0.18996656447057145,0.4291617426089496,0.01570338449533143,-0.036959633251867796,20.41439984393086,-48.04752322742814,0.977174746197692,-0.022825253802308043
5,Sputnik_spec.csv,1,15,254.0,191.0,194.0,0.28941279731131947,0.2539959521058442,0.41078368098027324,0.424273334562492,0.4164616024876892,0.7181373665629577,0.17950686523890175,0.1802363468209894,0.2989016601726482,82.37285272527177,26.5934718099235,4.346037994883766,71.74326536797341,-2.1687662675421144,4.16995685761671,10.629587357298362,28.762238077465614,0.17608113726705632,0.21712596571690007,0.4287492226618545,0.18996656447057145,0.4291617426089496,0.027159401246328624,-0.00041251994709512463,35.30722162022721,-0.536275931223662,0.7795045031358039,-0.22049549686419612
5,Sputnik_spec.csv,1,16,229.0,200.0,167.0,0.25024234323700745,0.24828699193314566,0.3077554190454727,0.424273334562492,0.4164616024876892,0.7181373665629577,0.17950686523890175,0.1802363468209894,0.2989016601726482,81.63023235276825,12.817880778914795,33.48085417545993,71.74326536797341,-2.1687662675421144,4.16995685761671,9.886966984794839,14.986647046456909,29.31089731784322,0.20437065992081402,0.4562409199146278,0.18996656447057145,0.4291617426089496,0.014404095450242571,0.02707917730567816,18.725324085315343,35.20293049738161,0.7469078252157839,-0.2530921747842161
5,Sputnik_spec.csv,1,17,169.0,212.0,172.0,0.21744857409678542,0.2473193761137244,0.32287893736623324,0.424273334562492,0.4164616024876892,0.7181373665629577,0.17950686523890175,0.1802363468209894,0.2989016601726482,81.50324013992329,-15.504652583688102,31.735405891230076,71.74326536797341,-2.1687662675421144,4.16995685761671,9.759974771949885,-13.335886316145988,27.565449033613366,0.17765856231453325,0.45464271814449003,0.18996656447057145,0.4291617426089496,-0.012308002156038195,0.025480975535540407,-16.000402802849653,33.125268196202526,0.6949594968544522,-0.30504050314554776
5,Sputnik_spec.csv,1,18,120.0,216.0,202.0,0.21827704001405598,0.24914607879798334,0.44977944729644814,0.424273334562492,0.4164616024876892,0.7181373665629577,0.17950686523890175,0.1802363468209894,0.2989016601726482,81.74270475171564,-29.439575629024308,-2.120860355398753,71.74326536797341,-2.1687662675421144,4.16995685761671,9.999439383742228,-27.270809361482193,-6.290817213015464,0.16458812391054453,0.42269490549428995,0.18996656447057145,0.4291617426089496,-0.025378440560026916,-0.006466837114659674,-32.99197272803499,-8.406888249057577,0.7409251347833619,-0.25907486521663814
5,Sputnik_spec.csv,1,19,161.0,209.0,228.0,0.25469544810966444,0.2521733425868916,0.5661689163154591,0.424273334562492,0.4164616024876892,0.7181373665629577,0.17950686523890175,0.1802363468209894,0.2989016601726482,82.13698823855101,-15.668514517386917,-30.973772476924527,71.74326536797341,-2.1687662675421144,4.16995685761671,10.393722870577605,-13.499748249844803,-35.143729334541234,0.1776180092660062,0.39568310593499006,0.18996656447057145,0.4291617426089496,-0.012348555204565237,-0.03347863667395956,-16.053121765934808,-43.52222767614743,0.8493924992175512,-0.15060750078244878
5,Sputnik_spec.csv,1,20,229.0,195.0,224.0,0.2888030776849717,0.25152097180006666,0.548410493837853,0.424273334562492,0.4164616024876892,0.7181373665629577,0.17950686523890175,0.1802363468209894,0.2989016601726482,82.05228857525675,10.8093882722457,-29.897936093733755,71.74326536797341,-2.1687662675421144,4.16995685761671,10.309023207283346,12.978154539787814,-34.067892951350466,0.20242559127981422,0.3966617466443315,0.18996656447057145,0.4291617426089496,0.012459026809242768,-0.03249999596461811,16.1967348520156,-42.249994754003545,0.8414990390211673,-0.1585009609788327
5,Sputnik_spec.csv,2,3,167.0,113.0,112.0,0.10154232258561462,0.0857008210686002,0.1280866124281394,0.4232144029926838,0.4158958171901596,0.7178335675744709,0.1794242334546204,0.1801275705998368,0.29897794452862575,52.51591563974608,25.440640315825508,7.3914245894252275,71.76537287221812,-1.9458997718737776,4.155818728896138,-19.24945723247204,27.386540087699284,3.2356058605290894,0.22930388469631063,0.43544350826011424,0.18995376850950998,0.4290713574498852,0.03935011618680065,0.006372150810229016,51.15515104284084,8.28379605329772,1.136137750669705,0.13613775066970502
5,Sputnik_spec.csv,2,4,145.0,123.0,86.0,0.08400897259094893,0.08655002518701914,0.07467779172643041,0.4232144029926838,0.4158958171901596,0.7178335675744709,0.1794242334546204,0.1801275705998368,0.29897794452862575,52.74147889372338,11.76566567646499,41.35761690463577,71.76537287221812,-1.9458997718737776,4.155818728896138,-19.02389397849474,13.711565448338767,37.20179817573963,0.20919965894970705,0.4849366583566379,0.18995376850950998,0.4290713574498852,0.01924589044019706,0.05586530090675268,25.01965757225618,72.62489117877848,1.4021789999650969,0.4021789999650969
5,Sputnik_spec.csv,2,5,88.0,134.0,90.0,0.06574147584849072,0.08547584598939119,0.08146207537015114,0.4232144029926838,0.4158958171901596,0.7178335675744709,0.1794242334546204,0.1801275705998368,0.29897794452862575,52.45590889666292,-18.335281315099135,39.90657371041571,71.76537287221812,-1.9458997718737776,4.155818728896138,-19.309463975555204,-16.38938154322536,35.75075498151957,0.16515205615109188,0.4831371816949212,0.18995376850950998,0.4290713574498852,-0.024801712358418104,0.054065824245035976,-32.242226065943534,70.28557151854677,1.455207777121548,0.4552077771215479
5,Sputnik_spec.csv,2,7,78.0,131.0,143.0,0.08554377104382117,0.08650865622239391,0.21307855221807245,0.4232144029926838,0.4158958171901596,0.7178335675744709,0.1794242334546204,0.1801275705998368,0.29897794452862575,52.7305248548775,-15.662031647791093,-27.174068021977167,71.76537287221812,-1.9458997718737776,4.155818728896138,-19.03484801734062,-13.716131875917315,-31.329886750873307,0.16919180952940813,0.38497544347366497,0.18995376850950998,0.4290713574498852,-0.020761958980101858,-0.04409591397622026,-26.990546674132414,-57.324688169086336,1.1764567443533376,0.17645674435333758
5,Sputnik_spec.csv,2,8,147.0,116.0,140.0,0.1039271219809527,0.08509369690653953,0.20071969442149207,0.4232144029926838,0.4158958171901596,0.7178335675744709,0.1794242334546204,0.1801275705998368,0.29897794452862575,52.353737942547966,12.012828596376158,-26.0760885565503,71.76537287221812,-1.9458997718737776,4.155818728896138,-19.411634929670157,13.958728368249936,-30.23190728544644,0.2096899051602127,0.3863034019550969,0.18995376850950998,0.4290713574498852,0.0197361366507027,-0.042767955494788346,25.65697764591351,-55.59834214322485,1.152818408262139,0.1528184082621391
5,Sputnik_spec.csv,2,9,217.0,158.0,159.0,0.19403601489784333,0.16865336684532478,0.26762006858670984,0.4232144029926838,0.4158958171901596,0.7178335675744709,0.1794242334546204,0.1801275705998368,0.29897794452862575,69.860776186355,25.46316358637541,5.249619582690439,71.76537287221812,-1.9458997718737776,4.155818728896138,-1.904596685863126,27.409063358249185,1.093800853794301,0.2200767801935606,0.4303971735259742,0.18995376850950998,0.4290713574498852,0.030123011684050627,0.0013258160760889481,39.15991518926582,1.7235608989156326,0.8643149412114663,-0.13568505878853365
5,Sputnik_spec.csv,2,10,193.0,168.0,132.0,0.16713386083595383,0.1686863757539321,0.18757460030046685,0.4232144029926838,0.4158958171901596,0.7178335675744709,0.1794242334546204,0.1801275705998368,0.29897794452862575,69.8663773901446,11.828363160352142,37.293112474566044,71.76537287221812,-1.9458997718737776,4.155818728896138,-1.8989954820735164,13.77426293222592,33.13729374566991,0.2050625790340714,0.4656766854169602,0.18995376850950998,0.4290713574498852,0.015108810524561422,0.036605327967074996,19.64145368192985,47.5869263571975,0.9481488060680673,-0.051851193931932715
5,Sputnik_spec.csv,2,11,135.0,179.0,137.0,0.1410170786623923,0.16610143916067474,0.20211460907217102,0.4232144029926838,0.4158958171901596,0.7178335675744709,0.1794242334546204,0.1801275705998368,0.29897794452862575,69.42551456958702,-16.141139802939865,33.335202869133624,71.76537287221812,-1.9458997718737776,4.155818728896138,-2.3398583026311,-14.195240031066087,29.179384140237488,0.174155226630889,0.4615520802448179,0.18995376850950998,0.4290713574498852,-0.01579854187862098,0.03248072279493269,-20.538104442207274,42.224939633412504,0.8875157241754092,-0.11248427582459075
5,Sputnik_spec.csv,2,12,79.0,184.0,166.0,0.14077718945792086,0.16797268291258727,0.29387135914881973,0.4232144029926838,0.4158958171901596,0.7178335675744709,0.1794242334546204,0.1801275705998368,0.29897794452862575,69.74510925111254,-29.973454666203576,1.9887468888609294,71.76537287221812,-1.9458997718737776,4.155818728896138,-2.0202636211055847,-28.0275548943298,-2.1670718400352085,0.15898128099979197,0.42681028731855414,0.18995376850950998,0.4290713574498852,-0.03097248750971801,-0.002261070131331089,-40.26423376263342,-2.9393911707304152,0.8893091676289095,-0.11069083237109045
5,Sputnik_spec.csv,2,13,127.0,176.0,191.0,0.17041622020168737,0.16991656215609582,0.39149816835903617,0.4232144029926838,0.4158958171901596,0.7178335675744709,0.1794242334546204,0.1801275705998368,0.29897794452862575,70.07460583228085,-15.458258412787405,-29.02637842385149,71.76537287221812,-1.9458997718737776,4.155818728896138,-1.6907670399372705,-13.512358640913627,-33.18219715274763,0.17507050648556932,0.392753704805411,0.18995376850950998,0.4290713574498852,-0.014883262023940663,-0.03631765264447423,-19.348240631122863,-47.2129484378165,0.9393488482722674,-0.06065115172773261
5,Sputnik_spec.csv,2,14,194.0,162.0,188.0,0.20010533176909082,0.16914129293160418,0.3831261230308747,0.4232144029926838,0.4158958171901596,0.7178335675744709,0.1794242334546204,0.1801275705998368,0.29897794452862575,69.94349689252522,12.642570179877962,-29.95608826233047,71.76537287221812,-1.9458997718737776,4.155818728896138,-1.821875979692905,14.58846995175174,-34.11190699122661,0.20594367563281732,0.3916714928795061,0.18995376850950998,0.4290713574498852,0.015989907123307334,-0.03739986457037914,20.786879260299536,-48.61982394149288,0.9901776305081471,-0.00982236949185289
5,Sputnik_spec.csv,2,15,254.0,191.0,194.0,0.2884338699692157,0.25302891088307483,0.41095913442179255,0.4232144029926838,0.4158958171901596,0.7178335675744709,0.1794242334546204,0.1801275705998368,0.29897794452862575,82.29238063222873,26.703115144560527,3.960009762521395,71.76537287221812,-1.9458997718737776,4.155818728896138,10.527007760010605,28.649014916434304,-0.19580896637474332,0.2170003439436289,0.42831849659033067,0.18995376850950998,0.4290713574498852,0.027046575434118925,-0.0007528608595545605,35.1605480643546,-0.9787191174209287,0.7765452323834886,-0.2234547676165114
5,Sputnik_spec.csv,2,16,229.0,200.0,167.0,0.2498159743582124,0.24758868990945931,0.30763723945231725,0.4232144029926838,0.4158958171901596,0.7178335675744709,0.1794242334546204,0.1801275705998368,0.29897794452862575,81.58282926234287,13.207219109980732,33.29024623242962,71.76537287221812,-1.9458997718737776,4.155818728896138,9.817456390124747,15.15311888185451,29.13442750353348,0.20449238277242326,0.45600567727346786,0.18995376850950998,0.4290713574498852,0.01453861426291328,0.02693431982358263,18.900198541787265,35.01461577065742,0.7461985200848978,-0.25380147991510216
5,Sputnik_spec.csv,2,17,169.0,212.0,172.0,0.21700487791406833,0.24687580389772493,0.3226328723453789,0.4232144029926838,0.4158958171901596,0.7178335675744709,0.1794242334546204,0.1801275705998368,0.29897794452862575,81.48908196994316,-15.317531855985498,31.714980444123874,71.76537287221812,-1.9458997718737776,4.155818728896138,9.723709097725035,-13.37163208411172,27.559161715227738,0.1775802598547684,0.454554787506157,0.18995376850950998,0.4290713574498852,-0.012373508654741572,0.025483430056271794,-16.085561251164044,33.12845907315333,0.695993838907293,-0.30400616109270695
5,Sputnik_spec.csv,2,18,120.0,216.0,202.0,0.21777918005986072,0.24850471744702787,0.4498015094617521,0.4232144029926838,0.4158958171901596,0.7178335675744709,0.1794242334546204,0.1801275705998368,0.29897794452862575,81.70302665513312,-29.22480573949468,-2.3469620195010816,71.76537287221812,-1.9458997718737776,4.155818728896138,9.937653782914992,-27.278905967620904,-6.502780748397219,0.16452447892539881,0.4224072088010653,0.18995376850950998,0.4290713574498852,-0.02542928958411117,-0.006664148648819923,-33.05807645934452,-8.663393243465901,0.7432166945298336,-0.25678330547016637
5,Sputnik_spec.csv,2,19,161.0,209.0,228.0,0.25445175165442147,0.25172323247729106,0.5653287972431907,0.4232144029926838,0.4158958171901596,0.7178335675744709,0.1794242334546204,0.1801275705998368,0.29897794452862575,82.12301971675682,-15.263018839279036,-30.942940560966285,71.76537287221812,-1.9458997718737776,4.155818728896138,10.357646844538692,-13.317119067405258,-35.09875928986242,0.17774293748916084,0.39563319799809743,0.18995376850950998,0.4290713574498852,-0.012210831020349144,-0.0334381594517878,-15.874080326453887,-43.46960728732414,0.846959038818686,-0.15304096118131405
5,Sputnik_spec.csv,2,20,229.0,195.0,224.0,0.28874985969255434,0.251217575228502,0.5485900197105632,0.4232144029926838,0.4158958171901596,0.7178335675744709,0.1794242334546204,0.1801275705998368,0.29897794452862575,82.0572730687036,11.193411674599428,-30.030081225096442,71.76537287221812,-1.9458997718737776,4.155818728896138,10.291900196485471,13.139311446473206,-34.18589995399258,0.2025325753993982,0.3964657185956314,0.18995376850950998,0.4290713574498852,0.012578806889888217,-0.03260563885425383,16.35244895685468,-42.38733051052998,0.8452392997461707,-0.15476070025382926
6,Voyager_spec_webcolor.csv,0,3,159.0,99.0,102.0,0.09890913505675704,0.08059405481569948,0.12316697872528759,0.409142633738498,0.4057498142656682,0.6658045422115393,0.17636835318729502,0.17442691706196686,0.29044795507467874,51.681952911709075,29.006599126872903,1.654126644094074,71.54735862721184,-0.15354732301752308,-1.4367111547835365,-19.86540571550276,29.160146449890426,3.090837798877611,0.23587409050214025,0.4324434854212857,0.19253577607518088,0.42843683566541924,0.04333831442695937,0.004006649755866454,56.33980875504719,5.20864468262639,1.2453335342784513,0.24533353427845128
6,Voyager_spec_webcolor.csv,0,4,135.0,109.0,74.0,0.07960534234099312,0.08030416533236072,0.0637413814052791,0.409142633738498,0.4057498142656682,0.6658045422115393,0.17636835318729502,0.17442691706196686,0.29044795507467874,51.60070681295274,15.509565843598033,40.1679517465438,71.54735862721184,-0.15354732301752308,-1.4367111547835365,-19.9466518142591,15.663113166615556,41.60466290132734,0.21582154206128104,0.48986134151527805,0.19253577607518088,0.42843683566541924,0.02328576598610016,0.06142450584985881,30.27149578193021,79.85185760481646,1.565740466671451,0.565740466671451
6,Voyager_spec_webcolor.csv,0,5,78.0,120.0,78.0,0.060498010351442186,0.07867120560826547,0.07048818440039888,0.409142633738498,0.4057498142656682,0.6658045422115393,0.17636835318729502,0.17442691706196686,0.29044795507467874,51.13935239591875,-17.313815871377027,38.31950893583106,71.54735862721184,-0.15354732301752308,-1.4367111547835365,-20.408006231293086,-17.160268548359504,39.7562200906146,0.1666576678618855,0.487621147396109,0.19253577607518088,0.42843683566541924,-0.025878108213295392,0.059184311730689776,-33.64154067728401,76.93960524989672,1.5748902405410834,0.5748902405410834
6,Voyager_spec_webcolor.csv,0,7,68.0,117.0,135.0,0.08182186318099526,0.08001063084541879,0.21262577427950483,0.409142633738498,0.4057498142656682,0.6658045422115393,0.17636835318729502,0.17442691706196686,0.29044795507467874,51.51823966919281,-14.885640624579578,-36.771279282486596,71.54735862721184,-0.15354732301752308,-1.4367111547835365,-20.029118958019026,-14.732093301562054,-35.33456812770306,0.17047476539247472,0.3750774454650986,0.19253577607518088,0.42843683566541924,-0.02206101068270616,-0.053359390200320655,-28.67931388751801,-69.36720726041685,1.3825800476977959,0.38258004769779586
6,Voyager_spec_webcolor.csv,0,8,138.0,102.0,131.0,0.10307693577659606,0.08052840716495156,0.2014844543235778,0.409142633738498,0.4057498142656682,0.6658045422115393,0.17636835318729502,0.17442691706196686,0.29044795507467874,51.66357120786819,15.146614908555938,-34.66209218536399,71.54735862721184,-0.15354732301752308,-1.4367111547835365,-19.883787419343648,15.300162231573461,-33.22538103058045,0.21525300276590242,0.37837230966493507,0.19253577607518088,0.42843683566541924,0.022717226690721543,-0.050064526000484166,29.532394697938006,-65.08388380062942,1.3439227612430797,0.34392276124307974
6,Voyager_spec_webcolor.csv,0,9,213.0,146.0,150.0,0.19386965904747328,0.1648658630056128,0.2639618536643264,0.409142633738498,0.4057498142656682,0.6658045422115393,0.17636835318729502,0.17442691706196686,0.29044795507467874,69.91759783048603,28.637942620144955,-0.8942240552069982,71.54735862721184,-0.15354732301752308,-1.4367111547835365,-1.6297607967258045,28.79148994316248,0.5424870995765383,0.22420821644383263,0.4289976723371545,0.19253577607518088,0.42843683566541924,0.031672440368651744,0.0005608366717352875,41.17417247924727,0.7290876732558738,0.9086304302834733,-0.09136956971652666
6,Voyager_spec_webcolor.csv,0,10,187.0,156.0,120.0,0.1643050489239578,0.16260013357356942,0.17652578098544133,0.409142633738498,0.4057498142656682,0.6658045422115393,0.17636835318729502,0.17442691706196686,0.29044795507467874,69.5221962709917,15.437000500884954,33.55619500255404,71.54735862721184,-0.15354732301752308,-1.4367111547835365,-2.025162356220136,15.590547823902478,34.99290615733758,0.2097811833220658,0.46710986344458655,0.19253577607518088,0.42843683566541924,0.01724540724688492,0.03867302777916731,22.419029420950395,50.27493611291751,1.0184918805072936,0.018491880507293557
6,Voyager_spec_webcolor.csv,0,11,126.0,169.0,125.0,0.1392857690838779,0.1639489595024193,0.19077728556508472,0.409142633738498,0.4057498142656682,0.6658045422115393,0.17636835318729502,0.17442691706196686,0.29044795507467874,69.75802438538163,-15.410331789135844,32.06969171505119,71.54735862721184,-0.15354732301752308,-1.4367111547835365,-1.789334241830204,-15.25678446611832,33.50640286983473,0.17570768774996473,0.4653451586509811,0.19253577607518088,0.42843683566541924,-0.01682808832521615,0.03690832298556185,-21.876514822780997,47.9808198812304,0.9919192652827534,-0.008080734717246574
6,Voyager_spec_webcolor.csv,0,12,72.0,173.0,158.0,0.13702528797062202,0.1631040540605607,0.28639649890880897,0.409142633738498,0.4057498142656682,0.6658045422115393,0.17636835318729502,0.17442691706196686,0.29044795507467874,69.61045356363468,-30.313166762553948,-3.2575895218748716,71.54735862721184,-0.15354732301752308,-1.4367111547835365,-1.9369050635771572,-30.159619439536424,-1.820878367091335,0.15920327557280042,0.4263816928465503,0.19253577607518088,0.42843683566541924,-0.03333250050238046,-0.002055142818868927,-43.3322506530946,-2.6716856645296048,0.9567478587799078,-0.043252141220092244
6,Voyager_spec_webcolor.csv,0,13,117.0,165.0,186.0,0.16799256742908542,0.16387485786484973,0.3918564441496068,0.409142633738498,0.4057498142656682,0.6658045422115393,0.17636835318729502,0.17442691706196686,0.29044795507467874,69.74510213665869,-14.457063795163672,-38.106968775581315,71.54735862721184,-0.15354732301752308,-1.4367111547835365,-1.8022564905531482,-14.303516472146148,-36.67025762079778,0.17675591500876903,0.38795266068772266,0.19253577607518088,0.42843683566541924,-0.015779861066411854,-0.040484174977696574,-20.51381938633541,-52.62942747100555,1.0371182455670034,0.03711824556700338
6,Voyager_spec_webcolor.csv,0,14,188.0,150.0,183.0,0.19893495705616834,0.16491777743187427,0.38175485591749875,0.409142633738498,0.4057498142656682,0.6658045422115393,0.17636835318729502,0.17442691706196686,0.29044795507467874,69.92661504934269,14.28925816223307,-37.475219480959645,71.54735862721184,-0.15354732301752308,-1.4367111547835365,-1.620743577869149,14.442805485250593,-36.03850832617611,0.20841982076289217,0.38875671613278695,0.19253577607518088,0.42843683566541924,0.01588404468771129,-0.039680119532632285,20.649258094024677,-51.58415539242197,1.0360567065799773,0.03605670657997728
6,Voyager_spec_webcolor.csv,0,15,254.0,182.0,188.0,0.2832816455587511,0.2474116219259499,0.4064288363320624,0.409142633738498,0.4057498142656682,0.6658045422115393,0.17636835318729502,0.17442691706196686,0.29044795507467874,82.36605285893076,26.376779619903125,-3.1028041545473783,71.54735862721184,-0.15354732301752308,-1.4367111547835365,10.818694231718922,26.53032694292065,-1.6660929997638418,0.2173345894687272,0.42708373196494986,0.19253577607518088,0.42843683566541924,0.02479881339354631,-0.0013531037004693713,32.238457411610206,-1.7590348106101827,0.7127944257546568,-0.2872055742453432
6,Voyager_spec_webcolor.csv,0,16,226.0,193.0,157.0,0.24782560652580832,0.2467923726147512,0.2911922679224125,0.409142633738498,0.4057498142656682,0.6658045422115393,0.17636835318729502,0.17442691706196686,0.29044795507467874,82.28391713059517,13.717014323294402,32.64697194916365,71.54735862721184,-0.15354732301752308,-1.4367111547835365,10.736558503383336,13.870561646311925,34.08368310394719,0.2055242038632264,0.46050149892696024,0.19253577607518088,0.42843683566541924,0.012988427788045515,0.032064663261541004,16.88495612445917,41.68406224000331,0.8274428965118775,-0.17255710348812248
6,Voyager_spec_webcolor.csv,0,17,162.0,206.0,162.0,0.213944766357209,0.24417467771710558,0.30787679697938963,0.409142633738498,0.4057498142656682,0.6658045422115393,0.17636835318729502,0.17442691706196686,0.29044795507467874,81.93518627932902,-15.360432286688049,29.64055860768396,71.54735862721184,-0.15354732301752308,-1.4367111547835365,10.387827652117181,-15.206884963670525,31.0772697624675,0.17828005067192393,0.4578088914216797,0.19253577607518088,0.42843683566541924,-0.014255725403256952,0.02937205575626045,-18.532443024234038,38.18367248313859,0.8021094824129924,-0.1978905175870076
6,Voyager_spec_webcolor.csv,0,18,111.0,211.0,197.0,0.2156379089974943,0.2453038981204278,0.4394640158643479,0.409142633738498,0.4057498142656682,0.6658045422115393,0.17636835318729502,0.17442691706196686,0.29044795507467874,82.0859258617456,-29.087342203668175,-6.9614640113473785,71.54735862721184,-0.15354732301752308,-1.4367111547835365,10.538567234533758,-28.93379488065065,-5.5247528565638415,0.16544298573548694,0.4234578761643201,0.19253577607518088,0.42843683566541924,-0.027092790339693945,-0.004978959501099112,-35.220627441602126,-6.472647351428845,0.7839085700051136,-0.2160914299948864
6,Voyager_spec_webcolor.csv,0,19,155.0,201.0,227.0,0.2513235367505766,0.2452248547725645,0.5584638108827641,0.409142633738498,0.4057498142656682,0.6658045422115393,0.17636835318729502,0.17442691706196686,0.29044795507467874,82.07538944424992,-14.240980047932677,-38.65440340697985,71.54735862721184,-0.15354732301752308,-1.4367111547835365,10.528030817038086,-14.087432724915153,-37.217692252196315,0.1793538628634439,0.3937536351351802,0.19253577607518088,0.42843683566541924,-0.013181913211736979,-0.034683200530239044,-17.136487175258072,-45.088160689310754,0.884488626424755,-0.11551137357524499
6,Voyager_spec_webcolor.csv,0,20,227.0,186.0,222.0,0.2881237929779095,0.24755920119659325,0.5384166749855578,0.409142633738498,0.4057498142656682,0.6658045422115393,0.17636835318729502,0.17442691706196686,0.29044795507467874,82.3856071881262,13.374468233833047,-35.67095838645883,71.54735862721184,-0.15354732301752308,-1.4367111547835365,10.838248560914366,13.528015556850571,-34.23424723167529,0.2051885420080942,0.396675678241373,0.19253577607518088,0.42843683566541924,0.012652765932913312,-0.03176115742404623,16.448595712787306,-41.289504651260096,0.8284909524368644,-0.17150904756313556
7,Voyager_spec.csv,0,3,159.0,99.0,102.0,0.09762259113824683,0.07975202754155103,0.12094811268080013,0.4010066595231087,0.396921578778363,0.6510248081808159,0.17348101332611643,0.17202866296998512,0.28384064803674297,51.9417919087617,28.78200825078047,2.195913766790167,71.78561523303551,-0.565638913644822,-0.526129925927085,-19.843823324273814,29.347647164425293,2.7220436927172518,0.23569699167886515,0.43323941408942507,0.19246622310519337,0.429423597337501,0.04323076857367178,0.0038158167519240505,56.19999914577331,4.960561777501265,1.2420099778615714,0.2420099778615714
7,Voyager_spec.csv,0,4,135.0,109.0,74.0,0.07732543420614098,0.07923624310741634,0.06058879168105994,0.4010066595231087,0.396921578778363,0.6510248081808159,0.17348101332611643,0.17202866296998512,0.28384064803674297,51.79500718862349,13.862366555866657,42.169024087399386,71.78561523303551,-0.565638913644822,-0.526129925927085,-19.990608044412028,14.42800546951148,42.69515401332647,0.21365996223178677,0.49261448044792455,0.19246622310519337,0.429423597337501,0.02119373912659339,0.06319088311042353,27.55186086457141,82.14814804355059,1.5798832362114217,0.5798832362114217
7,Voyager_spec.csv,0,5,78.0,120.0,78.0,0.05896575872749411,0.07762335410831493,0.06660266288544767,0.4010066595231087,0.396921578778363,0.6510248081808159,0.17348101332611643,0.17202866296998512,0.28384064803674297,51.33185106071679,-18.24185770254247,40.647184702272526,71.78561523303551,-0.565638913644822,-0.526129925927085,-20.453764172318728,-17.67621878889765,41.17331462819961,0.1657361024971313,0.4908990066976527,0.19246622310519337,0.429423597337501,-0.02673012060806207,0.06147540936015167,-34.74915679048069,79.91803216819717,1.6337682380418963,0.6337682380418963
7,Voyager_spec.csv,0,7,68.0,117.0,135.0,0.08073452229456964,0.07949387116201416,0.20745930387296502,0.4010066595231087,0.396921578778363,0.6510248081808159,0.17348101332611643,0.17202866296998512,0.28384064803674297,51.86840373780872,-15.308564247160682,-35.43228236251482,71.78561523303551,-0.565638913644822,-0.526129925927085,-19.917211495226795,-14.74292533351586,-34.90615243658773,0.17036908276610963,0.3774397797074578,0.19246622310519337,0.429423597337501,-0.02209714033908375,-0.05198381763004323,-28.726282440808873,-67.5789629190562,1.3546978668549474,0.3546978668549474
7,Voyager_spec.csv,0,8,138.0,102.0,131.0,0.10042178912562297,0.07957470843366286,0.19412689363472543,0.4010066595231087,0.396921578778363,0.6510248081808159,0.17348101332611643,0.17202866296998512,0.28384064803674297,51.89140105776322,14.165226464348676,-32.595064361583105,71.78561523303551,-0.565638913644822,-0.526129925927085,-19.894214175272296,14.730865377993497,-32.06893443565602,0.21407067374319894,0.3816689195659268,0.19246622310519337,0.429423597337501,0.021604450638005562,-0.04775467777157422,28.085785829407232,-62.08108110304648,1.280990394329235,0.2809903943292349
7,Voyager_spec.csv,0,9,213.0,146.0,150.0,0.1892490737653277,0.16144100120755794,0.25297603554796516,0.4010066595231087,0.396921578778363,0.6510248081808159,0.17348101332611643,0.17202866296998512,0.28384064803674297,69.94640190860399,28.70623877626869,1.0795983883180031,71.78561523303551,-0.565638913644822,-0.526129925927085,-1.839213324431526,29.271877689913513,1.6057283142450882,0.22464183263086618,0.43117466160229173,0.19246622310519337,0.429423597337501,0.032175609525672805,0.0017510642647907138,41.828292383374645,2.2763835442279277,0.9233826736248238,-0.07661732637517615
7,Voyager_spec.csv,0,10,187.0,156.0,120.0,0.16253632610729013,0.16116607415962375,0.17292685237305422,0.4010066595231087,0.396921578778363,0.6510248081808159,0.17348101332611643,0.17202866296998512,0.28384064803674297,69.89758651859628,15.204409070904928,34.61492300571032,71.78561523303551,-0.565638913644822,-0.526129925927085,-1.8880287144392298,15.77004798454975,35.141052931637404,0.20980496544088456,0.4680814911690018,0.19246622310519337,0.429423597337501,0.017338742335691187,0.038657893831500756,22.540365036398544,50.25526198095098,1.019446827524807,0.019446827524806976
7,Voyager_spec.csv,0,11,126.0,169.0,125.0,0.13685515369863765,0.16088125895299843,0.18709366895209034,0.4010066595231087,0.396921578778363,0.6510248081808159,0.17348101332611643,0.17202866296998512,0.28384064803674297,69.84695682961681,-15.55377567049991,32.12779744531346,71.78561523303551,-0.565638913644822,-0.526129925927085,-1.9386584034186995,-14.988136756855088,32.65392737124055,0.17594283098634994,0.465370010720472,0.19246622310519337,0.429423597337501,-0.016523392118843433,0.035946413382971,-21.480409754496463,46.7303373978623,0.9680020324965413,-0.031997967503458735
7,Voyager_spec.csv,0,12,72.0,173.0,158.0,0.13315963621414106,0.15953456822969486,0.2765200873405408,0.4010066595231087,0.396921578778363,0.6510248081808159,0.17348101332611643,0.17202866296998512,0.28384064803674297,69.60675195829002,-31.080770146170057,-1.9183336630666317,71.78561523303551,-0.565638913644822,-0.526129925927085,-2.1788632747454955,-30.515131232525235,-1.3922037371395466,0.1587246912379179,0.42786741206960016,0.19246622310519337,0.429423597337501,-0.033741531867275465,-0.0015561852679008559,-43.8639914274581,-2.023040848271113,0.9681717292648528,-0.03182827073514716
7,Voyager_spec.csv,0,13,117.0,165.0,186.0,0.16381598631313493,0.1599480213778023,0.3810063175305612,0.4010066595231087,0.396921578778363,0.6510248081808159,0.17348101332611643,0.17202866296998512,0.28384064803674297,69.68064158434773,-14.732117120640842,-37.64733681781251,71.78561523303551,-0.565638913644822,-0.526129925927085,-2.104973648687789,-14.16647820699602,-37.12120689188542,0.17680900562940877,0.3884270717988498,0.19246622310519337,0.429423597337501,-0.015657217475784607,-0.04099652553865124,-20.35438271851999,-53.295483200246615,1.0463877591055573,0.04638775910555726
7,Voyager_spec.csv,0,14,188.0,150.0,183.0,0.19452220912467197,0.1625880134850112,0.3676166638052295,0.4010066595231087,0.396921578778363,0.6510248081808159,0.17348101332611643,0.17202866296998512,0.28384064803674297,70.14946685887087,13.847692934393335,-34.95849005119625,71.78561523303551,-0.565638913644822,-0.526129925927085,-1.636148374164648,14.413331848038156,-34.43236012526916,0.20825716467715472,0.39165331000148434,0.19246622310519337,0.429423597337501,0.015790941571961342,-0.03777028733601667,20.528224043549745,-49.101373536821676,0.9951157371242838,-0.004884262875716194
7,Voyager_spec.csv,0,15,254.0,182.0,188.0,0.27850877650702616,0.2442031112581204,0.3951325790163447,0.4010066595231087,0.396921578778363,0.6510248081808159,0.17348101332611643,0.17202866296998512,0.28384064803674297,82.65978168214279,26.023625702070092,-1.4036843941476778,71.78561523303551,-0.565638913644822,-0.526129925927085,10.874166449107278,26.589264615714914,-0.8775544682205928,0.21728989253234293,0.42868111393252534,0.19246622310519337,0.429423597337501,0.02482366942714956,-0.0007424834049756801,32.27077025529442,-0.9652284264683841,0.7127715972407659,-0.2872284027592341
7,Voyager_spec.csv,0,16,226.0,193.0,157.0,0.24317503865588602,0.24354893415324402,0.28465351926432086,0.4010066595231087,0.396921578778363,0.6510248081808159,0.17348101332611643,0.17202866296998512,0.28384064803674297,82.57160550885568,12.549162452896756,33.74636210226422,71.78561523303551,-0.565638913644822,-0.526129925927085,10.785990275820168,13.114801366541577,34.27249202819131,0.2047630468232151,0.46142523380557066,0.19246622310519337,0.429423597337501,0.012296823718021738,0.03200163646806964,15.985870833428258,41.60212740849053,0.8176942442603595,-0.18230575573964047
7,Voyager_spec.csv,0,17,162.0,206.0,162.0,0.20828084541739056,0.23855054202805934,0.2988069091726295,0.4010066595231087,0.396921578778363,0.6510248081808159,0.17348101332611643,0.17202866296998512,0.28384064803674297,81.89260563889177,-16.146885674769116,30.313236759416508,71.78561523303551,-0.565638913644822,-0.526129925927085,10.106990405856251,-15.581246761124294,30.83936668534359,0.17790530656765677,0.4584611045689462,0.19246622310519337,0.429423597337501,-0.014560916537536606,0.02903750723144516,-18.929191498797586,37.748759400878704,0.8000980105561437,-0.1999019894438563
7,Voyager_spec.csv,0,18,111.0,211.0,197.0,0.2095435078157259,0.2403101396132075,0.4209615154895508,0.4010066595231087,0.396921578778363,0.6510248081808159,0.17348101332611643,0.17202866296998512,0.28384064803674297,82.13270821434361,-29.877690645251004,-4.266866656362595,71.78561523303551,-0.565638913644822,-0.526129925927085,10.347092981308094,-29.312051731606182,-3.74073673043551,0.16508977734248076,0.42599115894700085,0.19246622310519337,0.429423597337501,-0.027376445762712615,-0.00343243839050017,-35.5893794915264,-4.462169907650221,0.7881419295946644,-0.21185807040533555
7,Voyager_spec.csv,0,19,155.0,201.0,227.0,0.24573335528825366,0.2392053557081911,0.5418408535374674,0.4010066595231087,0.396921578778363,0.6510248081808159,0.17348101332611643,0.17202866296998512,0.28384064803674297,81.982094507752,-13.88270458280489,-37.98916605575471,71.78561523303551,-0.565638913644822,-0.526129925927085,10.19647927471648,-13.317065669160067,-37.46303612982762,0.18004632355787026,0.3943424808781343,0.19246622310519337,0.429423597337501,-0.012419899547323116,-0.035081116459366735,-16.14586941152005,-45.60545139717676,0.8841757590425271,-0.1158242409574729
7,Voyager_spec.csv,0,20,227.0,186.0,222.0,0.2822068398784311,0.24411554749330017,0.5235770484803997,0.4010066595231087,0.396921578778363,0.6510248081808159,0.17348101332611643,0.17202866296998512,0.28384064803674297,82.64798814595531,12.48799864209282,-33.93922430690635,71.78561523303551,-0.565638913644822,-0.526129925927085,10.862372912919795,13.053637555737643,-33.41309438097926,0.2046953152856343,0.3983990792322119,0.19246622310519337,0.429423597337501,0.012229092180440937,-0.03102451810528911,15.897819834573218,-40.33187353687585,0.8075864934486713,-0.19241350655132872
7,Voyager_spec.csv,1,3,159.0,99.0,102.0,0.09615836587150406,0.07856254567473679,0.11945913782550702,0.39802213594536534,0.3938917315221593,0.6549799495472631,0.17149109124307788,0.1702066865876211,0.282171989689236,51.775211830001766,28.982129707379418,2.9611206917534285,71.69831321653957,-0.36844159891129385,0.342890265782194,-19.92310138653781,29.35057130629071,2.6182304259712343,0.23554169990154789,0.43299092726350724,0.19208729841725292,0.4289594305739062,0.04345440148429497,0.004031496689601066,56.49072192958346,5.240945696481386,1.248688108358295,0.24868810835829502
7,Voyager_spec.csv,1,4,135.0,109.0,74.0,0.07588094014136745,0.07773505332292513,0.06006705318562258,0.39802213594536534,0.3938917315221593,0.6549799495472631,0.17149109124307788,0.1702066865876211,0.282171989689236,51.536414674867004,14.035749313948404,42.45294828900938,71.69831321653957,-0.36844159891129385,0.342890265782194,-20.16189854167257,14.404190912859699,42.11005802322718,0.21343230050490394,0.4919566793290348,0.19208729841725292,0.4289594305739062,0.021345002087651027,0.06299724875512863,27.748502713946337,81.89642338166722,1.5773384368163805,0.5773384368163805
7,Voyager_spec.csv,1,5,78.0,120.0,78.0,0.05803850330104854,0.07642948731786076,0.06617406858165098,0.39802213594536534,0.3938917315221593,0.6549799495472631,0.17149109124307788,0.1702066865876211,0.282171989689236,51.156184963980024,-17.964617788920304,41.025197803706405,71.69831321653957,-0.36844159891129385,0.342890265782194,-20.54212825255955,-17.59617619000901,40.68230753792421,0.16546936114254068,0.49028075965386203,0.19208729841725292,0.4289594305739062,-0.026617937274712233,0.061321329079955855,-34.6033184571259,79.71772780394261,1.6290451038728482,0.6290451038728482
7,Voyager_spec.csv,1,7,68.0,117.0,135.0,0.07970750873150996,0.07839702302812318,0.2064868684250518,0.39802213594536534,0.3938917315221593,0.6549799495472631,0.17149109124307788,0.1702066865876211,0.282171989689236,51.727580055967394,-15.097433501869713,-35.17672256680911,71.69831321653957,-0.36844159891129385,0.342890265782194,-19.97073316057218,-14.728991902958418,-35.51961283259131,0.17003148956560474,0.3762809343061328,0.19208729841725292,0.4289594305739062,-0.02205580885164818,-0.05267849626777338,-28.672551507142632,-68.48204514810539,1.3684601012572293,0.3684601012572293
7,Voyager_spec.csv,1,8,138.0,102.0,131.0,0.09895317472067862,0.07819738086467229,0.19379488554506746,0.39802213594536534,0.3938917315221593,0.6549799495472631,0.17149109124307788,0.1702066865876211,0.282171989689236,51.67004056487275,14.165987482346537,-32.81234899206264,71.69831321653957,-0.36844159891129385,0.342890265782194,-20.028272651666825,14.534429081257832,-33.15523925784483,0.21357201196457498,0.3797426107826628,0.19208729841725292,0.4289594305739062,0.021484713547322065,-0.04921681979124337,27.930127611518685,-63.981865728616384,1.3091652615279432,0.3091652615279432
7,Voyager_spec.csv,1,9,213.0,146.0,150.0,0.1874645304122461,0.15968772720563779,0.252582449006086,0.39802213594536534,0.3938917315221593,0.6549799495472631,0.17149109124307788,0.1702066865876211,0.282171989689236,69.85314606109576,29.050154418161462,1.4863023640562432,71.69831321653957,-0.36844159891129385,0.342890265782194,-1.8451671554438178,29.418596017072755,1.1434120982740492,0.22447294852641525,0.43022828640509037,0.19208729841725292,0.4289594305739062,0.032385650109162334,0.0012688558311841902,42.10134514191103,1.6495125805394473,0.9291781382089649,-0.07082186179103511
7,Voyager_spec.csv,1,10,187.0,156.0,120.0,0.16077540506470367,0.15933434235799945,0.17209346644041132,0.39802213594536534,0.3938917315221593,0.6549799495472631,0.17149109124307788,0.1702066865876211,0.282171989689236,69.78976901685935,15.602106808361828,35.345731617741244,71.69831321653957,-0.36844159891129385,0.342890265782194,-1.9085441996802217,15.970548407273123,35.00284135195905,0.20967940842933072,0.4675500206513353,0.19208729841725292,0.4289594305739062,0.017592110012077805,0.0385905900774291,22.869743015701147,50.16776710065783,1.021540782870869,0.021540782870868913
7,Voyager_spec.csv,1,11,126.0,169.0,125.0,0.13525079921290292,0.15897986532609035,0.1862011950487537,0.39802213594536534,0.3938917315221593,0.6549799495472631,0.17149109124307788,0.1702066865876211,0.282171989689236,69.72610188365739,-15.182499533601076,32.79356836492137,71.69831321653957,-0.36844159891129385,0.342890265782194,-1.972211332882182,-14.814057934689782,32.450678099139175,0.17573298513092536,0.4647700018197186,0.19208729841725292,0.4289594305739062,-0.016354313286327554,0.03581057124581244,-21.26060727222582,46.55374261955617,0.962802335386498,-0.037197664613502046
7,Voyager_spec.csv,1,12,72.0,173.0,158.0,0.13213363269992198,0.1576424273727972,0.27608822518269915,0.39802213594536534,0.3938917315221593,0.6549799495472631,0.17149109124307788,0.1702066865876211,0.282171989689236,69.48503075811216,-30.284664030772458,-1.711494249489963,71.69831321653957,-0.36844159891129385,0.342890265782194,-2.2132824584274147,-29.916222431861165,-2.054384515272157,0.1589560938431586,0.4266968517099132,0.19208729841725292,0.4289594305739062,-0.033131204574094325,-0.002262578863992948,-43.070565946322624,-2.941352523190832,0.9511486693302312,-0.04885133066976877
7,Voyager_spec.csv,1,13,117.0,165.0,186.0,0.16234316144375652,0.1586761519043383,0.37999108565802237,0.39802213594536534,0.3938917315221593,0.6549799495472631,0.17149109124307788,0.1702066865876211,0.282171989689236,69.67147701016542,-14.618876218663988,-36.93924265964906,71.69831321653957,-0.36844159891129385,0.342890265782194,-2.0268362063741563,-14.250434619752694,-37.282132925431256,0.17634213964356704,0.38780757223675033,0.19208729841725292,0.4289594305739062,-0.015745158773685874,-0.041151858337155844,-20.468706405791636,-53.4974158383026,1.0506920237253707,0.05069202372537074
7,Voyager_spec.csv,1,14,188.0,150.0,183.0,0.19288979934875414,0.1610971067544852,0.36687480586392857,0.39802213594536534,0.3938917315221593,0.6549799495472631,0.17149109124307788,0.1702066865876211,0.282171989689236,70.1049822139106,14.113837335720447,-34.43762454297609,71.69831321653957,-0.36844159891129385,0.342890265782194,-1.5933310026289718,14.482278934631742,-34.780514808758284,0.2079690744730269,0.39080468063390855,0.19208729841725292,0.4289594305739062,0.015881776055773983,-0.03815474993999762,20.64630887250618,-49.60117492199691,1.0043020911721534,0.0043020911721534105
7,Voyager_spec.csv,1,15,254.0,182.0,188.0,0.2762338905899198,0.2420104993607381,0.39471779186757333,0.39802213594536534,0.3938917315221593,0.6549799495472631,0.17149109124307788,0.1702066865876211,0.282171989689236,82.61517968694933,26.392259009210505,-0.7742904239744978,71.69831321653957,-0.36844159891129385,0.342890265782194,10.916866470409758,26.760700608121798,-1.1171806897566918,0.21705644782443,0.42787061078701033,0.19208729841725292,0.4289594305739062,0.024969149407177094,-0.001088819786895845,32.459894229330224,-1.4154657229645984,0.7173256750244063,-0.28267432497559375
7,Voyager_spec.csv,1,16,226.0,193.0,157.0,0.24116417503994914,0.24122723527816817,0.284683542317098,0.39802213594536534,0.3938917315221593,0.6549799495472631,0.17149109124307788,0.1702066865876211,0.282171989689236,82.50867575530364,13.054034896785554,34.3213393250772,71.69831321653957,-0.36844159891129385,0.342890265782194,10.810362538764068,13.422476495696849,33.978449059295,0.20465290337945363,0.46058943724879586,0.19208729841725292,0.4289594305739062,0.012565604962200716,0.03163000667488969,16.33528645086093,41.1190086773566,0.8131752745445373,-0.1868247254554627
7,Voyager_spec.csv,1,17,162.0,206.0,162.0,0.20619048624743688,0.236229709802762,0.2978154793834968,0.39802213594536534,0.3938917315221593,0.6549799495472631,0.17149109124307788,0.1702066865876211,0.282171989689236,81.82365226897821,-15.796246835973726,31.17558610752276,71.69831321653957,-0.36844159891129385,0.342890265782194,10.125339052438633,-15.427805237062431,30.832695841740566,0.17763240956838533,0.45789997388863507,0.19208729841725292,0.4289594305739062,-0.014454888848867586,0.028940543314728895,-18.79135550352786,37.62270630914756,0.7965428530203544,-0.20345714697964556
7,Voyager_spec.csv,1,18,111.0,211.0,197.0,0.20829809768635618,0.23806884300345227,0.42349838739736867,0.39802213594536534,0.3938917315221593,0.6549799495472631,0.17149109124307788,0.1702066865876211,0.282171989689236,82.07686039413952,-29.330002902385555,-4.583636173510235,71.69831321653957,-0.36844159891129385,0.342890265782194,10.378547177599941,-28.961561303474262,-4.926526439292429,0.16499428028438806,0.4242957336289926,0.19208729841725292,0.4289594305739062,-0.027093018132864854,-0.004663696944913587,-35.22092357272431,-6.062806028387663,0.7829951204933837,-0.2170048795066163
7,Voyager_spec.csv,1,19,155.0,201.0,227.0,0.2430686785664202,0.23694848396581542,0.5419093652185386,0.39802213594536534,0.3938917315221593,0.6549799495472631,0.17149109124307788,0.1702066865876211,0.282171989689236,81.92276754740908,-14.053837417773817,-37.65193600337483,71.69831321653957,-0.36844159891129385,0.342890265782194,10.224454330869506,-13.685395818862522,-37.99482626915702,0.17928644760230936,0.3932374893484873,0.19208729841725292,0.4289594305739062,-0.01280085081494356,-0.035721941225418885,-16.641106059426626,-46.43852359304455,0.9020459217762692,-0.09795407822373081
7,Voyager_spec.csv,1,20,227.0,186.0,222.0,0.28050200073572085,0.2421101525428786,0.5243038037087598,0.39802213594536534,0.3938917315221593,0.6549799495472631,0.17149109124307788,0.1702066865876211,0.282171989689236,82.62871349082133,12.969895840983726,-33.65665847224311,71.69831321653957,-0.36844159891129385,0.342890265782194,10.930400274281752,13.338337439895021,-33.999548738025304,0.2045568939934163,0.397258937642962,0.19208729841725292,0.4289594305739062,0.012469595576163395,-0.03170049293094418,16.210474249012414,-41.21064081022743,0.8248475398377699,-0.17515246016223007
7,Voyager_spec.csv,2,3,159.0,99.0,102.0,0.0952481099309721,0.07766477980438177,0.1198773686503316,0.39603155781587995,0.39128928012887493,0.6565079662069199,0.17017089299624835,0.16864897416063593,0.2816646393080724,51.6654089608606,28.769807106787393,2.5968796159285206,71.62336092488813,-0.32567887401392287,0.4952980484424555,-19.95795196402753,29.095485980801318,2.101581567486065,0.23520201857871373,0.43151044404267513,0.1920177389251776,0.42817597516487377,0.043184279653536134,0.0033344688778013665,56.13956354959697,4.334809541141777,1.2401272891404453,0.24012728914044534
7,Voyager_spec.csv,2,4,135.0,109.0,74.0,0.0751092204236928,0.07697329825605097,0.059911044709771995,0.39603155781587995,0.39128928012887493,0.6565079662069199,0.17017089299624835,0.16864897416063593,0.2816646393080724,51.463992331798224,13.910959130483842,42.73071341922381,71.62336092488813,-0.32567887401392287,0.4952980484424555,-20.15936859308991,14.236638004497765,42.235415370781354,0.21316018557300428,0.49151349871171396,0.1920177389251776,0.42817597516487377,0.02114244664782669,0.06333752354684019,27.485180642174697,82.33878061089224,1.5824895003333215,0.5824895003333215
7,Voyager_spec.csv,2,5,78.0,120.0,78.0,0.05738907075864952,0.07558100392035337,0.0657915322233095,0.39603155781587995,0.39128928012887493,0.6565079662069199,0.17017089299624835,0.16864897416063593,0.2816646393080724,51.05475158932866,-17.945550218472523,41.32638253835509,71.62336092488813,-0.32567887401392287,0.4952980484424555,-20.568609335559472,-17.6198713444586,40.831084489912634,0.1653293483705353,0.48990958408721125,0.1920177389251776,0.42817597516487377,-0.026688390554642283,0.06173360892233748,-34.694907721034966,80.25369159903872,1.6384921240812564,0.6384921240812564
7,Voyager_spec.csv,2,7,68.0,117.0,135.0,0.07919351840821673,0.07764464379594638,0.20562030992938424,0.39603155781587995,0.39128928012887493,0.6565079662069199,0.17017089299624835,0.16864897416063593,0.2816646393080724,51.65956062558358,-14.858682147984085,-34.98253506574998,71.62336092488813,-0.32567887401392287,0.4952980484424555,-19.963800299304552,-14.533003273970163,-35.477833114192435,0.17024236573201593,0.37555368484496815,0.1920177389251776,0.42817597516487377,-0.021775373193161668,-0.05262229031990562,-28.307985151110167,-68.4089774158773,1.363723701739122,0.36372370173912194
7,Voyager_spec.csv,2,8,138.0,102.0,131.0,0.09815086294649533,0.07734325957042627,0.193086805879492,0.39603155781587995,0.39128928012887493,0.6565079662069199,0.17017089299624835,0.16864897416063593,0.2816646393080724,51.57190501866724,14.271698765867427,-32.73887471724995,71.62336092488813,-0.32567887401392287,0.4952980484424555,-20.051455906220895,14.59737763988135,-33.234172765692406,0.21365474573883417,0.3788117232455243,0.1920177389251776,0.42817597516487377,0.021637006813656573,-0.049364251919349456,28.128108857753546,-64.17352749515429,1.314315814506355,0.31431581450635493
7,Voyager_spec.csv,2,9,213.0,146.0,150.0,0.1858774030831555,0.15826637535305055,0.2517509096521591,0.39603155781587995,0.39128928012887493,0.6565079662069199,0.17017089299624835,0.16864897416063593,0.2816646393080724,69.78701526537934,28.95014178331912,1.8345473240644012,71.62336092488813,-0.32567887401392287,0.4952980484424555,-1.836345659508794,29.275820657333043,1.3392492756219458,0.22427795071305087,0.4296661666234999,0.1920177389251776,0.42817597516487377,0.03226021178787328,0.0014901914586261111,41.93827532423526,1.9372488962139445,0.9256681391718851,-0.07433186082811494
7,Voyager_spec.csv,2,10,187.0,156.0,120.0,0.15925672447420544,0.15778343469260536,0.171292149471832,0.39603155781587995,0.39128928012887493,0.6565079662069199,0.17017089299624835,0.16864897416063593,0.2816646393080724,69.69966832733787,15.574655843908225,35.78688458422855,71.62336092488813,-0.32567887401392287,0.4952980484424555,-1.9236925975502572,15.900334717922147,35.291586535786095,0.20955627011290762,0.46713972913946245,0.1920177389251776,0.42817597516487377,0.017538531187730022,0.03896375397458868,22.800090544049027,50.65288016696528,1.0283625097004914,0.028362509700491367
7,Voyager_spec.csv,2,11,126.0,169.0,125.0,0.1340184131413029,0.15773475003987328,0.1856564304391139,0.39603155781587995,0.39128928012887493,0.6565079662069199,0.17017089299624835,0.16864897416063593,0.2816646393080724,69.69085310581747,-15.40950686566883,33.281779474725155,71.62336092488813,-0.32567887401392287,0.4952980484424555,-1.9325078190706648,-15.083827991654907,32.7864814262827,0.1753588754388392,0.4643796505766235,0.1920177389251776,0.42817597516487377,-0.016658863486338382,0.036203675411749736,-21.656522532239897,47.06477803527466,0.9751794175739176,-0.024820582426082427
7,Voyager_spec.csv,2,12,72.0,173.0,158.0,0.13121154490974524,0.15655258024001972,0.2757311741233804,0.39603155781587995,0.39128928012887493,0.6565079662069199,0.17017089299624835,0.16864897416063593,0.2816646393080724,69.47624119034656,-30.388023038985274,-1.3970088429522227,71.62336092488813,-0.32567887401392287,0.4952980484424555,-2.147119734541576,-30.06234416497135,-1.8923068913946781,0.15872234201453628,0.42609728017999504,0.1920177389251776,0.42817597516487377,-0.03329539691064132,-0.002078694984878726,-43.28401598383371,-2.7023034803423442,0.9557024415376948,-0.04429755846230521
7,Voyager_spec.csv,2,13,117.0,165.0,186.0,0.16161612899821798,0.15756236688583428,0.3797084794467114,0.39603155781587995,0.39128928012887493,0.6565079662069199,0.17017089299624835,0.16864897416063593,0.2816646393080724,69.65962548275374,-14.434161590768152,-36.80009779245184,71.62336092488813,-0.32567887401392287,0.4952980484424555,-1.9637354421343929,-14.10848271675423,-37.295395840894294,0.17642829577623315,0.38700676158379377,0.1920177389251776,0.42817597516487377,-0.015589443148944448,-0.04116921358108,-20.266276093627784,-53.519977655404,1.049215647708444,0.049215647708444
7,Voyager_spec.csv,2,14,188.0,150.0,183.0,0.1916601462285013,0.15972666200840305,0.36704501513587945,0.39603155781587995,0.39128928012887493,0.6565079662069199,0.17017089299624835,0.16864897416063593,0.2816646393080724,70.0500534630848,14.085631499017603,-34.54006139086958,71.62336092488813,-0.32567887401392287,0.4952980484424555,-1.5733074618033385,14.411310373031526,-35.03535943931204,0.20783517195310008,0.38971503760085147,0.1920177389251776,0.42817597516487377,0.01581743302792249,-0.0384609375640223,20.562662936299237,-49.999218833228994,1.0097903766044645,0.009790376604464468
7,Voyager_spec.csv,2,15,254.0,182.0,188.0,0.2747043871210961,0.24034356781503757,0.39499375490598476,0.39603155781587995,0.39128928012887493,0.6565079662069199,0.17017089299624835,0.16864897416063593,0.2816646393080724,82.60588618227702,26.39869866701271,-0.605569540808164,71.62336092488813,-0.32567887401392287,0.4952980484424555,10.982525257388886,26.724377541026634,-1.1008675892506194,0.2169501363825767,0.4270801180711179,0.1920177389251776,0.42817597516487377,0.024932397457399114,-0.0010958570937558698,32.412116694618845,-1.4246142218826308,0.716280506839428,-0.283719493160572
7,Voyager_spec.csv,2,16,226.0,193.0,157.0,0.23952905612090342,0.2396276819304007,0.28356078472461593,0.39603155781587995,0.39128928012887493,0.6565079662069199,0.17017089299624835,0.16864897416063593,0.2816646393080724,82.50788652039905,13.03853621812025,35.099114618169644,71.62336092488813,-0.32567887401392287,0.4952980484424555,10.884525595510922,13.364215092134172,34.60381656972719,0.20452349744500672,0.4603673469522282,0.1920177389251776,0.42817597516487377,0.01250575851982913,0.03219137178735443,16.25748607577787,41.84878332356076,0.8241713132336399,-0.1758286867663601
7,Voyager_spec.csv,2,17,162.0,206.0,162.0,0.2049049329491914,0.23484093892588284,0.29742562082398355,0.39603155781587995,0.39128928012887493,0.6565079662069199,0.17017089299624835,0.16864897416063593,0.2816646393080724,81.8475468602044,-15.910059850808278,31.770020895439337,71.62336092488813,-0.32567887401392287,0.4952980484424555,10.224185935316271,-15.584380976794355,31.27472284699688,0.1774147068851213,0.45750256192031236,0.1920177389251776,0.42817597516487377,-0.014603032040056307,0.02932658675543859,-18.9839416520732,38.124562782070164,0.8064822719506647,-0.1935177280493353
7,Voyager_spec.csv,2,18,111.0,211.0,197.0,0.20722006507251364,0.23689365383808103,0.42066915100670915,0.39603155781587995,0.39128928012887493,0.6565079662069199,0.17017089299624835,0.16864897416063593,0.2816646393080724,82.13181122834867,-29.18964658680626,-3.370640648612781,71.62336092488813,-0.32567887401392287,0.4952980484424555,10.508450303460535,-28.863967712792334,-3.8659386970552365,0.16502905380009056,0.42448715062194614,0.1920177389251776,0.42817597516487377,-0.026988685125087036,-0.0036888245429276267,-35.08529066261315,-4.795471905805915,0.7776037096305782,-0.22239629036942177
7,Voyager_spec.csv,2,19,155.0,201.0,227.0,0.2427090496182554,0.2357156906571743,0.542950009416389,0.39603155781587995,0.39128928012887493,0.6565079662069199,0.17017089299624835,0.16864897416063593,0.2816646393080724,81.96888609149055,-13.666863682378095,-37.63098441882033,71.62336092488813,-0.32567887401392287,0.4952980484424555,10.345525166602414,-13.341184808364172,-38.12628246726279,0.17954195201574283,0.3923295171636897,0.1920177389251776,0.42817597516487377,-0.012475786909434766,-0.03584645800118408,-16.218522982265196,-46.6003954015393,0.9010966361566396,-0.0989033638433604
7,Voyager_spec.csv,2,20,227.0,186.0,222.0,0.279328711556431,0.24074490336123028,0.5244814047967753,0.39603155781587995,0.39128928012887493,0.6565079662069199,0.17017089299624835,0.16864897416063593,0.2816646393080724,82.66074104484537,13.025206933723236,-33.41800962968069,71.62336092488813,-0.32567887401392287,0.4952980484424555,11.037380119957234,13.350885807737159,-33.91330767812315,0.20448861478763916,0.39654563594708414,0.1920177389251776,0.42817597516487377,0.012470875862461567,-0.03163033921778963,16.212138621200037,-41.119440983126516,0.8233949301632666,-0.1766050698367334
