output_id,base_color_id,description,target_order,level_rank,level_index,offset_steps,offset_L,grey_L,grey_u,grey_v,delta_L,delta_U,delta_V,target_L,target_u,target_v,target_X,target_Y,target_Z,pred_r_float,pred_g_float,pred_b_float,pred_r_int,pred_g_int,pred_b_int,in_gamut,out_of_gamut_channels
1,0,RED handle,0,0,0,-5,-10.0,60.0,12.406933120096937,-8.907369814500072,0.0,45.30400801666679,2.2081055997562062,60.0,57.71094113676373,-6.699264214743866,0.1368162294923088,0.10608590602083467,0.10562571259357982,174.50338661670685,125.96783932764083,139.40738020464778,175,126,139,True,0
2,1,"between RED and YELLOW, step 1 of 5",1,0,0,-5,-10.0,60.0,12.406933120096937,-8.907369814500072,0.0,44.57649568487194,11.025903391501387,60.0,56.983428804968874,2.1185335770013154,0.1331161980662358,0.10608590602083467,0.09074397107487374,173.08788657188416,127.81595637090504,132.11495876312256,173,128,132,True,0
3,2,"between RED and YELLOW, step 2 of 5",2,0,0,-5,-10.0,60.0,12.406933120096937,-8.907369814500072,0.0,42.694740102813135,19.671239013587495,60.0,55.10167322291007,10.763869199087424,0.12892370942674306,0.10608590602083467,0.07706455259445488,171.2506129592657,129.86287660896778,123.36056672036648,171,130,123,True,0
4,3,"between RED and YELLOW, step 3 of 5",3,0,0,-5,-10.0,60.0,12.406933120096937,-8.907369814500072,0.0,39.63477568334325,27.97301291083334,60.0,52.04170880344019,19.065643096333268,0.1243058002601111,0.10608590602083467,0.06475531281528844,168.98099094629288,132.04237885773182,113.06491753086448,169,132,113,True,0
5,4,"between RED and YELLOW, step 4 of 5",4,0,0,-5,-10.0,60.0,12.406933120096937,-8.907369814500072,0.0,35.372040056783476,35.726200453279866,60.0,47.77897317688041,26.818830638779794,0.11932388662706303,0.10608590602083467,0.05400465866319618,166.28097362816334,134.30139183998108,101.7629949375987,166,134,102,True,0
6,5,"between RED and YELLOW, step 5 of 5",5,0,0,-5,-10.0,60.0,12.406933120096937,-8.907369814500072,0.0,29.897177811347095,42.67664759608468,60.0,42.30411093144403,33.769277781584606,0.11404470062413308,0.10608590602083467,0.04504242301575753,163.1591485440731,136.59606970846653,90.50317123532295,163,137,91,True,0
7,6,YELLOW handle,6,0,0,-5,-10.0,60.0,12.406933120096937,-8.907369814500072,0.0,23.245838369923515,48.51124404491406,60.0,35.652771490020456,39.603874230413986,0.10855584066656958,0.10608590602083467,0.038151765268173474,159.61875692009926,138.8861669227481,80.6280217319727,160,139,81,True,0
8,7,"between YELLOW and GREEN, step 1 of 5",7,0,0,-5,-10.0,60.0,12.406933120096937,-8.907369814500072,0.0,15.54539019881734,52.86852875587553,60.0,27.952323318914278,43.96115894137546,0.10298477240127496,0.10608590602083467,0.03365647186326633,155.64866535365582,141.13013841211796,73.52301478385925,156,141,74,True,0
9,8,"between YELLOW and GREEN, step 2 of 5",8,0,0,-5,-10.0,60.0,12.406933120096937,-8.907369814500072,0.0,7.065500398230156,55.39326657530833,60.0,19.472433518327094,46.48589676080826,0.09751198268799126,0.10608590602083467,0.03186071132417828,151.22541580349207,143.2796621695161,70.33498585224152,151,143,70,True,0
10,9,"between YELLOW and GREEN, step 3 of 5",9,0,0,-5,-10.0,60.0,12.406933120096937,-8.907369814500072,0.0,-1.77088235378375,55.84178853554699,60.0,10.636050766313188,46.93441872104692,0.09235904454898732,0.10608590602083467,0.03293983342030246,146.3304728642106,145.28148785233498,71.65462844073772,146,145,72,True,0
11,10,"between YELLOW and GREEN, step 4 of 5",10,0,0,-5,-10.0,60.0,12.406933120096937,-8.907369814500072,0.0,-10.461969785024724,54.18413014215614,60.0,1.944963335072213,45.27676032765607,0.0877419152022294,0.10608590602083467,0.03684560564536137,140.97714057192206,147.0879242196679,77.28169329464436,141,147,77,True,0
12,11,"between YELLOW and GREEN, step 5 of 5",11,0,0,-5,-10.0,60.0,12.406933120096937,-8.907369814500072,0.0,-18.557434321904815,50.61393602721401,60.0,-6.150501201807877,41.70656621271394,0.08381760974650586,0.10608590602083467,0.04331565770604533,135.23440232500434,148.66984203457832,86.2605544924736,135,149,86,True,0
13,12,GREEN handle,12,0,0,-5,-10.0,60.0,12.406933120096937,-8.907369814500072,0.0,-25.74731563678954,45.457538179388806,60.0,-13.340382516692603,36.550168364888734,0.08066612428067511,0.10608590602083467,0.05198119641371564,129.23934621736407,150.0194251164794,97.18545086681843,129,150,97,True,0
14,13,"between GREEN and CYAN, step 1 of 5",13,0,0,-5,-10.0,60.0,12.406933120096937,-8.907369814500072,0.0,-31.865350191240655,39.06594328619317,60.0,-19.458417071143717,30.158573471693096,0.07831031196887547,0.10608590602083467,0.06247747819805948,123.20030367001891,151.1432433128357,108.58291458338499,123,151,109,True,0
15,14,"between GREEN and CYAN, step 2 of 5",14,0,0,-5,-10.0,60.0,12.406933120096937,-8.907369814500072,0.0,-36.84453482268064,31.752219713715025,60.0,-24.437601702583706,22.844849899214953,0.07674634348918473,0.10608590602083467,0.07449765257116793,117.39505782723427,152.05276250839233,119.2391530238092,117,152,119,True,0
16,15,"between GREEN and CYAN, step 3 of 5",15,0,0,-5,-10.0,60.0,12.406933120096937,-8.907369814500072,0.0,-40.67058549746014,23.774490191929065,60.0,-28.2636523773632,14.867120377428993,0.07596604299436514,0.10608590602083467,0.08779779822862639,112.16464513912797,152.7564163506031,128.44341290183365,112,153,128,True,0
17,16,"between GREEN and CYAN, step 4 of 5",16,0,0,-5,-10.0,60.0,12.406933120096937,-8.907369814500072,0.0,-43.350231054783066,15.34227033142028,60.0,-30.94329793468613,6.434900516920209,0.07596855811054054,0.10608590602083467,0.10217934978191542,107.89851050823927,153.2547615095973,136.10168773680925,108,153,136,True,0
18,17,"between GREEN and CYAN, step 5 of 5",17,0,0,-5,-10.0,60.0,12.406933120096937,-8.907369814500072,0.0,-44.89335593351362,6.630118031469099,60.0,-32.48642281341668,-2.277251783030973,0.07676487304714451,0.10608590602083467,0.11746494405103419,105.00602211803198,153.53900905698538,142.6486157812178,105,154,143,True,0
19,18,CYAN handle,18,0,0,-5,-10.0,60.0,12.406933120096937,-8.907369814500072,0.0,-45.304008016666785,-2.208105599756771,60.0,-32.89707489656985,-11.115475414256842,0.0783783200048132,0.10608590602083467,0.133472820061724,103.87198816984892,153.59039179980755,148.75633109360933,104,154,149,True,0
20,19,"between CYAN and BLUE, step 1 of 5",19,0,0,-5,-10.0,60.0,12.406933120096937,-8.907369814500072,0.0,-44.57649568487186,-11.02590339150186,60.0,-32.16956256477492,-19.93327320600193,0.08084251325751145,0.10608590602083467,0.1499893835494286,104.80191987007856,153.38010158389807,154.98330775648355,105,153,155,True,0
21,20,"between CYAN and BLUE, step 2 of 5",20,0,0,-5,-10.0,60.0,12.406933120096937,-8.907369814500072,0.0,-42.69474010281299,-19.671239013587964,60.0,-30.287806982716056,-28.578608828088036,0.08419659208185153,0.10608590602083467,0.16673746810956028,107.96298924833536,152.86641664803028,161.5577282756567,108,153,162,True,0
22,21,"between CYAN and BLUE, step 3 of 5",21,0,0,-5,-10.0,60.0,12.406933120096937,-8.907369814500072,0.0,-39.63477568334308,-27.973012910833727,60.0,-27.227842563246142,-36.8803827253338,0.08847628513274326,0.10608590602083467,0.18333754880935338,113.32472098991275,151.99003547430038,168.36498700082302,113,152,168,True,0
23,22,"between CYAN and BLUE, step 4 of 5",22,0,0,-5,-10.0,60.0,12.406933120096937,-8.907369814500072,0.0,-35.37204005678323,-35.72620045328024,60.0,-22.96510693668629,-44.633570267780314,0.09369783075332559,0.10608590602083467,0.19926098259990108,120.60313353314996,150.67080706357956,175.06023153662682,121,151,175,True,0
24,23,"between CYAN and BLUE, step 5 of 5",23,0,0,-5,-10.0,60.0,12.406933120096937,-8.907369814500072,0.0,-29.897177811346825,-42.67664759608496,60.0,-17.490244691249888,-51.584017410585034,0.09983043090727797,0.10608590602083467,0.21378109284654187,129.2323225317523,148.8104534894228,181.1917345225811,129,149,181,True,0
25,24,BLUE handle,24,0,0,-5,-10.0,60.0,12.406933120096937,-8.907369814500072,0.0,-23.245838369923167,-48.511244044914314,60.0,-10.83890524982623,-57.418613859414386,0.1067536695537865,0.10608590602083467,0.22594551759052262,138.41104516759515,146.31499249488115,186.27962730824947,138,146,186,True,0
26,25,"between BLUE and MAGENTA, step 1 of 5",25,0,0,-5,-10.0,60.0,12.406933120096937,-8.907369814500072,0.0,-15.545390198816976,-52.86852875587569,60.0,-3.138457078720039,-61.77589857037576,0.11420512101779415,0.10608590602083467,0.23462590855230245,147.267054207623,143.14296640455723,189.86446514725685,147,143,190,True,0
27,26,"between BLUE and MAGENTA, step 2 of 5",26,0,0,-5,-10.0,60.0,12.406933120096937,-8.907369814500072,0.0,-7.065500398229713,-55.39326657530841,60.0,5.341432721867224,-64.30063638980849,0.12174804372826491,0.10608590602083467,0.2387256849823561,155.10185949504375,139.38044914975762,191.56662181019783,155,139,192,True,0
28,27,"between BLUE and MAGENTA, step 3 of 5",27,0,0,-5,-10.0,60.0,12.406933120096937,-8.907369814500072,0.0,1.770882353784213,-55.84178853554697,60.0,14.17781547388115,-64.74915835004704,0.12881646243461956,0.10608590602083467,0.23755595582054667,161.56609922647476,135.2950271219015,191.17241576313972,162,135,191,True,0
29,28,"between BLUE and MAGENTA, step 4 of 5",28,0,0,-5,-10.0,60.0,12.406933120096937,-8.907369814500072,0.0,10.461969785025188,-54.184130142156,60.0,22.868902905122127,-63.09149995665607,0.13486291838224168,0.10608590602083467,0.23117293194547023,166.63360990583897,131.2992954812944,188.70732463896275,167,131,189,True,0
30,29,"between BLUE and MAGENTA, step 5 of 5",29,0,0,-5,-10.0,60.0,12.406933120096937,-8.907369814500072,0.0,18.557434321905244,-50.613936027213754,60.0,30.96436744200218,-59.521305841713826,0.13952279072928728,0.10608590602083467,0.22037096876493698,170.43901830911636,127.81626130454242,184.43302519619465,170,128,184,True,0
31,30,MAGENTA handle,30,0,0,-5,-10.0,60.0,12.406933120096937,-8.907369814500072,0.0,25.747315636789907,-45.457538179388486,60.0,38.154248756886844,-54.36490799388856,0.14267199966607957,0.10608590602083467,0.20633175825840122,173.14964845776558,125.14381815679371,178.77115041017532,173,125,179,True,0
32,31,"between MAGENTA and RED, step 1 of 5",31,0,0,-5,-10.0,60.0,12.406933120096937,-8.907369814500072,0.0,31.865350191240974,-39.06594328619278,60.0,44.272283311337915,-47.97331310069285,0.14437047409953338,0.10608590602083467,0.1902403764580929,174.92641411721706,123.40643453411758,172.22232721745968,175,123,172,True,0
33,32,"between MAGENTA and RED, step 2 of 5",32,0,0,-5,-10.0,60.0,12.406933120096937,-8.907369814500072,0.0,36.844534822680856,-31.75221971371464,60.0,49.25146794277779,-40.65958952821471,0.1447720729488268,0.10608590602083467,0.17307876588180163,175.92250786721706,122.58497561328113,165.3039624541998,176,123,165,True,0
34,33,"between MAGENTA and RED, step 3 of 5",33,0,0,-5,-10.0,60.0,12.406933120096937,-8.907369814500072,0.0,40.67058549746032,-23.77449019192862,60.0,53.07751861755726,-32.68186000642869,0.1440573830244635,0.10608590602083467,0.15558314238715512,176.27993948757648,122.57336818613112,158.47346417605877,176,123,158,True,0
35,34,"between MAGENTA and RED, step 4 of 5",34,0,0,-5,-10.0,60.0,12.406933120096937,-8.907369814500072,0.0,43.35023105478317,-15.342270331419808,60.0,55.75716417488011,-24.24964014591988,0.14239819101990303,0.10608590602083467,0.13827945565172362,176.11674204468727,123.22810677811503,151.9981024414301,176,123,152,True,0
36,35,"between MAGENTA and RED, step 5 of 5",35,0,0,-5,-10.0,60.0,12.406933120096937,-8.907369814500072,0.0,44.893355933513675,-6.630118031468575,60.0,57.30028905361061,-15.537487845968647,0.13994341816880104,0.10608590602083467,0.1215383236758381,175.5128176510334,124.40291776321828,145.80109477043152,176,124,146,True,0
37,0,RED handle,0,1,1,-4,-8.0,62.0,12.406933120096937,-8.907369814500072,0.0,45.30400801666679,2.2081055997562062,62.0,57.71094113676373,-6.699264214743866,0.1464982239678442,0.11468344254355396,0.11421759592155635,178.79520691931248,132.00257029384375,143.1056191585958,179,132,143,True,0
38,1,"between RED and YELLOW, step 1 of 5",1,1,1,-4,-8.0,62.0,12.406933120096937,-8.907369814500072,0.0,44.57649568487194,11.025903391501387,62.0,56.983428804968874,2.1185335770013154,0.1426588231483455,0.11468344254355396,0.09864517542884424,177.29644194245338,133.67966825142503,136.27889027819037,177,134,136,True,0
39,2,"between RED and YELLOW, step 2 of 5",2,1,1,-4,-8.0,62.0,12.406933120096937,-8.907369814500072,0.0,42.694740102813135,19.671239013587495,62.0,55.10167322291007,10.763869199087424,0.13829610007297613,0.11468344254355396,0.08430913167219412,175.38321420550346,135.53884483873844,128.28079350292683,175,136,128,True,0
40,3,"between RED and YELLOW, step 3 of 5",3,1,1,-4,-8.0,62.0,12.406933120096937,-8.907369814500072,0.0,39.63477568334325,27.97301291083334,62.0,52.04170880344019,19.065643096333268,0.133479550576713,0.11468344254355396,0.07139060571948841,173.04218642413616,137.52071019262075,118.8077175244689,173,138,119,True,0
41,4,"between RED and YELLOW, step 4 of 5",4,1,1,-4,-8.0,62.0,12.406933120096937,-8.907369814500072,0.0,35.372040056783476,35.726200453279866,62.0,47.77897317688041,26.818830638779794,0.12827327971235009,0.11468344254355396,0.06009283427776475,170.27541048824787,139.57932762801647,108.18818036466837,170,140,108,True,0
42,5,"between RED and YELLOW, step 5 of 5",5,1,1,-4,-8.0,62.0,12.406933120096937,-8.907369814500072,0.0,29.897177811347095,42.67664759608468,62.0,42.30411093144403,33.769277781584606,0.1227474582967282,0.11468344254355396,0.05066296953541846,167.10067324340343,141.67762823402882,97.36809376627207,167,142,97,True,0
43,6,YELLOW handle,6,1,1,-4,-8.0,62.0,12.406933120096937,-8.907369814500072,0.0,23.245838369923515,48.51124404491406,62.0,35.652771490020456,39.603874230413986,0.11699469376925622,0.11468344254355396,0.043404472425824236,163.54061387479305,143.78243789076805,87.69971966743469,164,144,88,True,0
44,7,"between YELLOW and GREEN, step 1 of 5",7,1,1,-4,-8.0,62.0,12.406933120096937,-8.907369814500072,0.0,15.54539019881734,52.86852875587553,62.0,27.952323318914278,43.96115894137546,0.11115007273306193,0.11468344254355396,0.03866345655111948,159.61084574460983,145.8591214567423,80.64735129475594,160,146,81,True,0
45,8,"between YELLOW and GREEN, step 2 of 5",8,1,1,-4,-8.0,62.0,12.406933120096937,-8.907369814500072,0.0,7.065500398230156,55.39326657530833,62.0,19.472433518327094,46.48589676080826,0.1054050172865714,0.11468344254355396,0.03676461800007424,155.31394131481647,147.86631055176258,77.44796477258205,155,148,77,True,0
46,9,"between YELLOW and GREEN, step 3 of 5",9,1,1,-4,-8.0,62.0,12.406933120096937,-8.907369814500072,0.0,-1.77088235378375,55.84178853554699,62.0,10.636050766313188,46.93441872104692,0.09999456787851117,0.11468344254355396,0.03789524901719335,150.64479745924473,149.7556470707059,78.7425097078085,151,150,79,True,0
47,10,"between YELLOW and GREEN, step 4 of 5",10,1,1,-4,-8.0,62.0,12.406933120096937,-8.907369814500072,0.0,-10.461969785024724,54.18413014215614,62.0,1.944963335072213,45.27676032765607,0.09514783151138737,0.11468344254355396,0.04200458797910533,145.608049929142,151.48096539080143,84.31259281933308,146,151,84,True,0
48,11,"between YELLOW and GREEN, step 5 of 5",11,1,1,-4,-8.0,62.0,12.406933120096937,-8.907369814500072,0.0,-18.557434321904815,50.61393602721401,62.0,-6.150501201807877,41.70656621271394,0.09103138511612129,0.11468344254355396,0.048813767987279155,140.24264948442578,153.01039472222328,93.12521673738956,140,153,93,True,0
49,12,GREEN handle,12,1,1,-4,-8.0,62.0,12.406933120096937,-8.907369814500072,0.0,-25.74731563678954,45.457538179388806,62.0,-13.340382516692603,36.550168364888734,0.08772999468567816,0.11468344254355396,0.05793012833244732,134.64611219242215,154.33062057942152,103.68367217481136,135,154,104,True,0
50,13,"between GREEN and CYAN, step 1 of 5",13,1,1,-4,-8.0,62.0,12.406933120096937,-8.907369814500072,0.0,-31.865350191240655,39.06594328619317,62.0,-19.458417071143717,30.158573471693096,0.0852675586487181,0.11468344254355396,0.06896457940381066,128.99147601798177,155.44192604720592,114.47326350957155,129,155,114,True,0
51,14,"between GREEN and CYAN, step 2 of 5",14,1,1,-4,-8.0,62.0,12.406933120096937,-8.907369814500072,0.0,-36.84453482268064,31.752219713715025,62.0,-24.437601702583706,22.844849899214953,0.08363931195138574,0.11468344254355396,0.08158895860082876,123.53427368681878,156.34986642748117,124.34233666397631,124,156,124,True,0
52,15,"between GREEN and CYAN, step 3 of 5",15,1,1,-4,-8.0,62.0,12.406933120096937,-8.907369814500072,0.0,-40.67058549746014,23.774490191929065,62.0,-28.2636523773632,14.867120377428993,0.08283545882716158,0.11468344254355396,0.09554162082748574,118.60783874988556,157.0579318329692,132.75272509083152,119,157,133,True,0
53,16,"between GREEN and CYAN, step 4 of 5",16,1,1,-4,-8.0,62.0,12.406933120096937,-8.907369814500072,0.0,-43.350231054783066,15.34227033142028,62.0,-30.94329793468613,6.434900516920209,0.08285351807662511,0.11468344254355396,0.11060906058160168,114.60284795612097,157.56356690078974,139.8314089514315,115,158,140,True,0
54,17,"between GREEN and CYAN, step 5 of 5",17,1,1,-4,-8.0,62.0,12.406933120096937,-8.907369814500072,0.0,-44.89335593351362,6.630118031469099,62.0,-32.48642281341668,-2.277251783030973,0.08370308752531169,0.11468344254355396,0.1266006188335364,111.92862460389733,157.85737473517656,146.16618297994137,112,158,146,True,0
55,18,CYAN handle,18,1,1,-4,-8.0,62.0,12.406933120096937,-8.907369814500072,0.0,-45.304008016666785,-2.208105599756771,62.0,-32.89707489656985,-11.115475414256842,0.08540637627748592,0.11468344254355396,0.14332179453921412,110.9601829200983,157.92264383286238,152.42995116859674,111,158,152,True,0
56,19,"between CYAN and BLUE, step 1 of 5",19,1,1,-4,-8.0,62.0,12.406933120096937,-8.907369814500072,0.0,-44.57649568487186,-11.02590339150186,62.0,-32.16956256477492,-19.93327320600193,0.0879960366385148,0.11468344254355396,0.16054584206502953,111.98110358789563,157.7350289002061,159.04689140617847,112,158,159,True,0
57,20,"between CYAN and BLUE, step 2 of 5",20,1,1,-4,-8.0,62.0,12.406933120096937,-8.907369814500072,0.0,-42.69474010281299,-19.671239013587964,62.0,-30.287806982716056,-28.578608828088036,0.09151022049449309,0.11468344254355396,0.17798115336980788,115.12854974716902,157.2585230693221,166.070761308074,115,157,166,True,0
58,21,"between CYAN and BLUE, step 3 of 5",21,1,1,-4,-8.0,62.0,12.406933120096937,-8.907369814500072,0.0,-39.63477568334308,-27.973012910833727,62.0,-27.227842563246142,-36.8803827253338,0.0959833652299887,0.11468344254355396,0.19523164016857478,120.34116419032216,156.44064355641603,173.25999453663826,120,156,173,True,0
59,22,"between CYAN and BLUE, step 4 of 5",22,1,1,-4,-8.0,62.0,12.406933120096937,-8.907369814500072,0.0,-35.37204005678323,-35.72620045328024,62.0,-22.96510693668629,-44.633570267780314,0.10142970058076407,0.11468344254355396,0.21174920151200363,127.3142386553809,155.20863186568022,180.21779738366604,127,155,180,True,0
60,23,"between CYAN and BLUE, step 5 of 5",23,1,1,-4,-8.0,62.0,12.406933120096937,-8.907369814500072,0.0,-29.897177811346825,-42.67664759608496,62.0,-17.490244691249888,-51.584017410585034,0.10781508306789486,0.11468344254355396,0.22678424546251105,135.4875504411757,153.47349487245083,186.49872355163097,135,153,186,True,0
61,24,BLUE handle,24,1,1,-4,-8.0,62.0,12.406933120096937,-8.907369814500072,0.0,-23.245838369923167,-48.511244044914314,62.0,-10.83890524982623,-57.418613859414386,0.11501352888015404,0.11468344254355396,0.23935815023660278,144.10932675004005,151.15090180188417,191.65761172771454,144,151,192,True,0
62,25,"between BLUE and MAGENTA, step 1 of 5",25,1,1,-4,-8.0,62.0,12.406933120096937,-8.907369814500072,0.0,-15.545390198816976,-52.86852875587569,62.0,-3.138457078720039,-61.77589857037576,0.12275377249290084,0.11468344254355396,0.24831474829250702,152.40359768271446,148.20621751248837,195.27535200119019,152,148,195,True,0
63,26,"between BLUE and MAGENTA, step 2 of 5",26,1,1,-4,-8.0,62.0,12.406933120096937,-8.907369814500072,0.0,-7.065500398229713,-55.39326657530841,62.0,5.341432721867224,-64.30063638980849,0.1305863299954113,0.11468344254355396,0.25253282865729704,159.7852411866188,144.71989508718252,197.00322568416595,160,145,197,True,0
64,27,"between BLUE and MAGENTA, step 3 of 5",27,1,1,-4,-8.0,62.0,12.406933120096937,-8.907369814500072,0.0,1.770882353784213,-55.84178853554697,62.0,14.17781547388115,-64.74915835004704,0.1379295416294407,0.11468344254355396,0.2513095832869738,165.97914442420006,140.9356401488185,196.63918241858482,166,141,197,True,0
65,28,"between BLUE and MAGENTA, step 4 of 5",28,1,1,-4,-8.0,62.0,12.406933120096937,-8.907369814500072,0.0,10.461969785025188,-54.184130142156,62.0,22.868902905122127,-63.09149995665607,0.1442204824368483,0.11468344254355396,0.24470418854932047,170.95751948654652,137.22695080563426,194.19842138886452,171,137,194,True,0
66,29,"between BLUE and MAGENTA, step 5 of 5",29,1,1,-4,-8.0,62.0,12.406933120096937,-8.907369814500072,0.0,18.557434321905244,-50.613936027213754,62.0,30.96436744200218,-59.521305841713826,0.14908296470822496,0.11468344254355396,0.2335301443454954,174.79440920054913,133.97891929373145,189.91247177124023,175,134,190,True,0
67,30,MAGENTA handle,30,1,1,-4,-8.0,62.0,12.406933120096937,-8.907369814500072,0.0,25.747315636789907,-45.457538179388486,62.0,38.154248756886844,-54.36490799388856,0.15238681546872218,0.11468344254355396,0.2189973630291601,177.58332654833794,131.46780028939247,184.16296988725662,178,131,184,True,0
68,31,"between MAGENTA and RED, step 1 of 5",31,1,1,-4,-8.0,62.0,12.406933120096937,-8.907369814500072,0.0,31.865350191240974,-39.06594328619278,62.0,44.272283311337915,-47.97331310069285,0.15419046155350455,0.11468344254355396,0.20232065470984256,179.42951448261738,129.81511934660375,177.41035602986813,179,130,177,True,0
69,32,"between MAGENTA and RED, step 2 of 5",32,1,1,-4,-8.0,62.0,12.406933120096937,-8.907369814500072,0.0,36.844534822680856,-31.75221971371464,62.0,49.25146794277779,-40.65958952821471,0.15464908255306678,0.11468344254355396,0.18450896163653693,180.45651957392693,129.01000192388892,170.14956884086132,180,129,170,True,0
70,33,"between MAGENTA and RED, step 3 of 5",33,1,1,-4,-8.0,62.0,12.406933120096937,-8.907369814500072,0.0,40.67058549746032,-23.77449019192862,62.0,53.07751861755726,-32.68186000642869,0.15394595159231655,0.11468344254355396,0.166321526093952,180.79772606492043,128.95885999314487,162.86426536738873,181,129,163,True,0
71,34,"between MAGENTA and RED, step 4 of 5",34,1,1,-4,-8.0,62.0,12.406933120096937,-8.907369814500072,0.0,43.35023105478317,-15.342270331419808,62.0,55.75716417488011,-24.24964014591988,0.15225602052748177,0.11468344254355396,0.14830361407190093,180.57793445885181,129.52981973066926,155.92696242034435,181,130,156,True,0
72,35,"between MAGENTA and RED, step 5 of 5",35,1,1,-4,-8.0,62.0,12.406933120096937,-8.907369814500072,0.0,44.893355933513675,-6.630118031468575,62.0,57.30028905361061,-15.537487845968647,0.14973139289571186,0.11468344254355396,0.1308422169540017,179.89273622632027,130.58557740412652,149.4402278959751,180,131,149,True,0
73,0,RED handle,0,2,2,-3,-6.0,64.0,12.406933120096937,-8.907369814500072,0.0,45.30400801666679,2.2081055997562062,64.0,57.71094113676373,-6.699264214743866,0.15663820617162832,0.12373337923409793,0.12326274041366854,183.37088339030743,137.80486464500427,146.76102966070175,183,138,147,True,0
74,1,"between RED and YELLOW, step 1 of 5",1,2,2,-3,-6.0,64.0,12.406933120096937,-8.907369814500072,0.0,44.57649568487194,11.025903391501387,64.0,56.983428804968874,2.1185335770013154,0.15265608401196515,0.12373337923409793,0.10698299839144167,181.757345572114,139.31641973555088,140.1929073035717,182,139,140,True,0
75,2,"between RED and YELLOW, step 2 of 5",2,2,2,-3,-6.0,64.0,12.406933120096937,-8.907369814500072,0.0,42.694740102813135,19.671239013587495,64.0,55.10167322291007,10.763869199087424,0.1481190982223266,0.12373337923409793,0.09197443911595711,179.73363496363163,140.9946433827281,132.83148156479,180,141,133,True,0
76,3,"between RED and YELLOW, step 3 of 5",3,2,2,-3,-6.0,64.0,12.406933120096937,-8.907369814500072,0.0,39.63477568334325,27.97301291083334,64.0,52.04170880344019,19.065643096333268,0.14309921959377786,0.12373337923409793,0.07843175034457806,177.28490196168423,142.78696540743113,124.1811495507136,177,143,124,True,0
77,4,"between RED and YELLOW, step 4 of 5",4,2,2,-3,-6.0,64.0,12.406933120096937,-8.907369814500072,0.0,35.372040056783476,35.726200453279866,64.0,47.77897317688041,26.818830638779794,0.13766326693113295,0.12373337923409793,0.06657334237183449,174.41119976341724,144.6544834971428,114.33630460873246,174,145,114,True,0
78,5,"between RED and YELLOW, step 5 of 5",5,2,2,-3,-6.0,64.0,12.406933120096937,-8.907369814500072,0.0,29.897177811347095,42.67664759608468,64.0,42.30411093144403,33.769277781584606,0.13188490088069293,0.12373337923409793,0.05666413539847671,171.136045306921,146.5672343596816,104.08552911132574,171,147,104,True,0
79,6,YELLOW handle,6,2,2,-3,-6.0,64.0,12.406933120096937,-8.907369814500072,0.0,23.245838369923515,48.51124404491406,64.0,35.652771490020456,39.603874230413986,0.12586184009422885,0.12373337923409793,0.04902845351782805,167.49979622662067,148.49912099540234,94.74302172660828,167,148,95,True,0
80,7,"between YELLOW and GREEN, step 1 of 5",7,2,2,-3,-6.0,64.0,12.406933120096937,-8.907369814500072,0.0,15.54539019881734,52.86852875587553,64.0,27.952323318914278,43.96115894137546,0.11973697549280256,0.12373337923409793,0.04403537751797408,163.54584239423275,150.422127507627,87.82436057925224,164,150,88,True,0
81,8,"between YELLOW and GREEN, step 2 of 5",8,2,2,-3,-6.0,64.0,12.406933120096937,-8.907369814500072,0.0,7.065500398230156,55.39326657530833,64.0,19.472433518327094,46.48589676080826,0.11371294867282028,0.12373337923409793,0.042030731750951775,159.30725533515215,152.30109058320522,84.6454207599163,159,152,85,True,0
82,9,"between YELLOW and GREEN, step 3 of 5",9,2,2,-3,-6.0,64.0,12.406933120096937,-8.907369814500072,0.0,-1.77088235378375,55.84178853554699,64.0,10.636050766313188,46.93441872104692,0.10803862962992139,0.12373337923409793,0.0432141091871459,154.79982890188694,154.092130176723,85.89459992945194,155,154,86,True,0
83,10,"between YELLOW and GREEN, step 4 of 5",10,2,2,-3,-6.0,64.0,12.406933120096937,-8.907369814500072,0.0,-10.461969785024724,54.18413014215614,64.0,1.944963335072213,45.27676032765607,0.10295663270747615,0.12373337923409793,0.04753215891293165,150.02716910094023,155.74993181973696,91.3367173075676,150,156,91,True,0
84,11,"between YELLOW and GREEN, step 5 of 5",11,2,2,-3,-6.0,64.0,12.406933120096937,-8.907369814500072,0.0,-18.557434321904815,50.61393602721401,64.0,-6.150501201807877,41.70656621271394,0.09864335438583277,0.12373337923409793,0.05468905059517669,145.0037607550621,157.23909851163626,99.86912336200476,145,157,100,True,0
85,12,GREEN handle,12,2,2,-3,-6.0,64.0,12.406933120096937,-8.907369814500072,0.0,-25.74731563678954,45.457538179388806,64.0,-13.340382516692603,36.550168364888734,0.0951884514427859,0.12373337923409793,0.06426757537206938,139.78936610743403,158.54036528617144,109.92576062679291,140,159,110,True,0
86,13,"between GREEN and CYAN, step 1 of 5",13,2,2,-3,-6.0,64.0,12.406933120096937,-8.907369814500072,0.0,-31.865350191240655,39.06594328619317,64.0,-19.458417071143717,30.158573471693096,0.09261688019014143,0.12373337923409793,0.07585360914863577,134.52076736837626,159.64736938476562,119.99232770875096,135,160,120,True,0
87,14,"between GREEN and CYAN, step 2 of 5",14,2,2,-3,-6.0,64.0,12.406933120096937,-8.907369814500072,0.0,-36.84453482268064,31.752219713715025,64.0,-24.437601702583706,22.844849899214953,0.09092289382645315,0.12373337923409793,0.08909709115330272,129.42843832075596,160.5589784681797,129.03335879556835,129,161,129,True,0
88,15,"between GREEN and CYAN, step 3 of 5",15,2,2,-3,-6.0,64.0,12.406933120096937,-8.907369814500072,0.0,-40.67058549746014,23.774490191929065,64.0,-28.2636523773632,14.867120377428993,0.09009501056460796,0.12373337923409793,0.1037181931631114,124.8332715081051,161.2737961113453,136.7234255746007,125,161,137,True,0
89,16,"between GREEN and CYAN, step 4 of 5",16,2,2,-3,-6.0,64.0,12.406933120096937,-8.907369814500072,0.0,-43.350231054783066,15.34227033142028,64.0,-30.94329793468613,6.434900516920209,0.09012905614278029,0.12373337923409793,0.11948812079638794,121.11954102292657,161.7861758172512,143.39919140562415,121,162,143,True,0
90,17,"between GREEN and CYAN, step 5 of 5",17,2,2,-3,-6.0,64.0,12.406933120096937,-8.907369814500072,0.0,-44.89335593351362,6.630118031469099,64.0,-32.48642281341668,-2.277251783030973,0.09103319031068732,0.12373337923409793,0.13620265356571,118.68713859468699,162.0864661037922,149.73422951996326,119,162,150,True,0
91,18,CYAN handle,18,2,2,-3,-6.0,64.0,12.406933120096937,-8.907369814500072,0.0,-45.304008016666785,-2.208105599756771,64.0,-32.89707489656985,-11.115475414256842,0.09282846475294602,0.12373337923409793,0.1536543394805333,117.89280071854591,162.16077491641045,156.31952315568924,118,162,156,True,0
92,19,"between CYAN and BLUE, step 1 of 5",19,2,2,-3,-6.0,64.0,12.406933120096937,-8.907369814500072,0.0,-44.57649568487186,-11.02590339150186,64.0,-32.16956256477492,-19.93327320600193,0.09554655472063528,0.12373337923409793,0.17160309593204806,118.99410892277956,161.98916092514992,163.40152613818645,119,162,163,True,0
93,20,"between CYAN and BLUE, step 2 of 5",20,2,2,-3,-6.0,64.0,12.406933120096937,-8.907369814500072,0.0,-42.69474010281299,-19.671239013587964,64.0,-30.287806982716056,-28.578608828088036,0.09922462830691937,0.12373337923409793,0.1897426777952197,122.10004515945911,161.54114216566086,170.86890824139118,122,162,171,True,0
94,21,"between CYAN and BLUE, step 3 of 5",21,2,2,-3,-6.0,64.0,12.406933120096937,-8.907369814500072,0.0,-39.63477568334308,-27.973012910833727,64.0,-27.227842563246142,-36.8803827253338,0.10389584926081366,0.12373337923409793,0.2076601807609872,127.1257956046611,160.76989755034447,178.38968127965927,127,161,178,True,0
95,22,"between CYAN and BLUE, step 4 of 5",22,2,2,-3,-6.0,64.0,12.406933120096937,-8.907369814500072,0.0,-35.37204005678323,-35.72620045328024,64.0,-22.96510693668629,-44.633570267780314,0.10957245744789099,0.12373337923409793,0.2247876703723572,133.75810506753623,159.61012378335,185.55060222744942,134,160,186,True,0
96,23,"between CYAN and BLUE, step 5 of 5",23,2,2,-3,-6.0,64.0,12.406933120096937,-8.907369814500072,0.0,-29.897177811346825,-42.67664759608496,64.0,-17.490244691249888,-51.584017410585034,0.11621695564357497,0.12373337923409793,0.2403520580551917,141.4576760865748,157.9823424294591,191.9328537583351,141,158,192,True,0
97,24,BLUE handle,24,2,2,-3,-6.0,64.0,12.406933120096937,-8.907369814500072,0.0,-23.245838369923167,-48.511244044914314,64.0,-10.83890524982623,-57.418613859414386,0.12369770641041276,0.12373337923409793,0.2533476003087126,149.53698210418224,155.8131604269147,197.1331027150154,150,156,197,True,0
98,25,"between BLUE and MAGENTA, step 1 of 5",25,2,2,-3,-6.0,64.0,12.406933120096937,-8.907369814500072,0.0,-15.545390198816976,-52.86852875587569,64.0,-3.138457078720039,-61.77589857037576,0.13173437166603247,0.12373337923409793,0.2625891756115063,157.32391756027937,153.0764275789261,200.7720610499382,157,153,201,True,0
99,26,"between BLUE and MAGENTA, step 2 of 5",26,2,2,-3,-6.0,64.0,12.406933120096937,-8.907369814500072,0.0,-7.065500398229713,-55.39326657530841,64.0,5.341432721867224,-64.30063638980849,0.13986429457864918,0.12373337923409793,0.266929747002081,164.34096112847328,149.84974522143602,202.52838760614395,164,150,203,True,0
100,27,"between BLUE and MAGENTA, step 3 of 5",27,2,2,-3,-6.0,64.0,12.406933120096937,-8.907369814500072,0.0,1.770882353784213,-55.84178853554697,64.0,14.17781547388115,-64.74915835004704,0.14748954600650688,0.12373337923409793,0.26565178870065287,170.36961123347282,146.3544324785471,202.2085815668106,170,146,202,True,0
101,28,"between BLUE and MAGENTA, step 4 of 5",28,2,2,-3,-6.0,64.0,12.406933120096937,-8.907369814500072,0.0,10.461969785025188,-54.184130142156,64.0,22.868902905122127,-63.09149995665607,0.1540311701106101,0.12373337923409793,0.2588174784337902,175.36045342683792,142.92540527880192,199.8152419924736,175,143,200,True,0
102,29,"between BLUE and MAGENTA, step 5 of 5",29,2,2,-3,-6.0,64.0,12.406933120096937,-8.907369814500072,0.0,18.557434321905244,-50.613936027213754,64.0,30.96436744200218,-59.521305841713826,0.15910106235934016,0.12373337923409793,0.24726034085442852,179.31382969021797,139.9090986326337,195.5510652065277,179,140,196,True,0
103,30,MAGENTA handle,30,2,2,-3,-6.0,64.0,12.406933120096937,-8.907369814500072,0.0,25.747315636789907,-45.457538179388486,64.0,38.154248756886844,-54.36490799388856,0.16256287785272477,0.12373337923409793,0.23221979204725468,182.24540278315544,137.55818093195558,189.75967817008495,182,138,190,True,0
104,31,"between MAGENTA and RED, step 1 of 5",31,2,2,-3,-6.0,64.0,12.406933120096937,-8.907369814500072,0.0,31.865350191240974,-39.06594328619278,64.0,44.272283311337915,-47.97331310069285,0.16447364918645818,0.12373337923409793,0.21494158840430663,184.2066029459238,135.9891453757882,182.86077216267586,184,136,183,True,0
105,32,"between MAGENTA and RED, step 2 of 5",32,2,2,-3,-6.0,64.0,12.406933120096937,-8.907369814500072,0.0,36.844534822680856,-31.75221971371464,64.0,49.25146794277779,-40.65958952821471,0.164990055126821,0.12373337923409793,0.1964625865741223,185.29407419264317,135.1991905644536,175.3152358531952,185,135,175,True,0
106,33,"between MAGENTA and RED, step 3 of 5",33,2,2,-3,-6.0,64.0,12.406933120096937,-8.907369814500072,0.0,40.67058549746032,-23.77449019192862,64.0,53.07751861755726,-32.68186000642869,0.16429822790504314,0.12373337923409793,0.17756566325194534,185.63447892665863,135.10741598904133,167.60361425578594,186,135,168,True,0
107,34,"between MAGENTA and RED, step 4 of 5",34,2,2,-3,-6.0,64.0,12.406933120096937,-8.907369814500072,0.0,43.35023105478317,-15.342270331419808,64.0,55.75716417488011,-24.24964014591988,0.16257642013267223,0.12373337923409793,0.1588157836317529,185.35949148237705,135.59430476278067,160.16284212470055,185,136,160,True,0
108,35,"between MAGENTA and RED, step 5 of 5",35,2,2,-3,-6.0,64.0,12.406933120096937,-8.907369814500072,0.0,44.893355933513675,-6.630118031468575,64.0,57.30028905361061,-15.537487845968647,0.15998001144162635,0.12373337923409793,0.1406165614494505,184.5807232707739,136.5323613770306,153.24824295938015,185,137,153,True,0
109,0,RED handle,0,3,3,-2,-4.0,66.0,12.406933120096937,-8.907369814500072,0.0,45.30400801666679,2.2081055997562062,66.0,57.71094113676373,-6.699264214743866,0.16724671787289122,0.1332473160967697,0.13277279519072618,188.27403768897057,143.36879398673773,150.49482710659504,188,143,150,True,0
110,1,"between RED and YELLOW, step 1 of 5",1,3,3,-2,-4.0,66.0,12.406933120096937,-8.907369814500072,0.0,44.57649568487194,11.025903391501387,66.0,56.983428804968874,2.1185335770013154,0.16311855259259833,0.1332473160967697,0.11576911200643339,186.51827730238438,144.72395706921816,143.95902581512928,187,145,144,True,0
111,2,"between RED and YELLOW, step 2 of 5",2,3,3,-2,-4.0,66.0,12.406933120096937,-8.907369814500072,0.0,42.694740102813135,19.671239013587495,66.0,55.10167322291007,10.763869199087424,0.15840329702987474,0.1332473160967697,0.1000721549812611,184.35216553509235,146.23333677649498,137.05710276961327,184,146,137,True,0
112,3,"between RED and YELLOW, step 3 of 5",3,3,3,-2,-4.0,66.0,12.406933120096937,-8.907369814500072,0.0,39.63477568334325,27.97301291083334,66.0,52.04170880344019,19.065643096333268,0.15317541472008034,0.1332473160967697,0.08589042647428666,181.7617191374302,147.85004742443562,129.16479849256575,182,148,129,True,0
113,4,"between RED and YELLOW, step 4 of 5",4,3,3,-2,-4.0,66.0,12.406933120096937,-8.907369814500072,0.0,35.372040056783476,35.726200453279866,66.0,47.77897317688041,26.818830638779794,0.14750446483176066,0.1332473160967697,0.07345785866643609,178.7436854839325,149.54213082790375,120.14032691717148,179,150,120,True,0
114,5,"between RED and YELLOW, step 5 of 5",5,3,3,-2,-4.0,66.0,12.406933120096937,-8.907369814500072,0.0,29.897177811347095,42.67664759608468,66.0,42.30411093144403,33.769277781584606,0.14146765052001659,0.1332473160967697,0.06305759125292597,175.3236524015665,151.28632843494415,110.5667045339942,175,151,111,True,0
115,6,YELLOW handle,6,3,3,-2,-4.0,66.0,12.406933120096937,-8.907369814500072,0.0,23.245838369923515,48.51124404491406,66.0,35.652771490020456,39.603874230413986,0.13516790507614332,0.1332473160967697,0.05503537463377649,171.55634835362434,153.06320428848267,101.66523948311806,172,153,102,True,0
116,7,"between YELLOW and GREEN, step 1 of 5",7,3,3,-2,-4.0,66.0,12.406933120096937,-8.907369814500072,0.0,15.54539019881734,52.86852875587553,66.0,27.952323318914278,43.96115894137546,0.12875610802219903,0.1332473160967697,0.04978389749798141,167.5125103443861,154.85101595520973,94.96444344520569,168,155,95,True,0
117,8,"between YELLOW and GREEN, step 2 of 5",8,3,3,-2,-4.0,66.0,12.406933120096937,-8.907369814500072,0.0,7.065500398230156,55.39326657530833,66.0,19.472433518327094,46.48589676080826,0.1224464053674214,0.1332473160967697,0.047670713358964105,163.25919337570667,156.6200015321374,91.84028148651123,163,157,92,True,0
118,9,"between YELLOW and GREEN, step 3 of 5",9,3,3,-2,-4.0,66.0,12.406933120096937,-8.907369814500072,0.0,-1.77088235378375,55.84178853554699,66.0,10.636050766313188,46.93441872104692,0.11650185923853566,0.1332473160967697,0.04890807413423752,158.8398690149188,158.32994017750025,93.02264884114265,159,158,93,True,0
119,10,"between YELLOW and GREEN, step 4 of 5",10,3,3,-2,-4.0,66.0,12.406933120096937,-8.907369814500072,0.0,-10.461969785024724,54.18413014215614,66.0,1.944963335072213,45.27676032765607,0.11117894923034773,0.1332473160967697,0.053439979332014845,154.26566306501627,159.93525713682175,98.26234918087721,154,160,98,True,0
120,11,"between YELLOW and GREEN, step 5 of 5",11,3,3,-2,-4.0,66.0,12.406933120096937,-8.907369814500072,0.0,-18.557434321904815,50.61393602721401,66.0,-6.150501201807877,41.70656621271394,0.10666414940936846,0.1332473160967697,0.060953168168798616,149.53358318656683,161.39714509248734,106.40062898397446,150,161,106,True,0
121,12,GREEN handle,12,3,3,-2,-4.0,66.0,12.406933120096937,-8.907369814500072,0.0,-25.74731563678954,45.457538179388806,66.0,-13.340382516692603,36.550168364888734,0.10305212856387286,0.1332473160967697,0.07100520262359289,144.66981377452612,162.69003331661224,115.83379665389657,145,163,116,True,0
122,13,"between GREEN and CYAN, step 1 of 5",13,3,3,-2,-4.0,66.0,12.406933120096937,-8.907369814500072,0.0,-31.865350191240655,39.06594328619317,66.0,-19.458417071143717,30.158573471693096,0.10036891387183275,0.1332473160967697,0.08315623488444038,139.77571723982692,163.8003109395504,125.09929689578712,140,164,125,True,0
123,14,"between GREEN and CYAN, step 2 of 5",14,3,3,-2,-4.0,66.0,12.406933120096937,-8.907369814500072,0.0,-36.84453482268064,31.752219713715025,66.0,-24.437601702583706,22.844849899214953,0.09860773113337445,0.1332473160967697,0.0970337184365159,135.05478121340275,164.72046956419945,133.33176082000136,135,165,133,True,0
124,15,"between GREEN and CYAN, step 3 of 5",15,3,3,-2,-4.0,66.0,12.406933120096937,-8.907369814500072,0.0,-40.67058549746014,23.774490191929065,66.0,-28.2636523773632,14.867120377428993,0.0977553467261394,0.1332473160967697,0.11233917998179695,130.80996106378734,165.44371515512466,140.43854417279363,131,165,140,True,0
125,16,"between GREEN and CYAN, step 4 of 5",16,3,3,-2,-4.0,66.0,12.406933120096937,-8.907369814500072,0.0,-43.350231054783066,15.34227033142028,66.0,-30.94329793468613,6.434900516920209,0.09780582915912553,0.1332473160967697,0.12882818336951357,127.41038204636425,165.96218213438988,146.92337024956942,127,166,147,True,0
126,17,"between GREEN and CYAN, step 5 of 5",17,3,3,-2,-4.0,66.0,12.406933120096937,-8.907369814500072,0.0,-44.89335593351362,6.630118031469099,66.0,-32.48642281341668,-2.277251783030973,0.09876584805630033,0.1332473160967697,0.14628267501828648,125.23600002285093,166.26655340194702,153.45931213349104,125,166,153,True,0
127,18,CYAN handle,18,3,3,-2,-4.0,66.0,12.406933120096937,-8.907369814500072,0.0,-45.304008016666785,-2.208105599756771,66.0,-32.89707489656985,-11.115475414256842,0.100655262278553,0.1332473160967697,0.16448203292942598,124.61763592902571,166.34608313441277,160.48629976809025,125,166,160,True,0
128,19,"between CYAN and BLUE, step 1 of 5",19,3,3,-2,-4.0,66.0,12.406933120096937,-8.907369814500072,0.0,-44.57649568487186,-11.02590339150186,66.0,-32.16956256477492,-19.93327320600193,0.10350475276338106,0.1332473160967697,0.18317264169448177,125.78486727084965,166.18510097265244,168.0578798800707,126,166,168,True,0
129,20,"between CYAN and BLUE, step 2 of 5",20,3,3,-2,-4.0,66.0,12.406933120096937,-8.907369814500072,0.0,-42.69474010281299,-19.671239013587964,66.0,-30.287806982716056,-28.578608828088036,0.10735050375267514,0.1332473160967697,0.20203341231791822,128.82223998662084,165.75748711824417,175.92865213751793,129,166,176,True,0
130,21,"between CYAN and BLUE, step 3 of 5",21,3,3,-2,-4.0,66.0,12.406933120096937,-8.907369814500072,0.0,-39.63477568334308,-27.973012910833727,66.0,-27.227842563246142,-36.8803827253338,0.11222441760649969,0.1332473160967697,0.2206343616699737,133.63014740869403,165.02183139324188,183.71728420257568,134,165,184,True,0
131,22,"between CYAN and BLUE, step 4 of 5",22,3,3,-2,-4.0,66.0,12.406933120096937,-8.907369814500072,0.0,-35.37204005678323,-35.72620045328024,66.0,-22.96510693668629,-44.633570267780314,0.11813675617298698,0.1332473160967697,0.23838734181116378,139.899176415056,163.919495344162,191.02289378643036,140,164,191,True,0
132,23,"between CYAN and BLUE, step 5 of 5",23,3,3,-2,-4.0,66.0,12.406933120096937,-8.907369814500072,0.0,-29.897177811346825,-42.67664759608496,66.0,-17.490244691249888,-51.584017410585034,0.12504665312241378,0.1332473160967697,0.2544951947802098,147.12546050548553,162.38066151738167,197.46575206518173,147,162,197,True,0
133,24,BLUE handle,24,3,3,-2,-4.0,66.0,12.406933120096937,-8.907369814500072,0.0,-23.245838369923167,-48.511244044914314,66.0,-10.83890524982623,-57.418613859414386,0.13281672743189749,0.1332473160967697,0.2679242235156954,154.69810646027327,160.3439024090767,202.68608674407005,155,160,203,True,0
134,25,"between BLUE and MAGENTA, step 1 of 5",25,3,3,-2,-4.0,66.0,12.406933120096937,-8.907369814500072,0.0,-15.545390198816976,-52.86852875587569,66.0,-3.138457078720039,-61.77589857037576,0.1411573395098911,0.1332473160967697,0.27745927350731475,162.05240093171597,157.79279720038176,206.3411258161068,162,158,206,True,0
135,26,"between BLUE and MAGENTA, step 2 of 5",26,3,3,-2,-4.0,66.0,12.406933120096937,-8.907369814500072,0.0,-7.065500398229713,-55.39326657530841,66.0,5.341432721867224,-64.30063638980849,0.1495922447610841,0.1332473160967697,0.2819263566566941,168.80854479968548,154.80422336608171,208.13244849443436,169,155,208,True,0
136,27,"between BLUE and MAGENTA, step 3 of 5",27,3,3,-2,-4.0,66.0,12.406933120096937,-8.907369814500072,0.0,1.770882353784213,-55.84178853554697,66.0,14.17781547388115,-64.74915835004704,0.1575066852056112,0.1332473160967697,0.2805924827822293,174.78481471538544,151.57911032438278,207.87125051021576,175,152,208,True,0
137,28,"between BLUE and MAGENTA, step 4 of 5",28,3,3,-2,-4.0,66.0,12.406933120096937,-8.907369814500072,0.0,10.461969785025188,-54.184130142156,66.0,22.868902905122127,-63.09149995665607,0.1643051331419408,0.1332473160967697,0.2735228704590398,179.89057794213295,148.4149745106697,205.54487094283104,180,148,206,True,0
138,29,"between BLUE and MAGENTA, step 5 of 5",29,3,3,-2,-4.0,66.0,12.406933120096937,-8.907369814500072,0.0,18.557434321905244,-50.613936027213754,66.0,30.96436744200218,-59.521305841713826,0.16958722689250025,0.1332473160967697,0.2615718997003395,184.04166519641876,145.61918903142214,201.32898196578026,184,146,201,True,0
139,30,MAGENTA handle,30,3,3,-2,-4.0,66.0,12.406933120096937,-8.907369814500072,0.0,25.747315636789907,-45.457538179388486,66.0,38.154248756886844,-54.36490799388856,0.17321036429548417,0.1332473160967697,0.2460097022401249,187.17467308044434,143.4200057387352,195.53368493914604,187,143,196,True,0
140,31,"between MAGENTA and RED, step 1 of 5",31,3,3,-2,-4.0,66.0,12.406933120096937,-8.907369814500072,0.0,31.865350191240974,-39.06594328619278,66.0,44.272283311337915,-47.97331310069285,0.1752302760822279,0.1332473160967697,0.2281141333670033,189.29112531244755,141.92799869924784,188.54042999446392,189,142,189,True,0
141,32,"between MAGENTA and RED, step 2 of 5",32,3,3,-2,-4.0,66.0,12.406933120096937,-8.907369814500072,0.0,36.844534822680856,-31.75221971371464,66.0,49.25146794277779,-40.65958952821471,0.17580530266837502,0.1332473160967697,0.20895084489566512,190.4652927070856,141.1478853598237,180.77252201735973,190,141,181,True,0
142,33,"between MAGENTA and RED, step 3 of 5",33,3,3,-2,-4.0,66.0,12.406933120096937,-8.907369814500072,0.0,40.67058549746032,-23.77449019192862,66.0,53.07751861755726,-32.68186000642869,0.17512459606570574,0.1332473160967697,0.1893269450210704,190.82007966935635,141.01160757243633,172.68714107573032,191,141,173,True,0
143,34,"between MAGENTA and RED, step 4 of 5",34,3,3,-2,-4.0,66.0,12.406933120096937,-8.907369814500072,0.0,43.35023105478317,-15.342270331419808,66.0,55.75716417488011,-24.24964014591988,0.17336983797084785,0.1332473160967697,0.16982748469088446,190.4943535476923,141.41308452934027,164.7469997406006,190,141,165,True,0
144,35,"between MAGENTA and RED, step 5 of 5",35,3,3,-2,-4.0,66.0,12.406933120096937,-8.907369814500072,0.0,44.893355933513675,-6.630118031468575,66.0,57.30028905361061,-15.537487845968647,0.17069977466547825,0.1332473160967697,0.15087295944404092,189.6148071438074,142.23510202020407,157.31801457703114,190,142,157,True,0
145,0,RED handle,0,4,4,-1,-2.0,68.0,12.406933120096937,-8.907369814500072,0.0,45.30400801666679,2.2081055997562062,68.0,57.71094113676373,-6.699264214743866,0.1783343112189814,0.1432368531358726,0.14275940913998134,193.53155717253685,148.70171282440424,154.41937241703272,194,149,154,True,0
146,1,"between RED and YELLOW, step 1 of 5",1,4,4,-1,-2.0,68.0,12.406933120096937,-8.907369814500072,0.0,44.57649568487194,11.025903391501387,68.0,56.983428804968874,2.1185335770013154,0.1740568074560633,0.1432368531358726,0.12501518540560994,191.61288052797318,149.91239435970783,147.69808787852526,192,150,148,True,0
147,2,"between RED and YELLOW, step 2 of 5",2,4,4,-1,-2.0,68.0,12.406933120096937,-8.907369814500072,0.0,42.694740102813135,19.671239013587495,68.0,55.10167322291007,10.763869199087424,0.1691592937139582,0.1432368531358726,0.10861395555102345,189.2777120321989,151.26899376511574,141.0381500981748,189,151,141,True,0
148,3,"between RED and YELLOW, step 3 of 5",3,4,4,-1,-2.0,68.0,12.406933120096937,-8.907369814500072,0.0,39.63477568334325,27.97301291083334,68.0,52.04170880344019,19.065643096333268,0.1637187457467394,0.1432368531358726,0.09377831022160994,186.516153216362,152.72917181253433,133.7733750231564,187,153,134,True,0
149,4,"between RED and YELLOW, step 4 of 5",4,4,4,-1,-2.0,68.0,12.406933120096937,-8.907369814500072,0.0,35.372040056783476,35.726200453279866,68.0,47.77897317688041,26.818830638779794,0.1578074912928656,0.1432368531358726,0.0807580557248127,183.32133784890175,154.26686570048332,125.55627284338698,183,154,126,True,0
150,5,"between RED and YELLOW, step 5 of 5",5,4,4,-1,-2.0,68.0,12.406933120096937,-8.907369814500072,0.0,29.897177811347095,42.67664759608468,68.0,42.30411093144403,33.769277781584606,0.15150633005925623,0.1432368531358726,0.0698550051897499,179.71729584038258,155.86492504924536,116.73266217112541,180,156,117,True,0
151,6,YELLOW handle,6,4,4,-1,-2.0,68.0,12.406933120096937,-8.907369814500072,0.0,23.245838369923515,48.51124404491406,68.0,35.652771490020456,39.603874230413986,0.14492351448753482,0.1432368531358726,0.061436899828793246,175.76877191662788,157.50970099121332,108.37370160967112,176,158,108,True,0
152,7,"between YELLOW and GREEN, step 1 of 5",7,4,4,-1,-2.0,68.0,12.406933120096937,-8.907369814500072,0.0,15.54539019881734,52.86852875587553,68.0,27.952323318914278,43.96115894137546,0.13821809779454727,0.1432368531358726,0.055920677567297405,171.571653932333,159.18494749814272,101.97285577654839,172,159,102,True,0
153,8,"between YELLOW and GREEN, step 2 of 5",8,4,4,-1,-2.0,68.0,12.406933120096937,-8.907369814500072,0.0,7.065500398230156,55.39326657530833,68.0,19.472433518327094,46.48589676080826,0.131616015897049,0.1432368531358726,0.05369622216401438,167.228916361928,160.8652800321579,98.93865779042244,167,161,99,True,0
154,9,"between YELLOW and GREEN, step 3 of 5",9,4,4,-1,-2.0,68.0,12.406933120096937,-8.907369814500072,0.0,-1.77088235378375,55.84178853554699,68.0,10.636050766313188,46.93441872104692,0.12539488604886118,0.1432368531358726,0.0549888026828576,162.81791165471077,162.5129248201847,100.03266468644142,163,163,100,True,0
155,10,"between YELLOW and GREEN, step 4 of 5",10,4,4,-1,-2.0,68.0,12.406933120096937,-8.907369814500072,0.0,-10.461969785024724,54.18413014215614,68.0,1.944963335072213,45.27676032765607,0.11982541132203214,0.1432368531358726,0.05973970866459296,158.36615983396769,164.08198982477188,104.99582726508379,158,164,105,True,0
156,11,"between YELLOW and GREEN, step 5 of 5",11,4,4,-1,-2.0,68.0,12.406933120096937,-8.907369814500072,0.0,-18.557434321904815,50.61393602721401,68.0,-6.150501201807877,41.70656621271394,0.11510440168978267,0.1432368531358726,0.06761778169129717,153.86176943778992,165.52954494953156,112.63447092846036,154,166,113,True,0
157,12,GREEN handle,12,4,4,-1,-2.0,68.0,12.406933120096937,-8.907369814500072,0.0,-25.74731563678954,45.457538179388806,68.0,-13.340382516692603,36.550168364888734,0.1113316594725947,0.1432368531358726,0.07815467323804429,149.30328704416752,166.82385429739952,121.3492339476943,149,167,121,True,0
158,13,"between GREEN and CYAN, step 1 of 5",13,4,4,-1,-2.0,68.0,12.406933120096937,-8.907369814500072,0.0,-31.865350191240655,39.06594328619317,68.0,-19.458417071143717,30.158573471693096,0.10853429601731394,0.1432368531358726,0.0908841218364631,144.75956685841084,167.94418618083,129.78662990033627,145,168,130,True,0
159,14,"between GREEN and CYAN, step 2 of 5",14,4,4,-1,-2.0,68.0,12.406933120096937,-8.907369814500072,0.0,-36.84453482268064,31.752219713715025,68.0,-24.437601702583706,22.844849899214953,0.10670446439127398,0.1432368531358726,0.10541050631062134,140.405665487051,168.8766485452652,137.29612989351153,140,169,137,True,0
160,15,"between GREEN and CYAN, step 3 of 5",15,4,4,-1,-2.0,68.0,12.406933120096937,-8.907369814500072,0.0,-40.67058549746014,23.774490191929065,68.0,-28.2636523773632,14.867120377428993,0.10582711356520043,0.1432368531358726,0.12141624403236158,136.52062095701694,169.60975840687752,144.00906343013048,137,170,144,True,0
161,16,"between GREEN and CYAN, step 4 of 5",16,4,4,-1,-2.0,68.0,12.406933120096937,-8.907369814500072,0.0,-43.350231054783066,15.34227033142028,68.0,-30.94329793468613,6.434900516920209,0.10589449069971377,0.1432368531358726,0.13864090057493209,133.44827206805348,170.13389468193054,150.52488159388304,133,170,151,True,0
162,17,"between GREEN and CYAN, step 5 of 5",17,4,4,-1,-2.0,68.0,12.406933120096937,-8.907369814500072,0.0,-44.89335593351362,6.630118031469099,68.0,-32.48642281341668,-2.277251783030973,0.10691172291127293,0.1432368531358726,0.15685231237465483,131.53865698724985,170.44113099575043,157.4280547723174,132,170,157,True,0
163,18,CYAN handle,18,4,4,-1,-2.0,68.0,12.406933120096937,-8.907369814500072,0.0,-45.304008016666785,-2.208105599756771,68.0,-32.89707489656985,-11.115475414256842,0.10889743986857033,0.1432368531358726,0.1758164612827091,131.09071018639952,170.5238677561283,164.9624101817608,131,171,165,True,0
164,19,"between CYAN and BLUE, step 1 of 5",19,4,4,-1,-2.0,68.0,12.406933120096937,-8.907369814500072,0.0,-44.57649568487186,-11.02590339150186,68.0,-32.16956256477492,-19.93327320600193,0.11188130902576564,0.1432368531358726,0.1952659944989173,132.30617210268974,170.36969482898712,173.00410106778145,132,170,173,True,0
165,20,"between CYAN and BLUE, step 2 of 5",20,4,4,-1,-2.0,68.0,12.406933120096937,-8.907369814500072,0.0,-42.69474010281299,-19.671239013587964,68.0,-30.287806982716056,-28.578608828088036,0.11589852753490462,0.1432368531358726,0.2148647627391096,135.25047546252608,169.95646700263023,181.21615581214428,135,170,181,True,0
166,21,"between CYAN and BLUE, step 3 of 5",21,4,4,-1,-2.0,68.0,12.406933120096937,-8.907369814500072,0.0,-39.63477568334308,-27.973012910833727,68.0,-27.227842563246142,-36.8803827253338,0.12097974396753763,0.1432368531358726,0.23416543279672897,139.81827875599265,169.2466726899147,189.20614287257195,140,169,189,True,0
167,22,"between CYAN and BLUE, step 4 of 5",22,4,4,-1,-2.0,68.0,12.406933120096937,-8.907369814500072,0.0,-35.37204005678323,-35.72620045328024,68.0,-22.96510693668629,-44.633570267780314,0.12713324812037682,0.1432368531358726,0.25255925987648903,145.71615602821112,168.18801149725914,196.6051210463047,146,168,197,True,0
168,23,"between CYAN and BLUE, step 5 of 5",23,4,4,-1,-2.0,68.0,12.406933120096937,-8.907369814500072,0.0,-29.897177811346825,-42.67664759608496,68.0,-17.490244691249888,-51.584017410585034,0.13431478322298623,0.1432368531358726,0.26922445162017217,152.488686516881,166.7204238474369,203.07794451713562,152,167,203,True,0
169,24,BLUE handle,24,4,4,-1,-2.0,68.0,12.406933120096937,-8.907369814500072,0.0,-23.245838369923167,-48.511244044914314,68.0,-10.83890524982623,-57.418613859414386,0.14238113130636057,0.1432368531358726,0.28309855154220687,159.6108989417553,164.79474797844887,208.30616757273674,160,165,208,True,0
170,25,"between BLUE and MAGENTA, step 1 of 5",25,4,4,-1,-2.0,68.0,12.406933120096937,-8.907369814500072,0.0,-15.545390198816976,-52.86852875587569,68.0,-3.138457078720039,-61.77589857037576,0.15103312562942736,0.1432368531358726,0.2929353407038764,166.62476778030396,162.40552738308907,211.97843492031097,167,162,212,True,0
171,26,"between BLUE and MAGENTA, step 2 of 5",26,4,4,-1,-2.0,68.0,12.406933120096937,-8.907369814500072,0.0,-7.065500398229713,-55.39326657530841,68.0,5.341432721867224,-64.30063638980849,0.15978053245207013,0.1432368531358726,0.2975328146232411,173.23478288948536,159.63027030229568,213.81445080041885,173,160,214,True,0
172,27,"between BLUE and MAGENTA, step 3 of 5",27,4,4,-1,-2.0,68.0,12.406933120096937,-8.907369814500072,0.0,1.770882353784213,-55.84178853554697,68.0,14.17781547388115,-64.74915835004704,0.16799122712839323,0.1432368531358726,0.29614181774086873,179.27452839910984,156.65126625448465,213.62543374300003,179,157,214,True,0
173,28,"between BLUE and MAGENTA, step 4 of 5",28,4,4,-1,-2.0,68.0,12.406933120096937,-8.907369814500072,0.0,10.461969785025188,-54.184130142156,68.0,22.868902905122127,-63.09149995665607,0.17505258927575507,0.1432368531358726,0.28883065196267077,184.5935209840536,153.73022809624672,211.3822317123413,185,154,211,True,0
174,29,"between BLUE and MAGENTA, step 5 of 5",29,4,4,-1,-2.0,68.0,12.406933120096937,-8.907369814500072,0.0,18.557434321905244,-50.613936027213754,68.0,30.96436744200218,-59.521305841713826,0.18055166803980527,0.1432368531358726,0.276475341253137,189.01516892015934,151.13636188209057,207.2344122827053,189,151,207,True,0
175,30,MAGENTA handle,30,4,4,-1,-2.0,68.0,12.406933120096937,-8.907369814500072,0.0,25.747315636789907,-45.457538179388486,68.0,38.154248756886844,-54.36490799388856,0.18433951322893885,0.1432368531358726,0.2603778843406488,192.39883795380592,149.07337468117476,201.46293237805367,192,149,201,True,0
176,31,"between MAGENTA and RED, step 1 of 5",31,4,4,-1,-2.0,68.0,12.406933120096937,-8.907369814500072,0.0,31.865350191240974,-39.06594328619278,68.0,44.272283311337915,-47.97331310069285,0.18647063305123102,0.1432368531358726,0.24184933723692925,194.70233514904976,147.64596797525883,194.41798120737076,195,148,194,True,0
177,32,"between MAGENTA and RED, step 2 of 5",32,4,4,-1,-2.0,68.0,12.406933120096937,-8.907369814500072,0.0,36.844534822680856,-31.75221971371464,68.0,49.25146794277779,-40.65958952821471,0.18710517840929589,0.1432368531358726,0.22198499849703154,195.9840139746666,146.86600092798471,186.4863134175539,196,147,186,True,0
178,33,"between MAGENTA and RED, step 3 of 5",33,4,4,-1,-2.0,68.0,12.406933120096937,-8.907369814500072,0.0,40.67058549746032,-23.77449019192862,68.0,53.07751861755726,-32.68186000642869,0.1864354713639397,0.1432368531358726,0.2016167952190669,196.36641785502434,146.67884577065706,178.0916214734316,196,147,178,True,0
179,34,"between MAGENTA and RED, step 4 of 5",34,4,4,-1,-2.0,68.0,12.406933120096937,-8.907369814500072,0.0,43.35023105478317,-15.342270331419808,68.0,55.75716417488011,-24.24964014591988,0.18464674470556267,0.1432368531358726,0.18135025344084027,195.9966292977333,146.9919964671135,169.69091065227985,196,147,170,True,0
180,35,"between MAGENTA and RED, step 5 of 5",35,4,4,-1,-2.0,68.0,12.406933120096937,-8.907369814500072,0.0,44.893355933513675,-6.630118031468575,68.0,57.30028905361061,-15.537487845968647,0.18190119902864194,0.1432368531358726,0.16162301870295512,195.0147695839405,147.70000107586384,161.71511583030224,195,148,162,True,0
181,0,RED handle,0,5,5,0,0.0,70.0,12.406933120096937,-8.907369814500072,0.0,45.30400801666679,2.2081055997562062,70.0,57.71094113676373,-6.699264214743866,0.18991154722946116,0.15371359035570975,0.1532342309490186,199.14933532476425,153.82370498031378,158.62550921738148,199,154,159,True,0
182,1,"between RED and YELLOW, step 1 of 5",1,5,5,0,0.0,70.0,12.406933120096937,-8.907369814500072,0.0,44.57649568487194,11.025903391501387,70.0,56.983428804968874,2.1185335770013154,0.18548143285591998,0.15371359035570975,0.1347328852227556,197.05632403492928,154.90361653268337,151.53470020741224,197,155,152,True,0
183,2,"between RED and YELLOW, step 2 of 5",2,5,5,0,0.0,70.0,12.406933120096937,-8.907369814500072,0.0,42.694740102813135,19.671239013587495,70.0,55.10167322291007,10.763869199087424,0.18039768898979658,0.15371359035570975,0.11761151386142071,194.53375339508057,156.12643841654062,144.88418497145176,195,156,145,True,0
184,3,"between RED and YELLOW, step 3 of 5",3,5,5,0,0.0,70.0,12.406933120096937,-8.907369814500072,0.0,39.63477568334325,27.97301291083334,70.0,52.04170880344019,19.065643096333268,0.17473982452124714,0.15371359035570975,0.10210707453106929,191.5788647532463,157.4532588198781,138.0600314028561,192,157,138,True,0
185,4,"between RED and YELLOW, step 4 of 5",4,5,5,0,0.0,70.0,12.406933120096937,-8.907369814500072,0.0,35.372040056783476,35.726200453279866,70.0,47.77897317688041,26.818830638779794,0.16858296534441483,0.15371359035570975,0.08848560337720253,188.1821320205927,158.86187363415956,130.57206556666642,188,159,131,True,0
186,5,"between RED and YELLOW, step 5 of 5",5,5,5,0,0.0,70.0,12.406933120096937,-8.907369814500072,0.0,29.897177811347095,42.67664759608468,70.0,42.30411093144403,33.769277781584606,0.16201156295070088,0.15371359035570975,0.0770680430817636,184.3629189580679,160.3403078019619,122.52302563749254,184,160,123,True,0
187,6,YELLOW handle,6,5,5,0,0.0,70.0,12.406933120096937,-8.907369814500072,0.0,23.245838369923515,48.51124404491406,70.0,35.652771490020456,39.603874230413986,0.1551392943945969,0.15371359035570975,0.06824469138979998,180.1908454298973,161.87971159815788,114.7830380871892,180,162,115,True,0
188,7,"between YELLOW and GREEN, step 1 of 5",7,5,5,0,0.0,70.0,12.406933120096937,-8.907369814500072,0.0,15.54539019881734,52.86852875587553,70.0,27.952323318914278,43.96115894137546,0.14813357239767153,0.15371359035570975,0.06245737735909388,175.78304015100002,163.46804916858673,108.75548232346773,176,163,109,True,0
189,8,"between YELLOW and GREEN, step 2 of 5",8,5,5,0,0.0,70.0,12.406933120096937,-8.907369814500072,0.0,7.065500398230156,55.39326657530833,70.0,19.472433518327094,46.48589676080826,0.1412324087935952,0.15371359035570975,0.06011891624980325,171.2785528600216,165.08321329951286,105.84488980472088,171,165,106,True,0
190,9,"between YELLOW and GREEN, step 3 of 5",9,5,5,0,0.0,70.0,12.406933120096937,-8.907369814500072,0.0,-1.77088235378375,55.84178853554699,70.0,10.636050766313188,46.93441872104692,0.1347283393262981,0.15371359035570975,0.06146795245551818,166.7939195036888,166.68867275118828,106.83013703674078,167,167,107,True,0
191,10,"between YELLOW and GREEN, step 4 of 5",10,5,5,0,0.0,70.0,12.406933120096937,-8.907369814500072,0.0,-10.461969785024724,54.18413014215614,70.0,1.944963335072213,45.27676032765607,0.12890664905232077,0.15371359035570975,0.06644300507038368,162.38185085356236,168.2376292347908,111.44877590239048,162,168,111,True,0
192,11,"between YELLOW and GREEN, step 5 of 5",11,5,5,0,0.0,70.0,12.406933120096937,-8.907369814500072,0.0,-18.557434321904815,50.61393602721401,70.0,-6.150501201807877,41.70656621271394,0.12397474242514805,0.15371359035570975,0.07469455070567667,158.0313028022647,169.683056473732,118.50079279392958,158,170,119,True,0
193,12,GREEN handle,12,5,5,0,0.0,70.0,12.406933120096937,-8.907369814500072,0.0,-25.74731563678954,45.457538179388806,70.0,-13.340382516692603,36.550168364888734,0.12003767708187398,0.15371359035570975,0.08572764868201739,153.72130617499352,170.98745048046112,126.44217416876927,154,171,126,True,0
194,13,"between GREEN and CYAN, step 1 of 5",13,5,5,0,0.0,70.0,12.406933120096937,-8.907369814500072,0.0,-31.865350191240655,39.06594328619317,70.0,-19.458417071143717,30.158573471693096,0.11712366212250225,0.15371359035570975,0.09904893330064213,149.49225470423698,172.12342992424965,134.0859244018793,149,172,134,True,0
195,14,"between GREEN and CYAN, step 2 of 5",14,5,5,0,0.0,70.0,12.406933120096937,-8.907369814500072,0.0,-36.84453482268064,31.752219713715025,70.0,-24.437601702583706,22.844849899214953,0.11522373282293343,0.15371359035570975,0.11423911860657279,145.48995416611433,173.07093188166618,141.02122580632567,145,173,141,True,0
196,15,"between GREEN and CYAN, step 3 of 5",15,5,5,0,0.0,70.0,12.406933120096937,-8.907369814500072,0.0,-40.67058549746014,23.774490191929065,70.0,-28.2636523773632,14.867120377428993,0.1143209553822043,0.15371359035570975,0.13096104634202407,141.96260629221797,173.81496995687485,147.56218437105417,142,174,148,True,0
197,16,"between GREEN and CYAN, step 4 of 5",16,5,5,0,0.0,70.0,12.406933120096937,-8.907369814500072,0.0,-43.350231054783066,15.34227033142028,70.0,-30.94329793468613,6.434900516920209,0.11440569152368267,0.15371359035570975,0.14893792411152146,139.21862153336406,174.34534549713135,154.31388057768345,139,174,154,True,0
198,17,"between GREEN and CYAN, step 5 of 5",17,5,5,0,0.0,70.0,12.406933120096937,-8.907369814500072,0.0,-44.89335593351362,6.630118031469099,70.0,-32.48642281341668,-2.277251783030973,0.11548147316764004,0.15371359035570975,0.16792319688437232,137.56947772577405,174.65578883886337,161.6986095160246,138,175,162,True,0
199,18,CYAN handle,18,5,5,0,0.0,70.0,12.406933120096937,-8.907369814500072,0.0,-45.304008016666785,-2.208105599756771,70.0,-32.89707489656985,-11.115475414256842,0.11756566355943661,0.15371359035570975,0.18766921806551176,137.2789329662919,174.74145904183388,169.7530373185873,137,175,170,True,0
200,19,"between CYAN and BLUE, step 1 of 5",19,5,5,0,0.0,70.0,12.406933120096937,-8.907369814500072,0.0,-44.57649568487186,-11.02590339150186,70.0,-32.16956256477492,-19.93327320600193,0.120686895814676,0.15371359035570975,0.20789468530867564,138.5228788666427,174.5928718149662,178.21269437670708,139,175,178,True,0
201,20,"between CYAN and BLUE, step 2 of 5",20,5,5,0,0.0,70.0,12.406933120096937,-8.907369814500072,0.0,-42.69474010281299,-19.671239013587964,70.0,-30.287806982716056,-28.578608828088036,0.1248793739782027,0.15371359035570975,0.2282481643955047,141.35368326678872,174.18994143605232,186.69484622776508,141,174,187,True,0
202,21,"between CYAN and BLUE, step 3 of 5",21,5,5,0,0.0,70.0,12.406933120096937,-8.907369814500072,0.0,-39.63477568334308,-27.973012910833727,70.0,-27.227842563246142,-36.8803827253338,0.13017249640695627,0.15371359035570975,0.24826469367477366,145.66935773938894,173.49854573607445,194.8248253762722,146,173,195,True,0
203,22,"between CYAN and BLUE, step 4 of 5",22,5,5,0,0.0,70.0,12.406933120096937,-8.907369814500072,0.0,-35.37204005678323,-35.72620045328024,70.0,-22.96510693668629,-44.633570267780314,0.13657258175060535,0.15371359035570975,0.2673145454724315,151.20360877364874,172.47227400541306,202.2767423093319,151,172,202,True,0
204,23,"between CYAN and BLUE, step 5 of 5",23,5,5,0,0.0,70.0,12.406933120096937,-8.907369814500072,0.0,-29.897177811346825,-42.67664759608496,70.0,-17.490244691249888,-51.584017410585034,0.144031956370383,0.15371359035570975,0.2845507350031516,157.56054416298866,171.06008738279343,208.75981763005257,158,171,209,True,0
205,24,BLUE handle,24,5,5,0,0.0,70.0,12.406933120096937,-8.907369814500072,0.0,-23.245838369923167,-48.511244044914314,70.0,-10.83890524982623,-57.418613859414386,0.15240146915169658,0.15371359035570975,0.2988812630627627,164.30680856108665,169.2255002260208,213.99201527237892,164,169,214,True,0
206,25,"between BLUE and MAGENTA, step 1 of 5",25,5,5,0,0.0,70.0,12.406933120096937,-8.907369814500072,0.0,-15.545390198816976,-52.86852875587569,70.0,-3.138457078720039,-61.77589857037576,0.1613722034902595,0.15371359035570975,0.3090278557002136,171.08645796775818,166.97437182068825,217.6883429288864,171,167,218,True,0
207,26,"between BLUE and MAGENTA, step 2 of 5",26,5,5,0,0.0,70.0,12.406933120096937,-8.907369814500072,0.0,-7.065500398229713,-55.39326657530841,70.0,5.341432721867224,-64.30063638980849,0.17043954669924924,0.15371359035570975,0.31375947793492664,177.67116643488407,164.38561633229256,219.58117336034775,178,164,220,True,0
208,27,"between BLUE and MAGENTA, step 3 of 5",27,5,5,0,0.0,70.0,12.406933120096937,-8.907369814500072,0.0,1.770882353784213,-55.84178853554697,70.0,14.17781547388115,-64.74915835004704,0.17895348815050716,0.15371359035570975,0.31231014670484275,183.88748466968536,161.6245172917843,219.47743892669678,184,162,219,True,0
209,28,"between BLUE and MAGENTA, step 4 of 5",28,5,5,0,0.0,70.0,12.406933120096937,-8.907369814500072,0.0,10.461969785025188,-54.184130142156,70.0,22.868902905122127,-63.09149995665607,0.1862838112242907,0.15371359035570975,0.30475129222072955,189.50850784778595,158.91907196491957,217.32965737581253,190,159,217,True,0
210,29,"between BLUE and MAGENTA, step 5 of 5",29,5,5,0,0.0,70.0,12.406933120096937,-8.907369814500072,0.0,18.557434321905244,-50.613936027213754,70.0,30.96436744200218,-59.521305841713826,0.19200465103659975,0.15371359035570975,0.2919813352002241,194.26040366292,156.50185447186232,213.2623252272606,194,157,213,True,0
211,30,MAGENTA handle,30,5,5,0,0.0,70.0,12.406933120096937,-8.907369814500072,0.0,25.747315636789907,-45.457538179388486,70.0,38.154248756886844,-54.36490799388856,0.1959606140804502,0.15371359035570975,0.27533524102520607,197.9306647181511,154.55319363623857,207.53276467323303,198,155,208,True,0
212,31,"between MAGENTA and RED, step 1 of 5",31,5,5,0,0.0,70.0,12.406933120096937,-8.907369814500072,0.0,31.865350191240974,-39.06594328619278,70.0,44.272283311337915,-47.97331310069285,0.19820505431948138,0.15371359035570975,0.25615832471475025,200.44210955500603,153.1722318381071,200.4665194451809,200,153,200,True,0
213,32,"between MAGENTA and RED, step 2 of 5",32,5,5,0,0.0,70.0,12.406933120096937,-8.907369814500072,0.0,36.844534822680856,-31.75221971371464,70.0,49.25146794277779,-40.65958952821471,0.19890007031301815,0.15371359035570975,0.23557635787188547,201.8444775044918,152.37849052995443,192.4204207956791,202,152,192,True,0
214,33,"between MAGENTA and RED, step 3 of 5",33,5,5,0,0.0,70.0,12.406933120096937,-8.907369814500072,0.0,40.67058549746032,-23.77449019192862,70.0,53.07751861755726,-32.68186000642869,0.19824129545671584,0.15371359035570975,0.2144466652748924,202.26446896791458,152.13088631629944,183.78165654838085,202,152,184,True,0
215,34,"between MAGENTA and RED, step 4 of 5",34,5,5,0,0.0,70.0,12.406933120096937,-8.907369814500072,0.0,43.35023105478317,-15.342270331419808,70.0,55.75716417488011,-24.24964014591988,0.19641763011916022,0.15371359035570975,0.19339563950911529,201.8582783639431,152.3513561859727,174.98143516480923,202,152,175,True,0
216,35,"between MAGENTA and RED, step 5 of 5",35,5,5,0,0.0,70.0,12.406933120096937,-8.907369814500072,0.0,44.893355933513675,-6.630118031468575,70.0,57.30028905361061,-15.537487845968647,0.19359481428299125,0.15371359035570975,0.17287835166219181,200.77793553471565,152.9464878514409,166.47315591573715,201,153,166,True,0
217,0,RED handle,0,6,6,1,2.0,72.0,12.406933120096937,-8.907369814500072,0.0,45.30400801666679,2.2081055997562062,72.0,57.71094113676373,-6.699264214743866,0.20198899454502167,0.16468912776058428,0.16420890913391048,205.109041929245,158.76693572849035,163.17291140556335,205,159,163,True,0
218,1,"between RED and YELLOW, step 1 of 5",1,6,6,1,2.0,72.0,12.406933120096937,-8.907369814500072,0.0,44.57649568487194,11.025903391501387,72.0,56.983428804968874,2.1185335770013154,0.19740301794724832,0.16468912776058428,0.144933875938949,202.84129321575165,159.73033413290977,155.58133106678724,203,160,156,True,0
219,2,"between RED and YELLOW, step 2 of 5",2,6,6,1,2.0,72.0,12.406933120096937,-8.907369814500072,0.0,42.694740102813135,19.671239013587495,72.0,55.10167322291007,10.763869199087424,0.19212908659528222,0.16468912776058428,0.12707650014217764,200.12407422065735,160.83995059132576,148.72121147811413,200,161,149,True,0
220,3,"between RED and YELLOW, step 3 of 5",3,6,6,1,2.0,72.0,12.406933120096937,-8.907369814500072,0.0,39.63477568334325,27.97301291083334,72.0,52.04170880344019,19.065643096333268,0.18624926467359398,0.16468912776058428,0.11088838960069945,196.96376100182533,162.05880358815193,142.11442524567246,197,162,142,True,0
221,4,"between RED and YELLOW, step 4 of 5",4,6,6,1,2.0,72.0,12.406933120096937,-8.907369814500072,0.0,35.372040056783476,35.726200453279866,72.0,47.77897317688041,26.818830638779794,0.17984150701689078,0.16468912776058428,0.09665216907884949,193.34984332323074,163.3668377995491,135.21385112777352,193,163,135,True,0
222,5,"between RED and YELLOW, step 5 of 5",5,6,6,1,2.0,72.0,12.406933120096937,-8.907369814500072,0.0,29.897177811347095,42.67664759608468,72.0,42.30411093144403,33.769277781584606,0.1729939731759171,0.16468912776058428,0.08470836886996569,189.29495550692081,164.75536689162254,127.90595644153655,189,165,128,True,0
223,6,YELLOW handle,6,6,6,1,2.0,72.0,12.406933120096937,-8.907369814500072,0.0,23.245838369923515,48.51124404491406,72.0,35.652771490020456,39.603874230413986,0.16582587111972813,0.16468912776058428,0.07547041006103165,184.86806005239487,166.21891155838966,120.82463599741459,185,166,121,True,0
224,7,"between YELLOW and GREEN, step 1 of 5",7,6,6,1,2.0,72.0,12.406933120096937,-8.907369814500072,0.0,15.54539019881734,52.86852875587553,72.0,27.952323318914278,43.96115894137546,0.15851315951944736,0.16468912776058428,0.0694056552459555,180.2021650224924,167.74801790714264,115.22678872570395,180,168,115,True,0
225,8,"between YELLOW and GREEN, step 2 of 5",8,6,6,1,2.0,72.0,12.406933120096937,-8.907369814500072,0.0,7.065500398230156,55.39326657530833,72.0,19.472433518327094,46.48589676080826,0.15130621259351368,0.16468912776058428,0.06695045260180046,175.47047272324562,169.32234182953835,112.4688919633627,175,169,112,True,0
226,9,"between YELLOW and GREEN, step 3 of 5",9,6,6,1,2.0,72.0,12.406933120096937,-8.907369814500072,0.0,-1.77088235378375,55.84178853554699,72.0,10.636050766313188,46.93441872104692,0.14451284826707808,0.16468912776058428,0.06835718002385635,170.83241879940033,170.90593725442886,113.32811515778303,171,171,113,True,0
227,10,"between YELLOW and GREEN, step 4 of 5",10,6,6,1,2.0,72.0,12.406933120096937,-8.907369814500072,0.0,-10.461969785024724,54.18413014215614,72.0,1.944963335072213,45.27676032765607,0.138433292340479,0.16468912776058428,0.07356152560050008,166.3745740056038,172.45016679167747,117.54701737314463,166,172,118,True,0
228,11,"between YELLOW and GREEN, step 5 of 5",11,6,6,1,2.0,72.0,12.406933120096937,-8.907369814500072,0.0,-18.557434321904815,50.61393602721401,72.0,-6.150501201807877,41.70656621271394,0.13328580254728442,0.16468912776058428,0.08219513349767625,162.0977059006691,173.904447555542,123.95506928209215,162,174,124,True,0
229,12,GREEN handle,12,6,6,1,2.0,72.0,12.406933120096937,-8.907369814500072,0.0,-25.74731563678954,45.457538179388806,72.0,-13.340382516692603,36.550168364888734,0.12918081385945163,0.16468912776058428,0.09373578895386868,157.97066945582628,175.22596344351768,131.12016098108143,158,175,131,True,0
230,13,"between GREEN and CYAN, step 1 of 5",13,6,6,1,2.0,72.0,12.406933120096937,-8.907369814500072,0.0,-31.865350191240655,39.06594328619317,72.0,-19.458417071143717,30.158573471693096,0.12614764696336045,0.16468912776058428,0.10766233089456916,154.01068534702063,176.38138264417648,138.06990707293153,154,176,138,True,0
231,14,"between GREEN and CYAN, step 2 of 5",14,6,6,1,2.0,72.0,12.406933120096937,-8.907369814500072,0.0,-36.84453482268064,31.752219713715025,72.0,-24.437601702583706,22.844849899214953,0.1241761745260483,0.16468912776058428,0.12353121739419898,150.33309638500214,177.34586209058762,144.62970692664385,150,177,145,True,0
232,15,"between GREEN and CYAN, step 3 of 5",15,6,6,1,2.0,72.0,12.406933120096937,-8.907369814500072,0.0,-40.67058549746014,23.774490191929065,72.0,-28.2636523773632,14.867120377428993,0.12324751478701869,0.16468912776058428,0.1409852464477845,147.14831437915564,178.1021735072136,151.2257843837142,147,178,151,True,0
233,16,"between GREEN and CYAN, step 4 of 5",16,6,6,1,2.0,72.0,12.406933120096937,-8.907369814500072,0.0,-43.350231054783066,15.34227033142028,72.0,-30.94329793468613,6.434900516920209,0.12335007996064255,0.16468912776058428,0.15973090518181757,144.72024656832218,178.6402702331543,158.37706334888935,145,179,158,True,0
234,17,"between GREEN and CYAN, step 5 of 5",17,6,6,1,2.0,72.0,12.406933120096937,-8.907369814500072,0.0,-44.89335593351362,6.630118031469099,72.0,-32.48642281341668,-2.277251783030973,0.12448575379881104,0.16468912776058428,0.17950696157472082,143.31574503332376,178.95632207393646,166.29942923784256,143,179,166,True,0
235,18,CYAN handle,18,6,6,1,2.0,72.0,12.406933120096937,-8.907369814500072,0.0,-45.304008016666785,-2.208105599756771,72.0,-32.89707489656985,-11.115475414256842,0.12667059511883988,0.16468912776058428,0.20005190291587033,143.16265789791942,179.04728919267654,174.84242722392082,143,179,175,True,0
236,19,"between CYAN and BLUE, step 1 of 5",19,6,6,1,2.0,72.0,12.406933120096937,-8.907369814500072,0.0,-44.57649568487186,-11.02590339150186,72.0,-32.16956256477492,-19.93327320600193,0.12993218035031928,0.16468912776058428,0.2210702586040375,144.41443517804146,178.90531361103058,183.64944264292717,144,179,184,True,0
237,20,"between CYAN and BLUE, step 2 of 5",20,6,6,1,2.0,72.0,12.406933120096937,-8.907369814500072,0.0,-42.69474010281299,-19.671239013587964,72.0,-30.287806982716056,-28.578608828088036,0.13430371197531704,0.16468912776058428,0.24219507777566743,147.11655758321285,178.51153314113617,192.33121678233147,147,179,192,True,0
238,21,"between CYAN and BLUE, step 3 of 5",21,6,6,1,2.0,72.0,12.406933120096937,-8.907369814500072,0.0,-39.63477568334308,-27.973012910833727,72.0,-27.227842563246142,-36.8803827253338,0.13981333820405056,0.16468912776058428,0.26294348595371264,151.17902409285307,177.83431068062782,200.55040374398232,151,178,201,True,0
239,22,"between CYAN and BLUE, step 4 of 5",22,6,6,1,2.0,72.0,12.406933120096937,-8.907369814500072,0.0,-35.37204005678323,-35.72620045328024,72.0,-22.96510693668629,-44.633570267780314,0.14646540306869607,0.16468912776058428,0.2826643844947991,156.37251131236553,176.83198526501656,208.02714094519615,156,177,208,True,0
240,23,"between CYAN and BLUE, step 5 of 5",23,6,6,1,2.0,72.0,12.406933120096937,-8.907369814500072,0.0,-29.897177811346825,-42.67664759608496,72.0,-17.490244691249888,-51.584017410585034,0.15420878527102289,0.16468912776058428,0.3004850444519574,162.36915953457355,175.4624779522419,214.51099902391434,162,175,215,True,0
241,24,BLUE handle,24,6,6,1,2.0,72.0,12.406933120096937,-8.907369814500072,0.0,-23.245838369923167,-48.511244044914314,72.0,-10.83890524982623,-57.418613859414386,0.16288830196727963,0.16468912776058428,0.3152831603023869,168.8293068856001,173.70143204927444,219.7505758702755,169,174,220,True,0
242,25,"between BLUE and MAGENTA, step 1 of 5",25,6,6,1,2.0,72.0,12.406933120096937,-8.907369814500072,0.0,-15.545390198816976,-52.86852875587569,72.0,-3.138457078720039,-61.77589857037576,0.172185066570538,0.16468912776058428,0.3257474477771558,175.48987448215485,171.5658402442932,223.4819832444191,175,172,223,True,0
243,26,"between BLUE and MAGENTA, step 2 of 5",26,6,6,1,2.0,72.0,12.406933120096937,-8.907369814500072,0.0,-7.065500398229713,-55.39326657530841,72.0,5.341432721867224,-64.30063638980849,0.18157970765934772,0.16468912776058428,0.330616871182071,182.17035681009293,169.13636460900307,225.44488951563835,182,169,225,True,0
244,27,"between BLUE and MAGENTA, step 3 of 5",27,6,6,1,2.0,72.0,12.406933120096937,-8.907369814500072,0.0,1.770882353784213,-55.84178853554697,72.0,14.17781547388115,-64.74915835004704,0.19040382524284183,0.16468912776058428,0.3291079910649095,188.6678371578455,166.56258031725883,225.43839186429977,189,167,225,True,0
245,28,"between BLUE and MAGENTA, step 4 of 5",28,6,6,1,2.0,72.0,12.406933120096937,-8.907369814500072,0.0,10.461969785025188,-54.184130142156,72.0,22.868902905122127,-63.09149995665607,0.19800911777170568,0.16468912776058428,0.3212954130044737,194.66457277536392,164.0405112504959,223.3941851556301,195,164,223,True,0
246,29,"between BLUE and MAGENTA, step 5 of 5",29,6,6,1,2.0,72.0,12.406933120096937,-8.907369814500072,0.0,18.557434321905244,-50.613936027213754,72.0,30.96436744200218,-59.521305841713826,0.2039564877225206,0.16468912776058428,0.30810067660611007,199.78884860873222,161.76894754171371,219.41341996192932,200,162,219,True,0
247,30,MAGENTA handle,30,6,6,1,2.0,72.0,12.406933120096937,-8.907369814500072,0.0,25.747315636789907,-45.457538179388486,72.0,38.154248756886844,-54.36490799388856,0.20808399920451343,0.16468912776058428,0.2908927692024328,203.76494005322456,159.90693345665932,213.73418390750885,204,160,214,True,0
248,31,"between MAGENTA and RED, step 1 of 5",31,6,6,1,2.0,72.0,12.406933120096937,-8.907369814500072,0.0,31.865350191240974,-39.06594328619278,72.0,44.272283311337915,-47.97331310069285,0.2104439107701197,0.16468912776058428,0.2710522855666772,206.49186372756958,158.54921881109476,206.66537761688232,206,159,207,True,0
249,32,"between MAGENTA and RED, step 2 of 5",32,6,6,1,2.0,72.0,12.406933120096937,-8.907369814500072,0.0,36.844534822680856,-31.75221971371464,72.0,49.25146794277779,-40.65958952821471,0.21120039576594848,0.16468912776058428,0.2497362746833351,208.01899418234825,157.72367890924215,198.54153513908386,208,158,199,True,0
250,33,"between MAGENTA and RED, step 3 of 5",33,6,6,1,2.0,72.0,12.406933120096937,-8.907369814500072,0.0,40.67058549746032,-23.77449019192862,72.0,53.07751861755726,-32.68186000642869,0.2105525324159676,0.16468912776058428,0.2278280300898957,208.48202973604202,157.4032763019204,189.71696086227894,208,157,190,True,0
251,34,"between MAGENTA and RED, step 4 of 5",34,6,6,1,2.0,72.0,12.406933120096937,-8.907369814500072,0.0,43.35023105478317,-15.342270331419808,72.0,55.75716417488011,-24.24964014591988,0.20869300030436086,0.16468912776058428,0.20597520398551067,208.04731786251068,157.52472538501024,180.58705396950245,208,158,181,True,0
252,35,"between MAGENTA and RED, step 5 of 5",35,6,6,1,2.0,72.0,12.406933120096937,-8.907369814500072,0.0,44.893355933513675,-6.630118031468575,72.0,57.30028905361061,-15.537487845968647,0.20579116155822072,0.16468912776058428,0.18465057475637492,206.87713265419006,158.0070525035262,171.59525446593761,207,158,172,True,0
253,0,RED handle,0,7,7,2,4.0,74.0,12.406933120096937,-8.907369814500072,0.0,45.30400801666679,2.2081055997562062,74.0,57.71094113676373,-6.699264214743866,0.21457722838229357,0.17617506535479954,0.17569509206273884,211.36654615402222,163.57447385787964,168.08810725808144,211,164,168,True,0
254,1,"between RED and YELLOW, step 1 of 5",1,7,7,2,4.0,74.0,12.406933120096937,-8.907369814500072,0.0,44.57649568487194,11.025903391501387,74.0,56.983428804968874,2.1185335770013154,0.2098321561273353,0.17617506535479954,0.15562982017212929,208.93570259213448,164.4347932934761,159.9251800775528,209,164,160,True,0
255,2,"between RED and YELLOW, step 2 of 5",2,7,7,2,4.0,74.0,12.406933120096937,-8.907369814500072,0.0,42.694740102813135,19.671239013587495,74.0,55.10167322291007,10.763869199087424,0.20436409289190288,0.17617506535479954,0.1370205821870971,206.02970972657204,165.4519759118557,152.67606776207685,206,165,153,True,0
256,3,"between RED and YELLOW, step 3 of 5",3,7,7,2,4.0,74.0,12.406933120096937,-8.907369814500072,0.0,39.63477568334325,27.97301291083334,74.0,52.04170880344019,19.065643096333268,0.1982576813850293,0.17617506535479954,0.12013392323834464,202.66473188996315,166.58908009529114,146.05397880077362,203,167,146,True,0
257,4,"between RED and YELLOW, step 4 of 5",4,7,7,2,4.0,74.0,12.406933120096937,-8.907369814500072,0.0,35.372040056783476,35.726200453279866,74.0,47.77897317688041,26.818830638779794,0.19159373721357534,0.17617506535479954,0.10526941821317352,198.83084401488304,167.82648369669914,139.5482186973095,199,168,140,True,0
258,5,"between RED and YELLOW, step 5 of 5",5,7,7,2,4.0,74.0,12.406933120096937,-8.907369814500072,0.0,29.897177811347095,42.67664759608468,74.0,42.30411093144403,33.769277781584606,0.1844641851791431,0.17617506535479954,0.09278764480664485,194.5330162346363,169.15644273161888,132.88622617721558,195,169,133,True,0
259,6,YELLOW handle,6,7,7,2,4.0,74.0,12.406933120096937,-8.907369814500072,0.0,23.245838369923515,48.51124404491406,74.0,35.652771490020456,39.603874230413986,0.1769938712096696,0.17617506535479954,0.0831257152358974,189.83420357108116,170.57492941617966,126.45669972058386,190,171,126,True,0
260,7,"between YELLOW and GREEN, step 1 of 5",7,7,7,2,4.0,74.0,12.406933120096937,-8.907369814500072,0.0,15.54539019881734,52.86852875587553,74.0,27.952323318914278,43.96115894137546,0.16936748693546744,0.17617506535479954,0.07677716849529342,184.87664379179478,172.0734018087387,121.31977412849665,185,172,121,True,0
261,8,"between YELLOW and GREEN, step 2 of 5",8,7,7,2,4.0,74.0,12.406933120096937,-8.907369814500072,0.0,7.065500398230156,55.39326657530833,74.0,19.472433518327094,46.48589676080826,0.16184805583726067,0.17617506535479954,0.0742024872419636,179.86373238265514,173.63169059157372,118.73557174578309,180,174,119,True,0
262,9,"between YELLOW and GREEN, step 3 of 5",9,7,7,2,4.0,74.0,12.406933120096937,-8.907369814500072,0.0,-1.77088235378375,55.84178853554699,74.0,10.636050766313188,46.93441872104692,0.1547590420067422,0.17617506535479954,0.07566814103742935,174.99964758753777,175.2128465473652,119.45669515058398,175,175,119,True,0
263,10,"between YELLOW and GREEN, step 4 of 5",10,7,7,2,4.0,74.0,12.406933120096937,-8.907369814500072,0.0,-10.461969785024724,54.18413014215614,74.0,1.944963335072213,45.27676032765607,0.14841597097375606,0.17617506535479954,0.08110692633376732,170.41294410824776,176.76632478833199,123.2406803034246,170,177,123,True,0
264,11,"between YELLOW and GREEN, step 5 of 5",11,7,7,2,4.0,74.0,12.406933120096937,-8.907369814500072,0.0,-18.557434321904815,50.61393602721401,74.0,-6.150501201807877,41.70656621271394,0.1430482127547327,0.17617506535479954,0.09013118725147215,166.12739726901054,178.23856338858604,128.98790990933776,166,178,129,True,0
265,12,GREEN handle,12,7,7,2,4.0,74.0,12.406933120096937,-8.907369814500072,0.0,-25.74731563678954,45.457538179388806,74.0,-13.340382516692603,36.550168364888734,0.13877170188359547,0.17617506535479954,0.10219075276744471,162.1122819185257,179.58204209804535,135.43309271335602,162,180,135,True,0
266,13,"between GREEN and CYAN, step 1 of 5",13,7,7,2,4.0,74.0,12.406933120096937,-8.907369814500072,0.0,-31.865350191240655,39.06594328619317,74.0,-19.458417071143717,30.158573471693096,0.13561688468717023,0.17617506535479954,0.11673597477026375,158.36733777076006,180.75915053486824,141.84795409440994,158,181,142,True,0
267,14,"between GREEN and CYAN, step 2 of 5",14,7,7,2,4.0,74.0,12.406933120096937,-8.907369814500072,0.0,-36.84453482268064,31.752219713715025,74.0,-24.437601702583706,22.844849899214953,0.13357242661803512,0.17617506535479954,0.1332984632088722,154.97618313878775,181.74187660217285,148.25846660882235,155,182,148,True,0
268,15,"between GREEN and CYAN, step 3 of 5",15,7,7,2,4.0,74.0,12.406933120096937,-8.907369814500072,0.0,-40.67058549746014,23.774490191929065,74.0,-28.2636523773632,14.867120377428993,0.13261743292022657,0.17617506535479954,0.15150050259146566,152.10487861186266,182.51212567090988,155.11327598243952,152,183,155,True,0
269,16,"between GREEN and CYAN, step 4 of 5",16,7,7,2,4.0,74.0,12.406933120096937,-8.907369814500072,0.0,-43.350231054783066,15.34227033142028,74.0,-30.94329793468613,6.434900516920209,0.13273830223443664,0.17617506535479954,0.17103149455815783,149.96603418141603,183.06127980351448,162.7710221707821,150,183,163,True,0
270,17,"between GREEN and CYAN, step 5 of 5",17,7,7,2,4.0,74.0,12.406933120096937,-8.907369814500072,0.0,-44.89335593351362,6.630118031469099,74.0,-32.48642281341668,-2.277251783030973,0.13393521691027685,0.17617506535479954,0.19161524100927163,148.7792742624879,183.3873251080513,171.2321611493826,149,183,171,True,0
271,18,CYAN handle,18,7,7,2,4.0,74.0,12.406933120096937,-8.907369814500072,0.0,-45.304008016666785,-2.208105599756771,74.0,-32.89707489656985,-11.115475414256842,0.13622289263694365,0.17617506535479954,0.2129761207380873,148.7377690896392,183.48871886730194,180.2014734596014,149,183,180,True,0
272,19,"between CYAN and BLUE, step 1 of 5",19,7,7,2,4.0,74.0,12.406933120096937,-8.907369814500072,0.0,-44.57649568487186,-11.02590339150186,74.0,-32.16956256477492,-19.93327320600193,0.13962782548493327,0.17617506535479954,0.2348042704723987,149.97682940214872,183.3575727045536,189.27897356450558,150,183,189,True,0
273,20,"between CYAN and BLUE, step 2 of 5",20,7,7,2,4.0,74.0,12.406933120096937,-8.907369814500072,0.0,-42.69474010281299,-19.671239013587964,74.0,-30.287806982716056,-28.578608828088036,0.14418220577010057,0.17617506535479954,0.2567169848946021,152.5411769002676,182.97508522868156,198.09881329536438,153,183,198,True,0
274,21,"between CYAN and BLUE, step 3 of 5",21,7,7,2,4.0,74.0,12.406933120096937,-8.907369814500072,0.0,-39.63477568334308,-27.973012910833727,74.0,-27.227842563246142,-36.8803827253338,0.1499129285575268,0.17617506535479954,0.27821318720873683,156.36031586676836,182.31120005249977,206.36935830116272,156,182,206,True,0
275,22,"between CYAN and BLUE, step 4 of 5",22,7,7,2,4.0,74.0,12.406933120096937,-8.907369814500072,0.0,-35.37204005678323,-35.72620045328024,74.0,-22.96510693668629,-44.633570267780314,0.15682235599185954,0.17617506535479954,0.29862001809876765,161.25015377998352,181.3284131884575,213.85484263300896,161,181,214,True,0
276,23,"between CYAN and BLUE, step 5 of 5",23,7,7,2,4.0,74.0,12.406933120096937,-8.907369814500072,0.0,-29.897177811346825,-42.67664759608496,74.0,-17.490244691249888,-51.584017410585034,0.16485588456517955,0.17617506535479954,0.3170384584046795,166.95626959204674,179.99287605285645,220.3388375043869,167,180,220,True,0
277,24,BLUE handle,24,7,7,2,4.0,74.0,12.406933120096937,-8.907369814500072,0.0,-23.245838369923167,-48.511244044914314,74.0,-10.83890524982623,-57.418613859414386,0.1738521991069404,0.17617506535479954,0.33231514994387074,173.23092609643936,178.29140335321426,225.59529304504395,173,178,226,True,0
278,25,"between BLUE and MAGENTA, step 1 of 5",25,7,7,2,4.0,74.0,12.406933120096937,-8.907369814500072,0.0,-15.545390198816976,-52.86852875587569,74.0,-3.138457078720039,-61.77589857037576,0.183482225234271,0.17617506535479954,0.3431048734398151,179.891307502985,176.2513992190361,229.37558099627495,180,176,229,True,0
279,26,"between BLUE and MAGENTA, step 2 of 5",26,7,7,2,4.0,74.0,12.406933120096937,-8.907369814500072,0.0,-7.065500398229713,-55.39326657530841,74.0,5.341432721867224,-64.30063638980849,0.19321146170660658,0.17617506535479954,0.34811566016554885,186.78281910717487,173.95474165678024,231.42262995243073,187,174,231,True,0
280,27,"between BLUE and MAGENTA, step 3 of 5",27,7,7,2,4.0,74.0,12.406933120096937,-8.907369814500072,0.0,1.770882353784213,-55.84178853554697,74.0,14.17781547388115,-64.74915835004704,0.20235262958106445,0.17617506535479954,0.3465460139866202,193.65127354860306,171.53604984283447,231.5231953561306,194,172,232,True,0
281,28,"between BLUE and MAGENTA, step 4 of 5",28,7,7,2,4.0,74.0,12.406933120096937,-8.907369814500072,0.0,10.461969785025188,-54.184130142156,74.0,22.868902905122127,-63.09149995665607,0.21023886655197666,0.17617506535479954,0.338473764675659,200.0769643485546,169.16192963719368,229.58656087517738,200,169,230,True,0
282,29,"between BLUE and MAGENTA, step 5 of 5",29,7,7,2,4.0,74.0,12.406933120096937,-8.907369814500072,0.0,18.557434321905244,-50.613936027213754,74.0,30.96436744200218,-59.521305841713826,0.21641752930149552,0.17617506535479954,0.3248442664350086,205.59390351176262,167.0004916191101,225.69199785590172,206,167,226,True,0
283,30,MAGENTA handle,30,7,7,2,4.0,74.0,12.406933120096937,-8.907369814500072,0.0,25.747315636789907,-45.457538179388486,74.0,38.154248756886844,-54.36490799388856,0.22072003729932213,0.17617506535479954,0.3070615455614744,209.8757341504097,165.19246503710747,220.06311669945717,210,165,220,True,0
284,31,"between MAGENTA and RED, step 1 of 5",31,7,7,2,4.0,74.0,12.406933120096937,-8.907369814500072,0.0,31.865350191240974,-39.06594328619278,74.0,44.272283311337915,-47.97331310069285,0.2231976044093271,0.17617506535479954,0.2865424648015895,212.8105978667736,163.8304053246975,212.99922734498978,213,164,213,True,0
285,32,"between MAGENTA and RED, step 2 of 5",32,7,7,2,4.0,74.0,12.406933120096937,-8.907369814500072,0.0,36.844534822680856,-31.75221971371464,74.0,49.25146794277779,-40.65958952821471,0.22401659721346626,0.17617506535479954,0.2644761356577024,214.45674553513527,162.9514440894127,204.82110857963562,214,163,205,True,0
286,33,"between MAGENTA and RED, step 3 of 5",33,7,7,2,4.0,74.0,12.406933120096937,-8.907369814500072,0.0,40.67058549746032,-23.77449019192862,74.0,53.07751861755726,-32.68186000642869,0.22337966546646262,0.17617506535479954,0.24177238462179712,214.96301516890526,162.54321679472923,195.85746556520462,215,163,196,True,0
287,34,"between MAGENTA and RED, step 4 of 5",34,7,7,2,4.0,74.0,12.406933120096937,-8.907369814500072,0.0,43.35023105478317,-15.342270331419808,74.0,55.75716417488011,-24.24964014591988,0.22148337533676388,0.17617506535479954,0.21910051778645734,214.50708523392677,162.55737483501434,186.4660719037056,215,163,186,True,0
288,35,"between MAGENTA and RED, step 5 of 5",35,7,7,2,4.0,74.0,12.406933120096937,-8.907369814500072,0.0,44.893355933513675,-6.630118031468575,74.0,57.30028905361061,-15.537487845968647,0.2185007917702381,0.17617506535479954,0.19695130785939652,213.25979456305504,162.9258182644844,177.05979444086552,213,163,177,True,0
289,0,RED handle,0,8,8,3,6.0,76.0,12.406933120096937,-8.907369814500072,0.0,45.30400801666679,2.2081055997562062,76.0,57.71094113676373,-6.699264214743866,0.22768682965607318,0.18818300314265868,0.1877044279753492,217.85278290510178,168.29785600304604,173.3658416569233,218,168,173,True,0
290,1,"between RED and YELLOW, step 1 of 5",1,8,8,3,6.0,76.0,12.406933120096937,-8.907369814500072,0.0,44.57649568487194,11.025903391501387,76.0,56.983428804968874,2.1185335770013154,0.2227794444799947,0.18818300314265868,0.1668323789211442,215.28197765350342,169.06725391745567,164.62040193378925,215,169,165,True,0
291,2,"between RED and YELLOW, step 2 of 5",2,8,8,3,6.0,76.0,12.406933120096937,-8.907369814500072,0.0,42.694740102813135,19.671239013587495,76.0,55.10167322291007,10.763869199087424,0.21711331652726376,0.18818300314265868,0.1474554256673969,212.20729663968086,170.0111384689808,156.86035003513098,212,170,157,True,0
292,3,"between RED and YELLOW, step 3 of 5",3,8,8,3,6.0,76.0,12.406933120096937,-8.907369814500072,0.0,39.63477568334325,27.97301291083334,76.0,52.04170880344019,19.065643096333268,0.21077569119190898,0.18818300314265868,0.12985534116389055,208.65318775177002,171.0919752717018,150.01041390001774,209,171,150,True,0
293,4,"between RED and YELLOW, step 4 of 5",4,8,8,3,6.0,76.0,12.406933120096937,-8.907369814500072,0.0,35.372040056783476,35.726200453279866,76.0,47.77897317688041,26.818830638779794,0.2038502776019092,0.18818300314265868,0.11434901434965385,204.6113446354866,172.28843986988068,143.67731843143702,205,172,144,True,0
294,5,"between RED and YELLOW, step 5 of 5",5,8,8,3,6.0,76.0,12.406933120096937,-8.907369814500072,0.0,29.897177811347095,42.67664759608468,76.0,42.30411093144403,33.769277781584606,0.19643282381049262,0.18818300314265868,0.10131753166267919,200.07869705557823,173.59126076102257,137.51045739278197,200,174,138,True,0
295,6,YELLOW handle,6,8,8,3,6.0,76.0,12.406933120096937,-8.907369814500072,0.0,23.245838369923515,48.51124404491406,76.0,35.652771490020456,39.603874230413986,0.18865392140828008,0.18818300314265868,0.09122226512089912,195.10792538523674,174.99578699469566,131.67360104620457,195,175,132,True,0
296,7,"between YELLOW and GREEN, step 1 of 5",7,8,8,3,6.0,76.0,12.406933120096937,-8.907369814500072,0.0,15.54539019881734,52.86852875587553,76.0,27.952323318914278,43.96115894137546,0.18070718249848675,0.18818300314265868,0.08458357340231866,189.84276831150055,176.49198710918427,126.99634165735915,190,176,127,True,0
297,8,"between YELLOW and GREEN, step 2 of 5",8,8,8,3,6.0,76.0,12.406933120096937,-8.907369814500072,0.0,7.065500398230156,55.39326657530833,76.0,19.472433518327094,46.48589676080826,0.17286856706881495,0.18818300314265868,0.08188667534410038,184.51079182326794,178.0580122768879,124.59521879442036,185,178,125,True,0
298,9,"between YELLOW and GREEN, step 3 of 5",9,8,8,3,6.0,76.0,12.406933120096937,-8.907369814500072,0.0,-1.77088235378375,55.84178853554699,76.0,10.636050766313188,46.93441872104692,0.16547754962740058,0.18818300314265868,0.08341249033401966,179.36047218739986,179.65468659996986,125.17338698264211,179,180,125,True,0
299,10,"between YELLOW and GREEN, step 4 of 5",10,8,8,3,6.0,76.0,12.406933120096937,-8.907369814500072,0.0,-10.461969785024724,54.18413014215614,76.0,1.944963335072213,45.27676032765607,0.15886531462322803,0.18818300314265868,0.08909086249341001,174.5692104846239,181.22944369912148,128.51436625700444,175,181,129,True,0
300,11,"between YELLOW and GREEN, step 5 of 5",11,8,8,3,6.0,76.0,12.406933120096937,-8.907369814500072,0.0,-18.557434321904815,50.61393602721401,76.0,-6.150501201807877,41.70656621271394,0.15327260354094627,0.18818300314265868,0.09851436818280287,170.1952613890171,182.72616058588028,133.63184116780758,170,183,134,True,0
301,12,GREEN handle,12,8,8,3,6.0,76.0,12.406933120096937,-8.907369814500072,0.0,-25.74731563678954,45.457538179388806,76.0,-13.340382516692603,36.550168364888734,0.14882097289064686,0.18818300314265868,0.11110419770889732,166.21899895370007,184.09439876675606,139.47290863841772,166,184,139,True,0
302,13,"between GREEN and CYAN, step 1 of 5",13,8,8,3,6.0,76.0,12.406933120096937,-8.907369814500072,0.0,-31.865350191240655,39.06594328619317,76.0,-19.458417071143717,30.158573471693096,0.14554200889026284,0.18818300314265868,0.12628152379537697,162.6283474266529,185.2940247952938,145.55551014840603,163,185,146,True,0
303,14,"between GREEN and CYAN, step 2 of 5",14,8,8,3,6.0,76.0,12.406933120096937,-8.907369814500072,0.0,-36.84453482268064,31.752219713715025,76.0,-24.437601702583706,22.844849899214953,0.14342312535903293,0.18818300314265868,0.1435525152440473,159.47402268648148,186.29589423537254,152.04148471355438,159,186,152,True,0
304,15,"between GREEN and CYAN, step 3 of 5",15,8,8,3,6.0,76.0,12.406933120096937,-8.907369814500072,0.0,-40.67058549746014,23.774490191929065,76.0,-28.2636523773632,14.867120377428993,0.1424413496405219,0.18818300314265868,0.16251847188490318,156.8728855624795,187.08252042531967,159.31185498833656,157,187,159,True,0
305,16,"between GREEN and CYAN, step 4 of 5",16,8,8,3,6.0,76.0,12.406933120096937,-8.907369814500072,0.0,-43.350231054783066,15.34227033142028,76.0,-30.94329793468613,6.434900516920209,0.14258100273647098,0.18818300314265868,0.18285134263852015,154.9830113723874,187.64768689870834,167.52112448215485,155,188,168,True,0
306,17,"between GREEN and CYAN, step 5 of 5",17,8,8,3,6.0,76.0,12.406933120096937,-8.907369814500072,0.0,-44.89335593351362,6.630118031469099,76.0,-32.48642281341668,-2.277251783030973,0.14384051211880555,0.18818300314265868,0.20425967108475823,153.97699255496264,187.9907400906086,176.47844463586807,154,188,176,True,0
307,18,CYAN handle,18,8,8,3,6.0,76.0,12.406933120096937,-8.907369814500072,0.0,-45.304008016666785,-2.208105599756771,76.0,-32.89707489656985,-11.115475414256842,0.14623321102199818,0.18818300314265868,0.22645348099300672,154.01660352945328,188.11029687523842,185.7960044592619,154,188,186,True,0
308,19,"between CYAN and BLUE, step 1 of 5",19,8,8,3,6.0,76.0,12.406933120096937,-8.907369814500072,0.0,-44.57649568487186,-11.02590339150186,76.0,-32.16956256477492,-19.93327320600193,0.1497844903029862,0.18818300314265868,0.24910828701334223,155.22338267415762,187.99736693501472,195.0716981291771,155,188,195,True,0
309,20,"between CYAN and BLUE, step 2 of 5",20,8,8,3,6.0,76.0,12.406933120096937,-8.907369814500072,0.0,-42.69474010281299,-19.671239013587964,76.0,-30.287806982716056,-28.578608828088036,0.1545255156088309,0.18818300314265868,0.27182538627785263,157.6469610258937,187.6322217285633,203.9806392788887,158,188,204,True,0
310,21,"between CYAN and BLUE, step 3 of 5",21,8,8,3,6.0,76.0,12.406933120096937,-8.907369814500072,0.0,-39.63477568334308,-27.973012910833727,76.0,-27.227842563246142,-36.8803827253338,0.16048192316816481,0.18818300314265868,0.29408520581084635,161.24290376901627,186.98507845401764,212.27811723947525,161,187,212,True,0
311,22,"between CYAN and BLUE, step 4 of 5",22,8,8,3,6.0,76.0,12.406933120096937,-8.907369814500072,0.0,-35.37204005678323,-35.72620045328024,76.0,-22.96510693668629,-44.633570267780314,0.16765408265304635,0.18818300314265868,0.3151927346645551,165.87840802967548,186.02203533053398,219.7664362192154,166,186,220,True,0
312,23,"between CYAN and BLUE, step 5 of 5",23,8,8,3,6.0,76.0,12.406933120096937,-8.907369814500072,0.0,-29.897177811346825,-42.67664759608496,76.0,-17.490244691249888,-51.584017410585034,0.17598387054113845,0.18818300314265868,0.33422212255025746,171.37483589351177,184.7163037955761,226.25715672969818,171,185,226,True,0
313,24,BLUE handle,24,8,8,3,6.0,76.0,12.406933120096937,-8.907369814500072,0.0,-23.245838369923167,-48.511244044914314,76.0,-10.83890524982623,-57.418613859414386,0.18530373702662484,0.18818300314265868,0.3499882274694554,177.5706998258829,183.06483641266823,231.54374465346336,178,183,232,True,0
314,25,"between BLUE and MAGENTA, step 1 of 5",25,8,8,3,6.0,76.0,12.406933120096937,-8.907369814500072,0.0,-15.545390198816976,-52.86852875587569,76.0,-3.138457078720039,-61.77589857037576,0.19527420417308494,0.18818300314265868,0.36111099714287015,184.34728659689426,181.10386043787003,235.3883707523346,184,181,235,True,0
315,26,"between BLUE and MAGENTA, step 2 of 5",26,8,8,3,6.0,76.0,12.406933120096937,-8.907369814500072,0.0,-7.065500398229713,-55.39326657530841,76.0,5.341432721867224,-64.30063638980849,0.205345277436046,0.18818300314265868,0.36626663036991514,191.55292734503746,178.91550466418266,237.5324361026287,192,179,238,True,0
316,27,"between BLUE and MAGENTA, step 3 of 5",27,8,8,3,6.0,76.0,12.406933120096937,-8.907369814500072,0.0,1.770882353784213,-55.84178853554697,76.0,14.17781547388115,-64.74915835004704,0.21481032132549033,0.18818300314265868,0.36463499877349476,198.8614171743393,176.61940187215805,237.74709418416023,199,177,238,True,0
317,28,"between BLUE and MAGENTA, step 4 of 5",28,8,8,3,6.0,76.0,12.406933120096937,-8.907369814500072,0.0,10.461969785025188,-54.184130142156,76.0,22.868902905122127,-63.09149995665607,0.22298344814403806,0.18818300314265868,0.3562972066418182,205.7440334558487,174.35540735721588,235.9178951382637,206,174,236,True,0
318,29,"between BLUE and MAGENTA, step 5 of 5",29,8,8,3,6.0,76.0,12.406933120096937,-8.907369814500072,0.0,18.557434321905244,-50.613936027213754,76.0,30.96436744200218,-59.521305841713826,0.22939816041075378,0.18818300314265868,0.34222309559500863,211.64893180131912,172.26528391242027,232.10370540618896,212,172,232,True,0
319,30,MAGENTA handle,30,8,8,3,6.0,76.0,12.406933120096937,-8.907369814500072,0.0,25.747315636789907,-45.457538179388486,76.0,38.154248756886844,-54.36490799388856,0.23387912799886157,0.18818300314265868,0.32385271470072574,216.21518477797508,170.47503277659416,226.51813432574272,216,170,227,True,0
320,31,"between MAGENTA and RED, step 1 of 5",31,8,8,3,6.0,76.0,12.406933120096937,-8.907369814500072,0.0,31.865350191240974,-39.06594328619278,76.0,44.272283311337915,-47.97331310069285,0.23647656380542337,0.18818300314265868,0.3026401545755438,219.33480978012085,169.07766535878181,219.45740640163422,219,169,219,True,0
321,32,"between MAGENTA and RED, step 2 of 5",32,8,8,3,6.0,76.0,12.406933120096937,-8.907369814500072,0.0,36.844534822680856,-31.75221971371464,76.0,49.25146794277779,-40.65958952821471,0.23735913855026514,0.18818300314265868,0.27980735753378894,221.0839243233204,168.12096789479256,211.2365247309208,221,168,211,True,0
322,33,"between MAGENTA and RED, step 3 of 5",33,8,8,3,6.0,76.0,12.406933120096937,-8.907369814500072,0.0,40.67058549746032,-23.77449019192862,76.0,53.07751861755726,-32.68186000642869,0.23673319427725809,0.18818300314265868,0.25629124104836876,221.6284503042698,167.6076002418995,202.1668902039528,222,168,202,True,0
323,34,"between MAGENTA and RED, step 4 of 5",34,8,8,3,6.0,76.0,12.406933120096937,-8.907369814500072,0.0,43.35023105478317,-15.342270331419808,76.0,55.75716417488011,-24.24964014591988,0.23479928733485098,0.18818300314265868,0.23278316029166074,221.15773916244507,167.5043521821499,192.57316499948502,221,168,193,True,0
324,35,"between MAGENTA and RED, step 5 of 5",35,8,8,3,6.0,76.0,12.406933120096937,-8.907369814500072,0.0,44.893355933513675,-6.630118031468575,76.0,57.30028905361061,-15.537487845968647,0.231734264289458,0.18818300314265868,0.20979217381640403,219.84924897551537,167.75598227977753,182.82809771597385,220,168,183,True,0
325,0,RED handle,0,9,9,4,8.0,78.0,12.406933120096937,-8.907369814500072,0.0,45.30400801666679,2.2081055997562062,78.0,57.71094113676373,-6.699264214743866,0.24132838423849493,0.20072454112846475,0.20024856500002366,224.47625309228897,172.99552112817764,178.977372944355,224,173,179,True,0
326,1,"between RED and YELLOW, step 1 of 5",1,9,9,4,8.0,78.0,12.406933120096937,-8.907369814500072,0.0,44.57649568487194,11.025903391501387,78.0,56.983428804968874,2.1185335770013154,0.23625548330500362,0.20072454112846475,0.17855321177241912,221.7988559603691,173.68344381451607,169.68550354242325,222,174,170,True,0
327,2,"between RED and YELLOW, step 2 of 5",2,9,9,4,8.0,78.0,12.406933120096937,-8.907369814500072,0.0,42.694740102813135,19.671239013587495,78.0,55.10167322291007,10.763869199087424,0.23038736814839628,0.20072454112846475,0.1583926943978926,218.58929738402367,174.57077220082283,161.35669626295567,219,175,161,True,0
328,3,"between RED and YELLOW, step 3 of 5",3,9,9,4,8.0,78.0,12.406933120096937,-8.907369814500072,0.0,39.63477568334325,27.97301291083334,78.0,52.04170880344019,19.065643096333268,0.22381391181857266,0.20072454112846475,0.1400643072667694,214.8771321773529,175.61839118599892,154.11153003573418,215,176,154,True,0
329,4,"between RED and YELLOW, step 4 of 5",4,9,9,4,8.0,78.0,12.406933120096937,-8.907369814500072,0.0,35.372040056783476,35.726200453279866,78.0,47.77897317688041,26.818830638779794,0.21662175052068586,0.20072454112846475,0.12390261946413408,210.65553590655327,176.80151090025902,147.72860784083605,211,177,148,True,0
330,5,"between RED and YELLOW, step 5 of 5",5,9,9,4,8.0,78.0,12.406933120096937,-8.907369814500072,0.0,29.897177811347095,42.67664759608468,78.0,42.30411093144403,33.769277781584606,0.20891051427732643,0.20072454112846475,0.11030968890502633,205.9134815633297,178.10735642910004,141.86574568971992,206,178,142,True,0
331,6,YELLOW handle,6,9,9,4,8.0,78.0,12.406933120096937,-8.907369814500072,0.0,23.245838369923515,48.51124404491406,78.0,35.652771490020456,39.603874230413986,0.20081664863318358,0.20072454112846475,0.09977171687624996,200.68980306386948,179.52753022313118,136.5122794546187,201,180,137,True,0
332,7,"between YELLOW and GREEN, step 1 of 5",7,9,9,4,8.0,78.0,12.406933120096937,-8.907369814500072,0.0,15.54539019881734,52.86852875587553,78.0,27.952323318914278,43.96115894137546,0.1925428741293569,0.20072454112846475,0.09283652540426722,195.12202262878418,181.0485278069973,132.25674720481038,195,181,132,True,0
333,8,"between YELLOW and GREEN, step 2 of 5",8,9,9,4,8.0,78.0,12.406933120096937,-8.907369814500072,0.0,7.065500398230156,55.39326657530833,78.0,19.472433518327094,46.48589676080826,0.18437837483526642,0.20072454112846475,0.09001467133304315,189.4536805897951,182.64443457126617,130.03410800825804,189,183,130,True,0
334,9,"between YELLOW and GREEN, step 3 of 5",9,9,9,4,8.0,78.0,12.406933120096937,-8.907369814500072,0.0,-1.77088235378375,55.84178853554699,78.0,10.636050766313188,46.93441872104692,0.17667900016397498,0.20072454112846475,0.09160188203447608,183.97469758987427,184.27252560853958,130.4734998056665,184,184,130,True,0
335,10,"between YELLOW and GREEN, step 4 of 5",10,9,9,4,8.0,78.0,12.406933120096937,-8.907369814500072,0.0,-10.461969785024724,54.18413014215614,78.0,1.944963335072213,45.27676032765607,0.16979195285741336,0.20072454112846475,0.09752498854732702,178.91618102788925,185.877985060215,133.39538460597396,179,186,133,True,0
336,11,"between YELLOW and GREEN, step 5 of 5",11,9,9,4,8.0,78.0,12.406933120096937,-8.907369814500072,0.0,-18.557434321904815,50.61393602721401,78.0,-6.150501201807877,41.70656621271394,0.16396960521849094,0.20072454112846475,0.10735633165324195,174.381245970726,187.40304842591286,137.9641216993332,174,187,138,True,0
337,12,GREEN handle,12,9,9,4,8.0,78.0,12.406933120096937,-8.907369814500072,0.0,-25.74731563678954,45.457538179388806,78.0,-13.340382516692603,36.550168364888734,0.15933925831576862,0.20072454112846475,0.12048778037107033,170.37205070257187,188.79662364721298,143.36636496707797,170,189,143,True,0
338,13,"between GREEN and CYAN, step 1 of 5",13,9,9,4,8.0,78.0,12.406933120096937,-8.907369814500072,0.0,-31.865350191240655,39.06594328619317,78.0,-19.458417071143717,30.158573471693096,0.15593365268449555,0.20072454112846475,0.13631063570816257,166.8699800223112,190.01820489764214,149.3381292745471,167,190,149,True,0
339,14,"between GREEN and CYAN, step 2 of 5",14,9,9,4,8.0,78.0,12.406933120096937,-8.907369814500072,0.0,-36.84453482268064,31.752219713715025,78.0,-24.437601702583706,22.844849899214953,0.15373890625683914,0.20072454112846475,0.15430503151551922,163.89244459569454,191.03978767991066,156.09433203935623,164,191,156,True,0
340,15,"between GREEN and CYAN, step 3 of 5",15,9,9,4,8.0,78.0,12.406933120096937,-8.907369814500072,0.0,-40.67058549746014,23.774490191929065,78.0,-28.2636523773632,14.867120377428993,0.15272990368413863,0.20072454112846475,0.17405081045048199,161.5050669014454,191.8465755879879,163.87579008936882,162,192,164,True,0
341,16,"between GREEN and CYAN, step 4 of 5",16,9,9,4,8.0,78.0,12.406933120096937,-8.907369814500072,0.0,-43.350231054783066,15.34227033142028,78.0,-30.94329793468613,6.434900516920209,0.1528888242575485,0.20072454112846475,0.19520209949388584,159.81171056628227,192.43468523025513,172.6259833574295,160,192,173,True,0
342,17,"between GREEN and CYAN, step 5 of 5",17,9,9,4,8.0,78.0,12.406933120096937,-8.907369814500072,0.0,-44.89335593351362,6.630118031469099,78.0,-32.48642281341668,-2.277251783030973,0.15421228687302366,0.20072454112846475,0.21745188885934574,158.9411449804902,192.80417740345,182.0080941170454,159,193,182,True,0
343,18,CYAN handle,18,9,9,4,8.0,78.0,12.406933120096937,-8.907369814500072,0.0,-45.304008016666785,-2.208105599756771,78.0,-32.89707489656985,-11.115475414256842,0.15671220241790515,0.20072454112846475,0.24049559710005688,159.02797032147646,192.95258983969688,191.59289360046387,159,193,192,True,0
344,19,"between CYAN and BLUE, step 1 of 5",19,9,9,4,8.0,78.0,12.406933120096937,-8.907369814500072,0.0,-44.57649568487186,-11.02590339150186,78.0,-32.16956256477492,-19.93327320600193,0.16041283062505704,0.20072454112846475,0.263993882999665,160.18459975719452,192.8687435388565,201.00560411810875,160,193,201,True,0
345,20,"between CYAN and BLUE, step 2 of 5",20,9,9,4,8.0,78.0,12.406933120096937,-8.907369814500072,0.0,-42.69474010281299,-19.671239013587964,78.0,-30.287806982716056,-28.578608828088036,0.16534429828501387,0.20072454112846475,0.28753179843882354,162.47027590870857,192.5307972729206,209.96881395578384,162,193,210,True,0
346,21,"between CYAN and BLUE, step 3 of 5",21,9,9,4,8.0,78.0,12.406933120096937,-8.907369814500072,0.0,-39.63477568334308,-27.973012910833727,78.0,-27.227842563246142,-36.8803827253338,0.17153097472441622,0.20072454112846475,0.31057097665163874,165.87197497487068,191.90845146775246,218.28077673912048,166,192,218,True,0
347,22,"between CYAN and BLUE, step 4 of 5",22,9,9,4,8.0,78.0,12.406933120096937,-8.907369814500072,0.0,-35.37204005678323,-35.72620045328024,78.0,-22.96510693668629,-44.633570267780314,0.17897122365303575,0.20072454112846475,0.33239386312525043,170.31181633472443,190.97015261650085,225.7747422158718,170,191,226,True,0
348,23,"between CYAN and BLUE, step 5 of 5",23,9,9,4,8.0,78.0,12.406933120096937,-8.907369814500072,0.0,-29.897177811346825,-42.67664759608496,78.0,-17.490244691249888,-51.584017410585034,0.18760336089860005,0.20072454112846475,0.35204724017358624,175.68614155054092,189.69542741775513,232.28386133909225,176,190,232,True,0
349,24,BLUE handle,24,9,9,4,8.0,78.0,12.406933120096937,-8.907369814500072,0.0,-23.245838369923167,-48.511244044914314,78.0,-10.83890524982623,-57.418613859414386,0.19725349825076866,0.20072454112846475,0.3683134642371635,181.91028736531734,188.0894359946251,237.61616080999374,182,188,238,True,0
350,25,"between BLUE and MAGENTA, step 1 of 5",25,9,9,4,8.0,78.0,12.406933120096937,-8.907369814500072,0.0,-15.545390198816976,-52.86852875587569,78.0,-3.138457078720039,-61.77589857037576,0.2075715402994015,0.20072454112846475,0.37977677541698346,188.9109405130148,186.19507804512978,241.5404610335827,189,186,242,True,0
351,26,"between BLUE and MAGENTA, step 2 of 5",26,9,9,4,8.0,78.0,12.406933120096937,-8.907369814500072,0.0,-7.065500398229713,-55.39326657530841,78.0,5.341432721867224,-64.30063638980849,0.21799164237623875,0.20072454112846475,0.38508066925802087,196.51517987251282,184.09268885850906,243.79259258508682,197,184,244,True,0
352,27,"between BLUE and MAGENTA, step 3 of 5",27,9,9,4,8.0,78.0,12.406933120096937,-8.907369814500072,0.0,1.770882353784213,-55.84178853554697,78.0,14.17781547388115,-64.74915835004704,0.22778734532863684,0.20072454112846475,0.38338583107533364,204.3066541850567,181.887279599905,244.12488475441933,204,182,244,True,0
353,28,"between BLUE and MAGENTA, step 4 of 5",28,9,9,4,8.0,78.0,12.406933120096937,-8.907369814500072,0.0,10.461969785025188,-54.184130142156,78.0,22.868902905122127,-63.09149995665607,0.23625328121213912,0.20072454112846475,0.37477669127114127,211.64509400725365,179.69465285539627,242.3981662094593,212,180,242,True,0
354,29,"between BLUE and MAGENTA, step 5 of 5",29,9,9,4,8.0,78.0,12.406933120096937,-8.907369814500072,0.0,18.557434321905244,-50.613936027213754,78.0,30.96436744200218,-59.521305841713826,0.24290879423081124,0.20072454112846475,0.3602482317827187,217.9061396420002,177.63477578759193,238.65349754691124,218,178,239,True,0
355,30,MAGENTA handle,30,9,9,4,8.0,78.0,12.406933120096937,-8.907369814500072,0.0,25.747315636789907,-45.457538179388486,78.0,38.154248756886844,-54.36490799388856,0.24757169740272633,0.20072454112846475,0.3412774793150316,222.7138316631317,175.8239145576954,233.09868201613426,223,176,233,True,0
356,31,"between MAGENTA and RED, step 1 of 5",31,9,9,4,8.0,78.0,12.406933120096937,-8.907369814500072,0.0,31.865350191240974,-39.06594328619278,78.0,44.272283311337915,-47.97331310069285,0.2502912403071768,0.20072454112846475,0.3193566874793598,225.97969561815262,174.35822680592537,226.03217840194702,226,174,226,True,0
357,32,"between MAGENTA and RED, step 2 of 5",32,9,9,4,8.0,78.0,12.406933120096937,-8.907369814500072,0.0,36.844534822680856,-31.75221971371464,78.0,49.25146794277779,-40.65958952821471,0.25123850211717447,0.20072454112846475,0.295741382860744,227.8062044084072,173.29752892255783,217.77001574635506,228,173,218,True,0
358,33,"between MAGENTA and RED, step 3 of 5",33,9,9,4,8.0,78.0,12.406933120096937,-8.907369814500072,0.0,40.67058549746032,-23.77449019192862,78.0,53.07751861755726,-32.68186000642869,0.2506236327001579,0.20072454112846475,0.2713961263992019,228.37920606136322,172.65999913215637,208.6146578192711,228,173,209,True,0
359,34,"between MAGENTA and RED, step 4 of 5",34,9,9,4,8.0,78.0,12.406933120096937,-8.907369814500072,0.0,43.35023105478317,-15.342270331419808,78.0,55.75716417488011,-24.24964014591988,0.24865127883425864,0.20072454112846475,0.24703471820160294,227.89909422397614,172.42761120200157,198.8650117814541,228,172,199,True,0
360,35,"between MAGENTA and RED, step 5 of 5",35,9,9,4,8.0,78.0,12.406933120096937,-8.907369814500072,0.0,44.893355933513675,-6.630118031468575,78.0,57.30028905361061,-15.537487845968647,0.24550214582079727,0.20072454112846475,0.22318479805018385,226.54784113168716,172.55776941776276,188.8529708236456,227,173,189,True,0
361,0,RED handle,0,10,10,5,10.0,80.0,12.406933120096937,-8.907369814500072,0.0,45.30400801666679,2.2081055997562062,80.0,57.71094113676373,-6.699264214743866,0.2555124823308538,0.21381127931652116,0.21333915116761695,231.12816855311394,177.72935271263123,184.87824350595474,231,178,185,True,0
362,1,"between RED and YELLOW, step 1 of 5",1,10,10,5,10.0,80.0,12.406933120096937,-8.907369814500072,0.0,44.57649568487194,11.025903391501387,80.0,56.983428804968874,2.1185335770013154,0.25027087571782225,0.21381127931652116,0.19080397707575528,228.3854453265667,178.34265500307083,175.10863713920116,228,178,175,True,0
363,2,"between RED and YELLOW, step 2 of 5",2,10,10,5,10.0,80.0,12.406933120096937,-8.907369814500072,0.0,42.694740102813135,19.671239013587495,80.0,55.10167322291007,10.763869199087424,0.2441968601571547,0.21381127931652116,0.16984405056410576,225.08656114339828,179.18637692928314,166.2119199335575,225,179,166,True,0
364,3,"between RED and YELLOW, step 3 of 5",3,10,10,5,10.0,80.0,12.406933120096937,-8.907369814500072,0.0,39.63477568334325,27.97301291083334,80.0,52.04170880344019,19.065643096333268,0.23738296203435902,0.21381127931652116,0.1507724838262715,221.2622107565403,180.21993666887283,158.46537441015244,221,180,158,True,0
365,4,"between RED and YELLOW, step 4 of 5",4,10,10,5,10.0,80.0,12.406933120096937,-8.907369814500072,0.0,35.372040056783476,35.726200453279866,80.0,47.77897317688041,26.818830638779794,0.22991877890044962,0.21381127931652116,0.13394189412777702,216.90547853708267,181.4139237999916,151.83798853307962,217,181,152,True,0
366,5,"between RED and YELLOW, step 5 of 5",5,10,10,5,10.0,80.0,12.406933120096937,-8.907369814500072,0.0,29.897177811347095,42.67664759608468,80.0,42.30411093144403,33.769277781584606,0.22190788210245097,0.21381127931652116,0.11977577484929665,211.99742630124092,182.74971172213554,146.07175804674625,212,183,146,True,0
367,6,YELLOW handle,6,10,10,5,10.0,80.0,12.406933120096937,-8.907369814500072,0.0,23.245838369923515,48.51124404491406,80.0,35.652771490020456,39.603874230413986,0.21349267995565926,0.21381127931652116,0.10878572673696192,206.560320854187,184.21255722641945,141.05236418545246,207,184,141,True,0
368,7,"between YELLOW and GREEN, step 1 of 5",7,10,10,5,10.0,80.0,12.406933120096937,-8.907369814500072,0.0,15.54539019881734,52.86852875587553,80.0,27.952323318914278,43.96115894137546,0.2048851898092091,0.21381127931652116,0.10154767917889289,200.7180355489254,185.78287616372108,137.14544897899032,201,186,137,True,0
369,8,"between YELLOW and GREEN, step 2 of 5",8,10,10,5,10.0,80.0,12.406933120096937,-8.907369814500072,0.0,7.065500398230156,55.39326657530833,80.0,19.472433518327094,46.48589676080826,0.19638810768646064,0.21381127931652116,0.09859812897022631,194.7204601764679,187.4281346797943,135.08153937757015,195,187,135,True,0
370,9,"between YELLOW and GREEN, step 3 of 5",9,10,10,5,10.0,80.0,12.406933120096937,-8.907369814500072,0.0,-1.77088235378375,55.84178853554699,80.0,10.636050766313188,46.93441872104692,0.18837402260958633,0.21381127931652116,0.10024796962456288,188.89304347336292,189.10075172781944,135.39635628461838,189,189,135,True,0
371,10,"between YELLOW and GREEN, step 4 of 5",10,10,10,5,10.0,80.0,12.406933120096937,-8.907369814500072,0.0,-10.461969785024724,54.18413014215614,80.0,1.944963335072213,45.27676032765607,0.18120651515401753,0.21381127931652116,0.10642095829458796,183.52266624569893,190.74326679110527,137.95587899163365,184,191,138,True,0
372,11,"between YELLOW and GREEN, step 5 of 5",11,10,10,5,10.0,80.0,12.406933120096937,-8.907369814500072,0.0,-18.557434321904815,50.61393602721401,80.0,-6.150501201807877,41.70656621271394,0.1751498479398975,0.21381127931652116,0.11666873226866345,178.76622207462788,192.29802936315536,142.10155913606286,179,192,142,True,0
373,12,GREEN handle,12,10,10,5,10.0,80.0,12.406933120096937,-8.907369814500072,0.0,-25.74731563678954,45.457538179388806,80.0,-13.340382516692603,36.550168364888734,0.1703371893280013,0.21381127931652116,0.13035315646911894,174.6568527817726,193.71533051133156,147.26121582090855,175,194,147,True,0
374,13,"between GREEN and CYAN, step 1 of 5",13,10,10,5,10.0,80.0,12.406933120096937,-8.907369814500072,0.0,-31.865350191240655,39.06594328619317,80.0,-19.458417071143717,30.158573471693096,0.16680244875433017,0.21381127931652116,0.1468349672505354,171.17458663880825,194.95726346969604,153.33321779966354,171,195,153,True,0
375,14,"between GREEN and CYAN, step 2 of 5",14,10,10,5,10.0,80.0,12.406933120096937,-8.907369814500072,0.0,-36.84453482268064,31.752219713715025,80.0,-24.437601702583706,22.844849899214953,0.1645304041567993,0.21381127931652116,0.16556766900212977,168.30492362380028,195.9997147321701,160.50231590867043,168,196,161,True,0
376,15,"between GREEN and CYAN, step 3 of 5",15,10,10,5,10.0,80.0,12.406933120096937,-8.907369814500072,0.0,-40.67058549746014,23.774490191929065,80.0,-28.2636523773632,14.867120377428993,0.16349373280106286,0.21381127931652116,0.18610917354120848,166.06376588344574,196.83171808719635,168.82705740630627,166,197,169,True,0
377,16,"between GREEN and CYAN, step 4 of 5",16,10,10,5,10.0,80.0,12.406933120096937,-8.907369814500072,0.0,-43.350231054783066,15.34227033142028,80.0,-30.94329793468613,6.434900516920209,0.1636724081853741,0.21381127931652116,0.20809541490858968,164.5047703385353,197.45153322815895,178.06472651660442,165,197,178,True,0
378,17,"between GREEN and CYAN, step 5 of 5",17,10,10,5,10.0,80.0,12.406933120096937,-8.907369814500072,0.0,-44.89335593351362,6.630118031469099,80.0,-32.48642281341668,-2.277251783030973,0.16506118672568784,0.21381127931652116,0.23120353240678104,163.7180833518505,197.85930454730988,187.78703302145004,164,198,188,True,0
379,18,CYAN handle,18,10,10,5,10.0,80.0,12.406933120096937,-8.907369814500072,0.0,-45.304008016666785,-2.208105599756771,80.0,-32.89707489656985,-11.115475414256842,0.16767051655770732,0.21381127931652116,0.2551140859310494,163.81613709032536,198.05025950074196,197.56534472107887,164,198,198,True,0
380,19,"between CYAN and BLUE, step 1 of 5",19,10,10,5,10.0,80.0,12.406933120096937,-8.907369814500072,0.0,-44.57649568487186,-11.02590339150186,80.0,-32.16956256477492,-19.93327320600193,0.17152349943295855,0.21381127931652116,0.2794726407476892,164.9064277857542,198.00980687141418,207.0677836239338,165,198,207,True,0
381,20,"between CYAN and BLUE, step 2 of 5",20,10,10,5,10.0,80.0,12.406933120096937,-8.907369814500072,0.0,-42.69474010281299,-19.671239013587964,80.0,-30.287806982716056,-28.578608828088036,0.17664920759745353,0.21381127931652116,0.3038477517577135,167.06219270825386,197.71290600299835,216.06405928730965,167,198,216,True,0
382,21,"between CYAN and BLUE, step 3 of 5",21,10,10,5,10.0,80.0,12.406933120096937,-8.907369814500072,0.0,-39.63477568334308,-27.973012910833727,80.0,-27.227842563246142,-36.8803827253338,0.18307073330929174,0.21381127931652116,0.3276819575610654,170.30525408685207,197.1281173825264,224.38785463571548,170,197,224,True,0
383,22,"between CYAN and BLUE, step 4 of 5",22,10,10,5,10.0,80.0,12.406933120096937,-8.907369814500072,0.0,-35.37204005678323,-35.72620045328024,80.0,-22.96510693668629,-44.633570267780314,0.1907844182709593,0.21381127931652116,0.3502347673947638,174.6142342686653,196.2250654399395,231.89632773399353,175,196,232,True,0
384,23,"between CYAN and BLUE, step 5 of 5",23,10,10,5,10.0,80.0,12.406933120096937,-8.907369814500072,0.0,-29.897177811346825,-42.67664759608496,80.0,-17.490244691249888,-51.584017410585034,0.19972497455170496,0.21381127931652116,0.3705250641175226,179.95600663125515,194.9877606332302,238.43842908740044,180,195,238,True,0
385,24,BLUE handle,24,10,10,5,10.0,80.0,12.406933120096937,-8.907369814500072,0.0,-23.245838369923167,-48.511244044914314,80.0,-10.83890524982623,-57.418613859414386,0.20971207051408425,0.21381127931652116,0.38730199675035193,186.31030306220055,193.42786073684692,243.83267283439636,186,193,244,True,0
386,25,"between BLUE and MAGENTA, step 1 of 5",25,10,10,5,10.0,80.0,12.406933120096937,-8.907369814500072,0.0,-15.545390198816976,-52.86852875587569,80.0,-3.138457078720039,-61.77589857037576,0.2203847810007546,0.21381127931652116,0.3991132437161783,193.6278896033764,191.59200444817543,247.85067602992058,194,192,248,True,0
387,26,"between BLUE and MAGENTA, step 2 of 5",26,10,10,5,10.0,80.0,12.406933120096937,-8.907369814500072,0.0,-7.065500398229713,-55.39326657530841,80.0,5.341432721867224,-64.30063638980849,0.23116106026886832,0.21381127931652116,0.4045687516183998,201.69100373983383,189.55633208155632,250.21861776709557,202,190,250,True,0
388,27,"between BLUE and MAGENTA, step 3 of 5",27,10,10,5,10.0,80.0,12.406933120096937,-8.907369814500072,0.0,1.770882353784213,-55.84178853554697,80.0,14.17781547388115,-64.74915835004704,0.24129416758365502,0.21381127931652116,0.40280948416738455,209.97780427336693,187.4108912050724,250.6673964858055,210,187,251,True,0
389,28,"between BLUE and MAGENTA, step 4 of 5",28,10,10,5,10.0,80.0,12.406933120096937,-8.907369814500072,0.0,10.461969785025188,-54.184130142156,80.0,22.868902905122127,-63.09149995665607,0.25005880848175355,0.21381127931652116,0.39392325057298533,217.73941218852997,185.25052472949028,249.03374254703522,218,185,249,True,0
390,29,"between BLUE and MAGENTA, step 5 of 5",29,10,10,5,10.0,80.0,12.406933120096937,-8.907369814500072,0.0,18.557434321905244,-50.613936027213754,80.0,30.96436744200218,-59.521305841713826,0.25695986842932966,0.21381127931652116,0.3789308085712438,224.29732829332352,183.17915707826614,245.34350216388702,224,183,245,True,0
391,30,MAGENTA handle,30,10,10,5,10.0,80.0,12.406933120096937,-8.907369814500072,0.0,25.747315636789907,-45.457538179388486,80.0,38.154248756886844,-54.36490799388856,0.26180819435928865,0.21381127931652116,0.3593470920366163,229.28280517458916,181.30841106176376,239.80311825871468,229,181,240,True,0
392,31,"between MAGENTA and RED, step 1 of 5",31,10,10,5,10.0,80.0,12.406933120096937,-8.907369814500072,0.0,31.865350191240974,-39.06594328619278,80.0,44.272283311337915,-47.97331310069285,0.26465210489031266,0.21381127931652116,0.3367034309412478,232.64258489012718,179.74075958132744,232.71714448928833,233,180,233,True,0
393,32,"between MAGENTA and RED, step 2 of 5",32,10,10,5,10.0,80.0,12.406933120096937,-8.907369814500072,0.0,36.844534822680856,-31.75221971371464,80.0,49.25146794277779,-40.65958952821471,0.26566518618881557,0.21381127931652116,0.31228967648272316,234.5129357278347,178.549295514822,224.40815314650536,235,179,224,True,0
394,33,"between MAGENTA and RED, step 3 of 5",33,10,10,5,10.0,80.0,12.406933120096937,-8.907369814500072,0.0,40.67058549746032,-23.77449019192862,80.0,53.07751861755726,-32.68186000642869,0.2650615068714074,0.21381127931652116,0.2870985805678489,235.10080978274345,177.76779145002365,215.17629012465477,235,178,215,True,0
395,34,"between MAGENTA and RED, step 4 of 5",34,10,10,5,10.0,80.0,12.406933120096937,-8.907369814500072,0.0,43.35023105478317,-15.342270331419808,80.0,55.75716417488011,-24.24964014591988,0.26304990141848456,0.21381127931652116,0.2618667845752547,234.61586460471153,177.39324554800987,205.3034470975399,235,177,205,True,0
396,35,"between MAGENTA and RED, step 5 of 5",35,10,10,5,10.0,80.0,12.406933120096937,-8.907369814500072,0.0,44.893355933513675,-6.630118031468575,80.0,57.30028905361061,-15.537487845968647,0.2598150094571206,0.21381127931652116,0.2371408082285042,233.2420939207077,177.3957534134388,195.0858637690544,233,177,195,True,0
