output_id,base_color_id,description,target_order,level_rank,level_index,offset_steps,offset_L,grey_L,grey_u,grey_v,delta_L,delta_U,delta_V,target_L,target_u,target_v,target_X,target_Y,target_Z,pred_r_float,pred_g_float,pred_b_float,pred_r_int,pred_g_int,pred_b_int,in_gamut,out_of_gamut_channels
1,0,RED handle,0,0,0,-5,-10.0,62.988231990194976,-1.14292547643406,-44.41300317248697,0.0,45.30400801666679,2.2081055997562062,62.988231990194976,44.161082540232734,-42.20489757273076,0.15648151212371483,0.11909789677105893,0.19515739043347968,180.48116505146027,134.24276288598776,174.49136406183243,180,134,174,True,0
2,1,"between RED and YELLOW, step 1 of 5",1,0,0,-5,-10.0,62.988231990194976,-1.14292547643406,-44.41300317248697,0.0,44.57649568487194,11.025903391501387,62.988231990194976,43.43357020843788,-33.38709978098558,0.1520574167955483,0.11909789677105893,0.17575380957245512,178.38410697877407,136.33547589182854,166.43334545195103,178,136,166,True,0
3,2,"between RED and YELLOW, step 2 of 5",2,0,0,-5,-10.0,62.988231990194976,-1.14292547643406,-44.41300317248697,0.0,42.694740102813135,19.671239013587495,62.988231990194976,41.55181462637908,-24.74176415889947,0.14706881081806106,0.11909789677105893,0.15792718913036172,175.93451522290707,138.59194301068783,159.25068587064743,176,139,159,True,0
4,3,"between RED and YELLOW, step 3 of 5",3,0,0,-5,-10.0,62.988231990194976,-1.14292547643406,-44.41300317248697,0.0,39.63477568334325,27.97301291083334,62.988231990194976,38.49185020690919,-16.439990261653627,0.14159574578950093,0.11909789677105893,0.14188709229997895,173.17378856241703,140.92464353889227,153.03774185478687,173,141,153,True,0
5,4,"between RED and YELLOW, step 4 of 5",4,0,0,-5,-10.0,62.988231990194976,-1.14292547643406,-44.41300317248697,0.0,35.372040056783476,35.726200453279866,62.988231990194976,34.22911458034942,-8.686802719207101,0.13571086452543105,0.11909789677105893,0.12786844565079522,170.09876556694508,143.27524490654469,147.69700303673744,170,143,148,True,0
6,5,"between RED and YELLOW, step 5 of 5",5,0,0,-5,-10.0,62.988231990194976,-1.14292547643406,-44.41300317248697,0.0,29.897177811347095,42.67664759608468,62.988231990194976,28.754252334913037,-1.736355576402289,0.1294922820090931,0.11909789677105893,0.11615902050729515,166.66426666080952,145.6073697656393,143.07202516123652,167,146,143,True,0
7,6,YELLOW handle,6,0,0,-5,-10.0,62.988231990194976,-1.14292547643406,-44.41300317248697,0.0,23.245838369923515,48.51124404491406,62.988231990194976,22.102912893489457,4.098240872427091,0.12304173989797719,0.11909789677105893,0.10711553672764325,162.78923079371452,147.8975847736001,139.17140811681747,163,148,139,True,0
8,7,"between YELLOW and GREEN, step 1 of 5",7,0,0,-5,-10.0,62.988231990194976,-1.14292547643406,-44.41300317248697,0.0,15.54539019881734,52.86852875587553,62.988231990194976,14.40246472238328,8.455525583388564,0.11650669282155314,0.11909789677105893,0.1011486175888275,158.3592252060771,150.12324694544077,136.29770686849952,158,150,136,True,0
9,8,"between YELLOW and GREEN, step 2 of 5",8,0,0,-5,-10.0,62.988231990194976,-1.14292547643406,-44.41300317248697,0.0,7.065500398230156,55.39326657530833,62.988231990194976,5.9225749217960955,10.980263402821365,0.11009557405183244,0.11909789677105893,0.09864718720856971,153.22856191545725,152.25250639021397,134.92592917755246,153,152,135,True,0
10,9,"between YELLOW and GREEN, step 3 of 5",9,0,0,-5,-10.0,62.988231990194976,-1.14292547643406,-44.41300317248697,0.0,-1.77088235378375,55.84178853554699,62.988231990194976,-2.91380783021781,11.428785363060022,0.10406401130331738,0.11909789677105893,0.09983979309472553,147.23968997597694,154.24187064170837,135.37306543439627,147,154,135,True,0
11,10,"between YELLOW and GREEN, step 4 of 5",10,0,0,-5,-10.0,62.988231990194976,-1.14292547643406,-44.41300317248697,0.0,-10.461969785024724,54.18413014215614,62.988231990194976,-11.604895261458784,9.771126969669176,0.09866089204264615,0.11909789677105893,0.10467286113718972,140.27579985558987,156.04404743760824,137.53304148092866,140,156,138,True,0
12,11,"between YELLOW and GREEN, step 5 of 5",11,0,0,-5,-10.0,62.988231990194976,-1.14292547643406,-44.41300317248697,0.0,-18.557434321904815,50.61393602721401,62.988231990194976,-19.700359798338873,6.200932854727043,0.09406692843934802,0.11909789677105893,0.11282074579870496,132.33431576751173,157.62250553816557,140.95777111127973,132,158,141,True,0
13,12,GREEN handle,12,0,0,-5,-10.0,62.988231990194976,-1.14292547643406,-44.41300317248697,0.0,-25.74731563678954,45.457538179388806,62.988231990194976,-26.8902411132236,1.0445350069018389,0.0903740972042702,0.11909789677105893,0.1238215481273153,123.58241900335997,158.95858984440565,145.2087103575468,124,159,145,True,0
14,13,"between GREEN and CYAN, step 1 of 5",13,0,0,-5,-10.0,62.988231990194976,-1.14292547643406,-44.41300317248697,0.0,-31.865350191240655,39.06594328619317,62.988231990194976,-33.00827566767472,-5.347059886293799,0.08760890583960973,0.11909789677105893,0.13721766694179283,114.36887646093965,160.05059614777565,150.12449517846107,114,160,150,True,0
15,14,"between GREEN and CYAN, step 2 of 5",14,0,0,-5,-10.0,62.988231990194976,-1.14292547643406,-44.41300317248697,0.0,-36.84453482268064,31.752219713715025,62.988231990194976,-37.9874602991147,-12.660783458771942,0.08576775230812972,0.11909789677105893,0.15262483474907418,105.19333116710186,160.90848371386528,155.7991486787796,105,161,156,True,0
16,15,"between GREEN and CYAN, step 3 of 5",15,0,0,-5,-10.0,62.988231990194976,-1.14292547643406,-44.41300317248697,0.0,-40.67058549746014,23.774490191929065,62.988231990194976,-41.813510973894196,-20.638512980557902,0.08484279003628162,0.11909789677105893,0.16973893018807537,96.65250856429338,161.54868096113205,162.36762061715126,97,162,162,True,0
17,16,"between GREEN and CYAN, step 4 of 5",16,0,0,-5,-10.0,62.988231990194976,-1.14292547643406,-44.41300317248697,0.0,-43.350231054783066,15.34227033142028,62.988231990194976,-44.493156531217124,-29.070732841066686,0.08483542812364263,0.11909789677105893,0.18831367773687877,89.38467465341091,161.98944970965385,169.82032410800457,89,162,170,True,0
18,17,"between GREEN and CYAN, step 5 of 5",17,0,0,-5,-10.0,62.988231990194976,-1.14292547643406,-44.41300317248697,0.0,-44.89335593351362,6.630118031469099,62.988231990194976,-46.03628140994768,-37.78288514101787,0.0857615554565756,0.11909789677105893,0.2081296038422477,84.02355752885342,162.24498599767685,177.96782031655312,84,162,178,True,0
19,18,CYAN handle,18,0,0,-5,-10.0,62.988231990194976,-1.14292547643406,-44.41300317248697,0.0,-45.304008016666785,-2.208105599756771,62.988231990194976,-46.44693349310084,-46.62110877224374,0.0876521292625318,0.11909789677105893,0.22896074365180288,81.1617410928011,162.3190288245678,186.5153742581606,81,162,187,True,0
20,19,"between CYAN and BLUE, step 1 of 5",19,0,0,-5,-10.0,62.988231990194976,-1.14292547643406,-44.41300317248697,0.0,-44.57649568487186,-11.02590339150186,62.988231990194976,-45.71942116130592,-55.43890656398882,0.09055073466965902,0.11909789677105893,0.2505384802134152,81.30969375371933,162.1977849304676,195.15457168221474,81,162,195,True,0
21,20,"between CYAN and BLUE, step 2 of 5",20,0,0,-5,-10.0,62.988231990194976,-1.14292547643406,-44.41300317248697,0.0,-42.69474010281299,-19.671239013587964,62.988231990194976,-43.83766557924705,-64.08424218607493,0.09450790386268258,0.11909789677105893,0.27250915592748176,84.83374625444412,161.8426787853241,203.61101031303406,85,162,204,True,0
22,21,"between CYAN and BLUE, step 3 of 5",21,0,0,-5,-10.0,62.988231990194976,-1.14292547643406,-44.41300317248697,0.0,-39.63477568334308,-27.973012910833727,62.988231990194976,-40.77770115977714,-72.3860160833207,0.0995703347861758,0.11909789677105893,0.29438166846595226,91.85401394963264,161.1830797791481,211.64365008473396,92,161,212,True,0
23,22,"between CYAN and BLUE, step 4 of 5",22,0,0,-5,-10.0,62.988231990194976,-1.14292547643406,-44.41300317248697,0.0,-35.37204005678323,-35.72620045328024,62.988231990194976,-36.514965533217286,-80.13920362576721,0.10576135269653746,0.11909789677105893,0.3154636148870934,102.1004681289196,160.11153727769852,219.01644006371498,102,160,219,True,0
24,23,"between CYAN and BLUE, step 5 of 5",23,0,0,-5,-10.0,62.988231990194976,-1.14292547643406,-44.41300317248697,0.0,-29.897177811346825,-42.67664759608496,62.988231990194976,-31.040103287780884,-87.08965076857193,0.11304730515652722,0.11909789677105893,0.3347935462791022,114.77524375542998,158.485807813704,225.46535521745682,115,158,225,True,0
25,24,BLUE handle,24,0,0,-5,-10.0,62.988231990194976,-1.14292547643406,-44.41300317248697,0.0,-23.245838369923167,-48.511244044914314,62.988231990194976,-24.388763846357225,-92.92424721740127,0.12128552569268777,0.11909789677105893,0.3511006731319791,128.55059600668028,156.15302179008722,230.68160891532898,129,156,231,True,0
26,25,"between BLUE and MAGENTA, step 1 of 5",25,0,0,-5,-10.0,62.988231990194976,-1.14292547643406,-44.41300317248697,0.0,-15.545390198816976,-52.86852875587569,62.988231990194976,-16.688315675251037,-97.28153192836265,0.13016031651211282,0.11909789677105893,0.36286790808482194,141.8592869862914,153.01143776625395,234.33057591319084,142,153,234,True,0
27,26,"between BLUE and MAGENTA, step 2 of 5",26,0,0,-5,-10.0,62.988231990194976,-1.14292547643406,-44.41300317248697,0.0,-7.065500398229713,-55.39326657530841,62.988231990194976,-8.208425874663773,-99.80626974779537,0.1391436221497087,0.11909789677105893,0.3686086644538038,153.4433776885271,149.1071605682373,236.11703485250473,153,149,236,True,0
28,27,"between BLUE and MAGENTA, step 3 of 5",27,0,0,-5,-10.0,62.988231990194976,-1.14292547643406,-44.41300317248697,0.0,1.770882353784213,-55.84178853554697,62.988231990194976,0.6279568773501532,-100.25479170803393,0.14755044584272592,0.11909789677105893,0.36737416504278214,162.77415700256824,144.71231449395418,235.8744102716446,163,145,236,True,0
29,28,"between BLUE and MAGENTA, step 4 of 5",28,0,0,-5,-10.0,62.988231990194976,-1.14292547643406,-44.41300317248697,0.0,10.461969785025188,-54.184130142156,62.988231990194976,9.319044308591128,-98.59713331464297,0.15471952143909218,0.11909789677105893,0.3592143483771074,169.966464266181,140.29335871338844,233.62347945570946,170,140,234,True,0
30,29,"between BLUE and MAGENTA, step 5 of 5",29,0,0,-5,-10.0,62.988231990194976,-1.14292547643406,-44.41300317248697,0.0,18.557434321905244,-50.613936027213754,62.988231990194976,17.414508845471186,-95.02693919970072,0.16021353367217955,0.11909789677105893,0.34517630843295877,175.3643786162138,136.35691434144974,229.5534798502922,175,136,230,True,0
31,30,MAGENTA handle,30,0,0,-5,-10.0,62.988231990194976,-1.14292547643406,-44.41300317248697,0.0,25.747315636789907,-45.457538179388486,62.988231990194976,24.604390160355848,-89.87054135187546,0.16388851947738658,0.11909789677105893,0.3268350275657526,179.25555601716042,133.28421207144856,223.94827142357826,179,133,224,True,0
32,31,"between MAGENTA and RED, step 1 of 5",31,0,0,-5,-10.0,62.988231990194976,-1.14292547643406,-44.41300317248697,0.0,31.865350191240974,-39.06594328619278,62.988231990194976,30.722424714806916,-83.47894645867974,0.16582384397445832,0.11909789677105893,0.3057745257608731,181.8344396352768,131.26012908294797,217.1139657497406,182,131,217,True,0
33,32,"between MAGENTA and RED, step 2 of 5",32,0,0,-5,-10.0,62.988231990194976,-1.14292547643406,-44.41300317248697,0.0,36.844534822680856,-31.75221971371464,62.988231990194976,35.7016093462468,-76.1652228862016,0.16621175290424037,0.11909789677105893,0.2833067806131048,183.25713269412518,130.29445745050907,209.34101924300194,183,130,209,True,0
34,33,"between MAGENTA and RED, step 3 of 5",33,0,0,-5,-10.0,62.988231990194976,-1.14292547643406,-44.41300317248697,0.0,40.67058549746032,-23.77449019192862,62.988231990194976,39.527660021026264,-68.18749336441559,0.16527536399984424,0.11909789677105893,0.260412573974563,183.67805510759354,130.28090357780457,200.90209007263184,184,130,201,True,0
35,34,"between MAGENTA and RED, step 4 of 5",34,0,0,-5,-10.0,62.988231990194976,-1.14292547643406,-44.41300317248697,0.0,43.35023105478317,-15.342270331419808,62.988231990194976,42.207305578349114,-59.75527350390678,0.16322560029331654,0.11909789677105893,0.2377886896719577,183.25549878180027,131.0543079022318,192.07188829779625,183,131,192,True,0
36,35,"between MAGENTA and RED, step 5 of 5",35,0,0,-5,-10.0,62.988231990194976,-1.14292547643406,-44.41300317248697,0.0,44.893355933513675,-6.630118031468575,62.988231990194976,43.75043045707962,-51.04312120395554,0.1602443971813366,0.11909789677105893,0.21592191509403272,182.14342765510082,132.43258941918612,183.1539948284626,182,132,183,True,0
37,0,RED handle,0,1,1,-4,-8.0,64.98823199019498,-1.14292547643406,-44.41300317248697,0.0,45.30400801666679,2.2081055997562062,64.98823199019498,44.161082540232734,-42.20489757273076,0.16691608955785475,0.1283756535686462,0.20755888612559742,185.3389535844326,140.15017289668322,179.85390231013298,185,140,180,True,0
38,1,"between RED and YELLOW, step 1 of 5",1,1,1,-4,-8.0,64.98823199019498,-1.14292547643406,-44.41300317248697,0.0,44.57649568487194,11.025903391501387,64.98823199019498,43.43357020843788,-33.38709978098558,0.16234944118030353,0.1283756535686462,0.18741283230925768,183.10669116675854,142.0237934589386,171.3715984672308,183,142,171,True,0
39,2,"between RED and YELLOW, step 2 of 5",2,1,1,-4,-8.0,64.98823199019498,-1.14292547643406,-44.41300317248697,0.0,42.694740102813135,19.671239013587495,64.98823199019498,41.55181462637908,-24.74176415889947,0.15718418930942266,0.1283756535686462,0.16887428213977396,180.4838591068983,144.06046707183123,163.68224747478962,180,144,164,True,0
40,3,"between RED and YELLOW, step 3 of 5",3,1,1,-4,-8.0,64.98823199019498,-1.14292547643406,-44.41300317248697,0.0,39.63477568334325,27.97301291083334,64.98823199019498,38.49185020690919,-16.439990261653627,0.15150297497174017,0.1283756535686462,0.15216865579277164,177.5340697914362,146.17715869098902,156.99142780154943,178,146,157,True,0
41,4,"between RED and YELLOW, step 4 of 5",4,1,1,-4,-8.0,64.98823199019498,-1.14292547643406,-44.41300317248697,0.0,35.372040056783476,35.726200453279866,64.98823199019498,34.22911458034942,-8.686802719207101,0.14538134514558623,0.1283756535686462,0.137548479572905,174.2809921503067,148.3190543577075,151.32342014461756,174,148,151,True,0
42,5,"between RED and YELLOW, step 5 of 5",5,1,1,-4,-8.0,64.98823199019498,-1.14292547643406,-44.41300317248697,0.0,29.897177811347095,42.67664759608468,64.98823199019498,28.754252334913037,-1.736355576402289,0.13890117749902217,0.1283756535686462,0.12532188270643727,170.70885322988033,150.45399639755487,146.58364947885275,171,150,147,True,0
43,6,YELLOW handle,6,1,1,-4,-8.0,64.98823199019498,-1.14292547643406,-44.41300317248697,0.0,23.245838369923515,48.51124404491406,64.98823199019498,22.102912893489457,4.098240872427091,0.1321697106525414,0.1283756535686462,0.11586923178770035,166.76710434257984,152.56383318454027,142.74186657741666,167,153,143,True,0
44,7,"between YELLOW and GREEN, step 1 of 5",7,1,1,-4,-8.0,64.98823199019498,-1.14292547643406,-44.41300317248697,0.0,15.54539019881734,52.86852875587553,64.98823199019498,14.40246472238328,8.455525583388564,0.12534274942551618,0.1283756535686462,0.10962699438771335,162.37336970865726,154.6329703554511,139.99031832441688,162,155,140,True,0
45,8,"between YELLOW and GREEN, step 2 of 5",8,1,1,-4,-8.0,64.98823199019498,-1.14292547643406,-44.41300317248697,0.0,7.065500398230156,55.39326657530833,64.98823199019498,5.9225749217960955,10.980263402821365,0.11864068237007383,0.1283756535686462,0.10700780819446817,157.41223242133856,156.63639765232801,138.6904593743384,157,157,139,True,0
46,9,"between YELLOW and GREEN, step 3 of 5",9,1,1,-4,-8.0,64.98823199019498,-1.14292547643406,-44.41300317248697,0.0,-1.77088235378375,55.84178853554699,64.98823199019498,-2.91380783021781,11.428785363060022,0.11233383842931782,0.1283756535686462,0.10825411759278297,151.7430392280221,158.5345857962966,139.10059701651335,152,159,139,True,0
47,10,"between YELLOW and GREEN, step 4 of 5",10,1,1,-4,-8.0,64.98823199019498,-1.14292547643406,-44.41300317248697,0.0,-10.461969785024724,54.18413014215614,64.98823199019498,-11.604895261458784,9.771126969669176,0.10668544930380562,0.1283756535686462,0.11330973198951079,145.2401327714324,160.27966305613518,141.137817800045,145,160,141,True,0
48,11,"between YELLOW and GREEN, step 5 of 5",11,1,1,-4,-8.0,64.98823199019498,-1.14292547643406,-44.41300317248697,0.0,-18.557434321904815,50.61393602721401,64.98823199019498,-19.700359798338873,6.200932854727043,0.10188665561572884,0.1283756535686462,0.12183039075792529,137.86362944170833,161.82907551527023,144.45059593766928,138,162,144,True,0
49,12,GREEN handle,12,1,1,-4,-8.0,64.98823199019498,-1.14292547643406,-44.41300317248697,0.0,-25.74731563678954,45.457538179388806,64.98823199019498,-26.8902411132236,1.0445350069018389,0.09803463106780964,0.1283756535686462,0.1333270123234903,129.72653636243194,163.1562227010727,148.72386943548918,130,163,149,True,0
50,13,"between GREEN and CYAN, step 1 of 5",13,1,1,-4,-8.0,64.98823199019498,-1.14292547643406,-44.41300317248697,0.0,-31.865350191240655,39.06594328619317,64.98823199019498,-33.00827566767472,-5.347059886293799,0.0951569994160161,0.1283756535686462,0.14731405712339157,121.12165180966258,164.25244867801666,153.87234047055244,121,164,154,True,0
51,14,"between GREEN and CYAN, step 2 of 5",14,1,1,-4,-8.0,64.98823199019498,-1.14292547643406,-44.41300317248697,0.0,-36.84453482268064,31.752219713715025,64.98823199019498,-37.9874602991147,-12.660783458771942,0.09324908042287872,0.1283756535686462,0.1633825793922702,112.5015483610332,165.1232935488224,159.96586449444294,113,165,160,True,0
52,15,"between GREEN and CYAN, step 3 of 5",15,1,1,-4,-8.0,64.98823199019498,-1.14292547643406,-44.41300317248697,0.0,-40.67058549746014,23.774490191929065,64.98823199019498,-41.813510973894196,-20.638512980557902,0.09230115639960992,0.1283756535686462,0.1812077143075893,104.43065129220486,165.7838349044323,167.03138396143913,104,166,167,True,0
53,16,"between GREEN and CYAN, step 4 of 5",16,1,1,-4,-8.0,64.98823199019498,-1.14292547643406,-44.41300317248697,0.0,-43.350231054783066,15.34227033142028,64.98823199019498,-44.493156531217124,-29.070732841066686,0.09231269814890715,0.1283756535686462,0.2005255159675899,97.53158379346132,166.2525473535061,174.9363011866808,98,166,175,True,0
54,17,"between GREEN and CYAN, step 5 of 5",17,1,1,-4,-8.0,64.98823199019498,-1.14292547643406,-44.41300317248697,0.0,-44.89335593351362,6.630118031469099,64.98823199019498,-46.03628140994768,-37.78288514101787,0.09329785308980298,0.1283756535686462,0.22110068452055678,92.43600212037563,166.54449328780174,183.41290913522243,92,167,183,True,0
55,18,CYAN handle,18,1,1,-4,-8.0,64.98823199019498,-1.14292547643406,-44.41300317248697,0.0,-45.304008016666785,-2.208105599756771,64.98823199019498,-46.44693349310084,-46.62110877224374,0.09528604716269404,0.1283756535686462,0.242692131443933,89.73975419998169,166.66398167610168,192.14820340275764,90,167,192,True,0
56,19,"between CYAN and BLUE, step 1 of 5",19,1,1,-4,-8.0,64.98823199019498,-1.14292547643406,-44.41300317248697,0.0,-44.57649568487186,-11.02590339150186,64.98823199019498,-45.71942116130592,-55.43890656398882,0.09831942696765833,0.1283756535686462,0.2650158698690468,89.95091266930103,166.59757643938065,200.8553221821785,90,167,201,True,0
57,20,"between CYAN and BLUE, step 2 of 5",20,1,1,-4,-8.0,64.98823199019498,-1.14292547643406,-44.41300317248697,0.0,-42.69474010281299,-19.671239013587964,64.98823199019498,-43.83766557924705,-64.08424218607493,0.10244697939823152,0.1283756535686462,0.28770186547054216,93.41771364212036,166.30685403943062,209.29462373256683,93,166,209,True,0
58,21,"between CYAN and BLUE, step 3 of 5",21,1,1,-4,-8.0,64.98823199019498,-1.14292547643406,-44.41300317248697,0.0,-39.63477568334308,-27.973012910833727,64.98823199019498,-40.77770115977714,-72.3860160833207,0.10771347345178384,0.1283756535686462,0.31024105404183516,100.22226311266422,165.72331935167313,217.25651130080223,100,166,217,True,0
59,22,"between CYAN and BLUE, step 4 of 5",22,1,1,-4,-8.0,64.98823199019498,-1.14292547643406,-44.41300317248697,0.0,-35.37204005678323,-35.72620045328024,64.98823199019498,-36.514965533217286,-80.13920362576721,0.11413954310229885,0.1283756535686462,0.3319211332360789,110.04554159939289,164.7440131008625,224.52862948179245,110,165,225,True,0
60,23,"between CYAN and BLUE, step 5 of 5",23,1,1,-4,-8.0,64.98823199019498,-1.14292547643406,-44.41300317248697,0.0,-29.897177811346825,-42.67664759608496,64.98823199019498,-31.040103287780884,-87.08965076857193,0.12168755736182546,0.1283756535686462,0.3517588329474648,122.06051493063569,163.23687717318535,230.86560264229774,122,163,231,True,0
61,24,BLUE handle,24,1,1,-4,-8.0,64.98823199019498,-1.14292547643406,-44.41300317248697,0.0,-23.245838369923167,-48.511244044914314,64.98823199019498,-24.388763846357225,-92.92424721740127,0.1302088770128973,0.1283756535686462,0.3684603162825459,134.9795632995665,161.06520250439644,235.97873747348785,135,161,236,True,0
62,25,"between BLUE and MAGENTA, step 1 of 5",25,1,1,-4,-8.0,64.98823199019498,-1.14292547643406,-44.41300317248697,0.0,-15.545390198816976,-52.86852875587569,64.98823199019498,-16.688315675251037,-97.28153192836265,0.13937903064503562,0.1283756535686462,0.38048613096645184,147.37748388200998,158.14523208886385,239.5571194589138,147,158,240,True,0
63,26,"between BLUE and MAGENTA, step 2 of 5",26,1,1,-4,-8.0,64.98823199019498,-1.14292547643406,-44.41300317248697,0.0,-7.065500398229713,-55.39326657530841,64.98823199019498,-8.208425874663773,-99.80626974779537,0.14865792525728755,0.1283756535686462,0.3863316447467992,158.1984729319811,154.52993888407946,241.32786244153976,158,155,241,True,0
64,27,"between BLUE and MAGENTA, step 3 of 5",27,1,1,-4,-8.0,64.98823199019498,-1.14292547643406,-44.41300317248697,0.0,1.770882353784213,-55.84178853554697,64.98823199019498,0.6279568773501532,-100.25479170803393,0.15734605209020822,0.1283756535686462,0.38503919342192516,167.06386841833591,150.47075919806957,241.13396644592285,167,150,241,True,0
65,28,"between BLUE and MAGENTA, step 4 of 5",28,1,1,-4,-8.0,64.98823199019498,-1.14292547643406,-44.41300317248697,0.0,10.461969785025188,-54.184130142156,64.98823199019498,9.319044308591128,-98.59713331464297,0.16476771806586893,0.1283756535686462,0.37666235629676914,174.1057037562132,146.3848004490137,238.98525774478912,174,146,239,True,0
66,29,"between BLUE and MAGENTA, step 5 of 5",29,1,1,-4,-8.0,64.98823199019498,-1.14292547643406,-44.41300317248697,0.0,18.557434321905244,-50.613936027213754,64.98823199019498,17.414508845471186,-95.02693919970072,0.1704743308546603,0.1283756535686462,0.36226335766198225,179.57871727645397,142.72186920046806,235.0457203388214,180,143,235,True,0
67,30,MAGENTA handle,30,1,1,-4,-8.0,64.98823199019498,-1.14292547643406,-44.41300317248697,0.0,25.747315636789907,-45.457538179388486,64.98823199019498,24.604390160355848,-89.87054135187546,0.1743152653728145,0.1283756535686462,0.3434391418523937,183.65575410425663,139.8246481642127,229.57257002592087,184,140,230,True,0
68,31,"between MAGENTA and RED, step 1 of 5",31,1,1,-4,-8.0,64.98823199019498,-1.14292547643406,-44.41300317248697,0.0,31.865350191240974,-39.06594328619278,64.98823199019498,30.722424714806916,-83.47894645867974,0.17636731569372796,0.1283756535686462,0.3217977945558512,186.44247516989708,137.86762302741408,222.85184785723686,186,138,223,True,0
69,32,"between MAGENTA and RED, step 2 of 5",32,1,1,-4,-8.0,64.98823199019498,-1.14292547643406,-44.41300317248697,0.0,36.844534822680856,-31.75221971371464,64.98823199019498,35.7016093462468,-76.1652228862016,0.17682290561831707,0.1283756535686462,0.29867465052924475,188.0420297384262,136.87183326110244,215.15884906053543,188,137,215,True,0
70,33,"between MAGENTA and RED, step 3 of 5",33,1,1,-4,-8.0,64.98823199019498,-1.14292547643406,-44.41300317248697,0.0,40.67058549746032,-23.77449019192862,64.98823199019498,39.527660021026264,-68.18749336441559,0.17590688060351742,0.1283756535686462,0.27507200750387273,188.5824405401945,136.75216438248754,206.7495582997799,189,137,207,True,0
71,34,"between MAGENTA and RED, step 4 of 5",34,1,1,-4,-8.0,64.98823199019498,-1.14292547643406,-44.41300317248697,0.0,43.35023105478317,-15.342270331419808,64.98823199019498,42.207305578349114,-59.75527350390678,0.17383263969263718,0.1283756535686462,0.25170609929993,188.21160703897476,137.3660945892334,197.8743289411068,188,137,198,True,0
72,35,"between MAGENTA and RED, step 5 of 5",35,1,1,-4,-8.0,64.98823199019498,-1.14292547643406,-44.41300317248697,0.0,44.893355933513675,-6.630118031468575,64.98823199019498,43.75043045707962,-51.04312120395554,0.17078486834068385,0.1283756535686462,0.22908129814225997,187.0823722332716,138.5513687878847,188.80440182983875,187,139,189,True,0
73,0,RED handle,0,2,2,-3,-6.0,66.98823199019498,-1.14292547643406,-44.41300317248697,0.0,45.30400801666679,2.2081055997562062,66.98823199019498,44.161082540232734,-42.20489757273076,0.1778268491988484,0.13812314228603076,0.2205050934281541,190.5190446227789,145.8280524238944,185.47501668334007,191,146,185,True,0
74,1,"between RED and YELLOW, step 1 of 5",1,2,2,-3,-6.0,66.98823199019498,-1.14292547643406,-44.41300317248697,0.0,44.57649568487194,11.025903391501387,66.98823199019498,43.43357020843788,-33.38709978098558,0.17311385663395282,0.13812314228603076,0.19959844256750595,188.15100029110909,147.48561657965183,176.63563840091228,188,147,177,True,0
75,2,"between RED and YELLOW, step 2 of 5",2,2,2,-3,-6.0,66.98823199019498,-1.14292547643406,-44.41300317248697,0.0,42.694740102813135,19.671239013587495,66.98823199019498,41.55181462637908,-24.74176415889947,0.16776757874517734,0.13812314228603076,0.1803310299849511,185.34205801784992,149.30953960865736,168.47458451986313,185,149,168,True,0
76,3,"between RED and YELLOW, step 3 of 5",3,2,2,-3,-6.0,66.98823199019498,-1.14292547643406,-44.41300317248697,0.0,39.63477568334325,27.97301291083334,66.98823199019498,38.49185020690919,-16.439990261653627,0.16187325324050642,0.13812314228603076,0.1629442914962217,182.1743769943714,151.22194278985262,161.27693854272366,182,151,161,True,0
77,4,"between RED and YELLOW, step 4 of 5",4,2,2,-3,-6.0,66.98823199019498,-1.14292547643406,-44.41300317248697,0.0,35.372040056783476,35.726200453279866,66.98823199019498,34.22911458034942,-8.686802719207101,0.15550934460570442,0.13812314228603076,0.14770860903255192,178.6966174095869,153.17108049988747,155.18310863524675,179,153,155,True,0
78,5,"between RED and YELLOW, step 5 of 5",5,2,2,-3,-6.0,66.98823199019498,-1.14292547643406,-44.41300317248697,0.0,29.897177811347095,42.67664759608468,66.98823199019498,28.754252334913037,-1.736355576402289,0.1487615318287858,0.13812314228603076,0.13495284658764037,174.92288790643215,155.1279640942812,150.1886072382331,175,155,150,True,0
79,6,YELLOW handle,6,2,2,-3,-6.0,66.98823199019498,-1.14292547643406,-44.41300317248697,0.0,23.245838369923515,48.51124404491406,66.98823199019498,22.102912893489457,4.098240872427091,0.14174264020074753,0.13812314228603076,0.12508152297996702,170.8364199846983,157.07867491990328,146.27008080482483,171,157,146,True,0
80,7,"between YELLOW and GREEN, step 1 of 5",7,2,2,-3,-6.0,66.98823199019498,-1.14292547643406,-44.41300317248697,0.0,15.54539019881734,52.86852875587553,66.98823199019498,14.40246472238328,8.455525583388564,0.13461699615293923,0.13812314228603076,0.11855754871504579,166.39217466115952,159.01302952319384,143.54363210499287,166,159,144,True,0
81,8,"between YELLOW and GREEN, step 2 of 5",8,2,2,-3,-6.0,66.98823199019498,-1.14292547643406,-44.41300317248697,0.0,7.065500398230156,55.39326657530833,66.98823199019498,5.9225749217960955,10.980263402821365,0.12761721664935982,0.13812314228603076,0.11581784830543809,161.51251830160618,160.91171354055405,142.26955762133002,162,161,142,True,0
82,9,"between YELLOW and GREEN, step 3 of 5",9,2,2,-3,-6.0,66.98823199019498,-1.14292547643406,-44.41300317248697,0.0,-1.77088235378375,55.84178853554699,66.98823199019498,-2.91380783021781,11.428785363060022,0.12102868389174251,0.13812314228603076,0.11711910740425482,156.08469005674124,162.73832112550735,142.6495467312634,156,163,143,True,0
83,10,"between YELLOW and GREEN, step 4 of 5",10,2,2,-3,-6.0,66.98823199019498,-1.14292547643406,-44.41300317248697,0.0,-10.461969785024724,54.18413014215614,66.98823199019498,-11.604895261458784,9.771126969669176,0.11512932264071704,0.13812314228603076,0.12240245835433577,149.98526114970446,164.44372281432152,144.62505787611008,150,164,145,True,0
84,11,"between YELLOW and GREEN, step 5 of 5",11,2,2,-3,-6.0,66.98823199019498,-1.14292547643406,-44.41300317248697,0.0,-18.557434321904815,50.61393602721401,66.98823199019498,-19.700359798338873,6.200932854727043,0.11012095266129895,0.13812314228603076,0.13130457135181672,143.14473235979676,165.9796003997326,147.93696586042643,143,166,148,True,0
85,12,GREEN handle,12,2,2,-3,-6.0,66.98823199019498,-1.14292547643406,-44.41300317248697,0.0,-25.74731563678954,45.457538179388806,66.98823199019498,-26.8902411132236,1.0445350069018389,0.1061060604235473,0.13812314228603076,0.14330852709207692,135.62242420390248,167.31222689151764,152.36930452287197,136,167,152,True,0
86,13,"between GREEN and CYAN, step 1 of 5",13,2,2,-3,-6.0,66.98823199019498,-1.14292547643406,-44.41300317248697,0.0,-31.865350191240655,39.06594328619317,66.98823199019498,-33.00827566767472,-5.347059886293799,0.10311339549448213,0.13812314228603076,0.15790019757847323,127.64795408584177,168.4263651072979,157.86783177405596,128,168,158,True,0
87,14,"between GREEN and CYAN, step 2 of 5",14,2,2,-3,-6.0,66.98823199019498,-1.14292547643406,-44.41300317248697,0.0,-36.84453482268064,31.752219713715025,66.98823199019498,-37.9874602991147,-12.660783458771942,0.10113715271804898,0.13812314228603076,0.17464542471382782,119.61572516709566,169.32319298386574,164.43769253790379,120,169,164,True,0
88,15,"between GREEN and CYAN, step 3 of 5",15,2,2,-3,-6.0,66.98823199019498,-1.14292547643406,-44.41300317248697,0.0,-40.67058549746014,23.774490191929065,66.98823199019498,-41.813510973894196,-20.638512980557902,0.10016567948081802,0.13812314228603076,0.19319820755697228,112.04707374796271,170.01642778515816,171.98791779577732,112,170,172,True,0
89,16,"between GREEN and CYAN, step 4 of 5",16,2,2,-3,-6.0,66.98823199019498,-1.14292547643406,-44.41300317248697,0.0,-43.350231054783066,15.34227033142028,66.98823199019498,-44.493156531217124,-29.070732841066686,0.1001964503686355,0.13812314228603076,0.21327666314260463,105.54042924195528,170.52370816469193,180.28503857553005,106,171,180,True,0
90,17,"between GREEN and CYAN, step 5 of 5",17,2,2,-3,-6.0,66.98823199019498,-1.14292547643406,-44.41300317248697,0.0,-44.89335593351362,6.630118031469099,66.98823199019498,-46.03628140994768,-37.78288514101787,0.10124183141011726,0.13812314228603076,0.23462949654993082,100.7197305187583,170.85979253053665,189.01666603982449,101,171,189,True,0
91,18,CYAN handle,18,2,2,-3,-6.0,66.98823199019498,-1.14292547643406,-44.41300317248697,0.0,-45.304008016666785,-2.208105599756771,66.98823199019498,-46.44693349310084,-46.62110877224374,0.10332970191343714,0.13812314228603076,0.2570003926677043,98.18003039807081,171.0281538963318,197.87581846117973,98,171,198,True,0
92,19,"between CYAN and BLUE, step 1 of 5",19,2,2,-3,-6.0,66.98823199019498,-1.14292547643406,-44.41300317248697,0.0,-44.57649568487186,-11.02590339150186,66.98823199019498,-45.71942116130592,-55.43890656398882,0.1065007829138757,0.13812314228603076,0.280089918979793,98.42480186372995,171.01422384381294,206.60658717155457,98,171,207,True,0
93,20,"between CYAN and BLUE, step 2 of 5",20,2,2,-3,-6.0,66.98823199019498,-1.14292547643406,-44.41300317248697,0.0,-42.69474010281299,-19.671239013587964,66.98823199019498,-43.83766557924705,-64.08424218607493,0.110802558116496,0.13812314228603076,0.3035115620445791,101.78425289690495,170.77937364578247,215.00289782881737,102,171,215,True,0
94,21,"between CYAN and BLUE, step 3 of 5",21,2,2,-3,-6.0,66.98823199019498,-1.14292547643406,-44.41300317248697,0.0,-39.63477568334308,-27.973012910833727,66.98823199019498,-40.77770115977714,-72.3860160833207,0.11627793380708489,0.13812314228603076,0.3267380856259067,108.30678340047598,170.25595173239708,222.88142547011375,108,170,223,True,0
95,22,"between CYAN and BLUE, step 4 of 5",22,2,2,-3,-6.0,66.98823199019498,-1.14292547643406,-44.41300317248697,0.0,-35.37204005678323,-35.72620045328024,66.98823199019498,-36.514965533217286,-80.13920362576721,0.12294492558638465,0.13812314228603076,0.34903684998373086,117.6360741443932,169.346234947443,230.0485096871853,118,169,230,True,0
96,23,"between CYAN and BLUE, step 5 of 5",23,2,2,-3,-6.0,66.98823199019498,-1.14292547643406,-44.41300317248697,0.0,-29.897177811346825,-42.67664759608496,66.98823199019498,-31.040103287780884,-87.08965076857193,0.1307619628459599,0.13812314228603076,0.36940193966375817,128.93738687038422,167.92907059192657,236.2750455737114,129,168,236,True,0
97,24,BLUE handle,24,2,2,-3,-6.0,66.98823199019498,-1.14292547643406,-44.41300317248697,0.0,-23.245838369923167,-48.511244044914314,66.98823199019498,-24.388763846357225,-92.92424721740127,0.13957436361838116,0.13812314228603076,0.38651510732539296,140.99025461822748,165.88607221841812,241.29152119159698,141,166,241,True,0
98,25,"between BLUE and MAGENTA, step 1 of 5",25,2,2,-3,-6.0,66.98823199019498,-1.14292547643406,-44.41300317248697,0.0,-15.545390198816976,-52.86852875587569,66.98823199019498,-16.688315675251037,-97.28153192836265,0.14904859999693199,0.13812314228603076,0.39881262289679054,152.52906695008278,163.15445959568024,244.81085434556007,153,163,245,True,0
99,26,"between BLUE and MAGENTA, step 2 of 5",26,2,2,-3,-6.0,66.98823199019498,-1.14292547643406,-44.41300317248697,0.0,-7.065500398229713,-55.39326657530841,66.98823199019498,-8.208425874663773,-99.80626974779537,0.1586319689701695,0.13812314228603076,0.4047697050012842,162.6936089247465,159.79734733700752,246.58127054572105,163,160,247,True,0
100,27,"between BLUE and MAGENTA, step 3 of 5",27,2,2,-3,-6.0,66.98823199019498,-1.14292547643406,-44.41300317248697,0.0,1.770882353784213,-55.84178853554697,66.98823199019498,0.6279568773501532,-100.25479170803393,0.16760965301541197,0.13812314228603076,0.40341832649001264,171.225990280509,156.0486451908946,246.45273104310036,171,156,246,True,0
101,28,"between BLUE and MAGENTA, step 4 of 5",28,2,2,-3,-6.0,66.98823199019498,-1.14292547643406,-44.41300317248697,0.0,10.461969785025188,-54.184130142156,66.98823199019498,9.319044308591128,-98.59713331464297,0.1752907708799687,0.13812314228603076,0.39481567843830845,178.24277736246586,152.27813601493835,244.42091926932335,178,152,244,True,0
102,29,"between BLUE and MAGENTA, step 5 of 5",29,2,2,-3,-6.0,66.98823199019498,-1.14292547643406,-44.41300317248697,0.0,18.557434321905244,-50.613936027213754,66.98823199019498,17.414508845471186,-95.02693919970072,0.18121501264435613,0.13812314228603076,0.3800405796478816,183.89097288250923,148.87818485498428,240.62222510576248,184,149,241,True,0
103,30,MAGENTA handle,30,2,2,-3,-6.0,66.98823199019498,-1.14292547643406,-44.41300317248697,0.0,25.747315636789907,-45.457538179388486,66.98823199019498,24.604390160355848,-89.87054135187546,0.18522504662452557,0.13812314228603076,0.3607141133592374,188.2257954776287,146.1510844901204,235.28732657432556,188,146,235,True,0
104,31,"between MAGENTA and RED, step 1 of 5",31,2,2,-3,-6.0,66.98823199019498,-1.14292547643406,-44.41300317248697,0.0,31.865350191240974,-39.06594328619278,66.98823199019498,30.722424714806916,-83.47894645867974,0.1873953133192291,0.13812314228603076,0.33847046270740094,191.27002492547035,144.25806406885386,228.68379771709442,191,144,229,True,0
105,32,"between MAGENTA and RED, step 2 of 5",32,2,2,-3,-6.0,66.98823199019498,-1.14292547643406,-44.41300317248697,0.0,36.844534822680856,-31.75221971371464,66.98823199019498,35.7016093462468,-76.1652228862016,0.18791871861184214,0.13812314228603076,0.3146697931470979,193.08138012886047,143.22914008051157,221.0758839547634,193,143,221,True,0
106,33,"between MAGENTA and RED, step 3 of 5",33,2,2,-3,-6.0,66.98823199019498,-1.14292547643406,-44.41300317248697,0.0,40.67058549746032,-23.77449019192862,66.98823199019498,39.527660021026264,-68.18749336441559,0.18702211426866627,0.13812314228603076,0.29033681807277867,193.76701533794403,142.99993067979813,212.70955368876457,194,143,213,True,0
107,34,"between MAGENTA and RED, step 4 of 5",34,2,2,-3,-6.0,66.98823199019498,-1.14292547643406,-44.41300317248697,0.0,43.35023105478317,-15.342270331419808,66.98823199019498,42.207305578349114,-59.75527350390678,0.18492158556976596,0.13812314228603076,0.2662076988465773,193.46752300858498,143.4511298686266,203.81800040602684,193,143,204,True,0
108,35,"between MAGENTA and RED, step 5 of 5",35,2,2,-3,-6.0,66.98823199019498,-1.14292547643406,-44.41300317248697,0.0,44.893355933513675,-6.630118031468575,66.98823199019498,43.75043045707962,-51.04312120395554,0.18180470718173303,0.13812314228603076,0.24280461587613536,192.33554854989052,144.44098625332117,194.64592337608337,192,144,195,True,0
109,0,RED handle,0,3,3,-2,-4.0,68.98823199019498,-1.14292547643406,-44.41300317248697,0.0,45.30400801666679,2.2081055997562062,68.98823199019498,44.161082540232734,-42.20489757273076,0.18922416733702438,0.1483519629275158,0.23400725689574778,196.03645116090775,151.29999820142984,191.32101818919182,196,151,191,True,0
110,1,"between RED and YELLOW, step 1 of 5",1,3,3,-2,-4.0,68.98823199019498,-1.14292547643406,-44.41300317248697,0.0,44.57649568487194,11.025903391501387,68.98823199019498,43.43357020843788,-33.38709978098558,0.1843611160747554,0.1483519629275158,0.21232205769092719,193.53958994150162,152.7469814568758,182.19624482095242,194,153,182,True,0
111,2,"between RED and YELLOW, step 2 of 5",2,3,3,-2,-4.0,68.98823199019498,-1.14292547643406,-44.41300317248697,0.0,42.694740102813135,19.671239013587495,68.98823199019498,41.55181462637908,-24.74176415889947,0.1788294892099749,0.1483519629275158,0.19230896008997705,190.5419459939003,154.36826515942812,173.62274967134,191,154,174,True,0
112,3,"between RED and YELLOW, step 3 of 5",3,3,3,-2,-4.0,68.98823199019498,-1.14292547643406,-44.41300317248697,0.0,39.63477568334325,27.97301291083334,68.98823199019498,38.49185020690919,-16.439990261653627,0.17271713190870308,0.1483519629275158,0.17422559350403505,187.13960476219654,156.0911725088954,165.93250572681427,187,156,166,True,0
113,4,"between RED and YELLOW, step 4 of 5",4,3,3,-2,-4.0,68.98823199019498,-1.14292547643406,-44.41300317248697,0.0,35.372040056783476,35.726200453279866,68.98823199019498,34.22911458034942,-8.686802719207101,0.1661054430323025,0.1483519629275158,0.15836046609620408,183.4024102985859,157.86670323461294,159.36155632138252,183,158,159,True,0
114,5,"between RED and YELLOW, step 5 of 5",5,3,3,-2,-4.0,68.98823199019498,-1.14292547643406,-44.41300317248697,0.0,29.897177811347095,42.67664759608468,68.98823199019498,28.754252334913037,-1.736355576402289,0.15908394470804485,0.1483519629275158,0.1450635641696576,179.37290132045746,159.66811627149582,154.00652077049017,179,160,154,True,0
115,6,YELLOW handle,6,3,3,-2,-4.0,68.98823199019498,-1.14292547643406,-44.41300317248697,0.0,23.245838369923515,48.51124404491406,68.98823199019498,22.102912893489457,4.098240872427091,0.15177114131141844,0.1483519629275158,0.13476407163198162,175.0692218542099,161.48393243551254,149.8890959098935,175,161,150,True,0
116,7,"between YELLOW and GREEN, step 1 of 5",7,3,3,-2,-4.0,68.98823199019498,-1.14292547643406,-44.41300317248697,0.0,15.54539019881734,52.86852875587553,68.98823199019498,14.40246472238328,8.455525583388564,0.144340054522577,0.1483519629275158,0.12795194536250878,170.4877506941557,163.30770537257195,147.0894992351532,170,163,147,True,0
117,8,"between YELLOW and GREEN, step 2 of 5",8,3,3,-2,-4.0,68.98823199019498,-1.14292547643406,-44.41300317248697,0.0,7.065500398230156,55.39326657530833,68.98823199019498,5.9225749217960955,10.980263402821365,0.13703580462893314,0.1483519629275158,0.12508897276902653,165.5958703905344,165.12425109744072,145.79145278781652,166,165,146,True,0
118,9,"between YELLOW and GREEN, step 3 of 5",9,3,3,-2,-4.0,68.98823199019498,-1.14292547643406,-44.41300317248697,0.0,-1.77088235378375,55.84178853554699,68.98823199019498,-2.91380783021781,11.428785363060022,0.13015918055313833,0.1483519629275158,0.12644642641549225,160.318880751729,166.8993942439556,146.1482935398817,160,167,146,True,0
119,10,"between YELLOW and GREEN, step 4 of 5",10,3,3,-2,-4.0,68.98823199019498,-1.14292547643406,-44.41300317248697,0.0,-10.461969785024724,54.18413014215614,68.98823199019498,-11.604895261458784,9.771126969669176,0.12400315011552936,0.1483519629275158,0.13196270091401133,154.54761553555727,168.5824455320835,148.12501586973667,155,169,148,True,0
120,11,"between YELLOW and GREEN, step 5 of 5",11,3,3,-2,-4.0,68.98823199019498,-1.14292547643406,-44.41300317248697,0.0,-18.557434321904815,50.61393602721401,68.98823199019498,-19.700359798338873,6.200932854727043,0.11878046390435598,0.1483519629275158,0.14125494182050727,148.19190178066492,170.1202154159546,151.54043219983578,148,170,152,True,0
121,12,GREEN handle,12,3,3,-2,-4.0,68.98823199019498,-1.14292547643406,-44.41300317248697,0.0,-25.74731563678954,45.457538179388806,68.98823199019498,-26.8902411132236,1.0445350069018389,0.11459903779241094,0.1483519629275158,0.15377773418658078,141.25945022329688,171.47222846746445,156.2424898892641,141,171,156,True,0
122,13,"between GREEN and CYAN, step 1 of 5",13,3,3,-2,-4.0,68.98823199019498,-1.14292547643406,-44.41300317248697,0.0,-31.865350191240655,39.06594328619317,68.98823199019498,-33.00827566767472,-5.347059886293799,0.11148875745399676,0.1483519629275158,0.16898770694812643,133.91246560961008,172.6174110174179,162.1642555296421,134,173,162,True,0
123,14,"between GREEN and CYAN, step 2 of 5",14,3,3,-2,-4.0,68.98823199019498,-1.14292547643406,-44.41300317248697,0.0,-36.84453482268064,31.752219713715025,68.98823199019498,-37.9874602991147,-12.660783458771942,0.10944264665240531,0.1483519629275158,0.18642494872753362,126.47869317792356,173.55374917387962,169.2199905216694,126,174,169,True,0
124,15,"between GREEN and CYAN, step 3 of 5",15,3,3,-2,-4.0,68.98823199019498,-1.14292547643406,-44.41300317248697,0.0,-40.67058549746014,23.774490191929065,68.98823199019498,-41.813510973894196,-20.638512980557902,0.1084470542579881,0.1483519629275158,0.20572191994276295,119.42740632221103,174.29223954677582,177.20850706100464,119,174,177,True,0
125,16,"between GREEN and CYAN, step 4 of 5",16,3,3,-2,-4.0,68.98823199019498,-1.14292547643406,-44.41300317248697,0.0,-43.350231054783066,15.34227033142028,68.98823199019498,-44.493156531217124,-29.070732841066686,0.10849740032847974,0.1483519629275158,0.22657852032881406,113.32531755790114,174.84929725527763,185.82488670945168,113,175,186,True,0
126,17,"between GREEN and CYAN, step 5 of 5",17,3,3,-2,-4.0,68.98823199019498,-1.14292547643406,-44.41300317248697,0.0,-44.89335593351362,6.630118031469099,68.98823199019498,-46.03628140994768,-37.78288514101787,0.10960422817203583,0.1483519629275158,0.24872727330139127,108.78200680017471,175.23756802082062,194.7407130897045,109,175,195,True,0
127,18,CYAN handle,18,3,3,-2,-4.0,68.98823199019498,-1.14292547643406,-44.41300317248697,0.0,-45.304008016666785,-2.208105599756771,68.98823199019498,-46.44693349310084,-46.62110877224374,0.11179385214217108,0.1483519629275158,0.2718965120153947,106.38702381402254,175.45850336551666,203.67069751024246,106,175,204,True,0
128,19,"between CYAN and BLUE, step 1 of 5",19,3,3,-2,-4.0,68.98823199019498,-1.14292547643406,-44.41300317248697,0.0,-44.57649568487186,-11.02590339150186,68.98823199019498,-45.71942116130592,-55.43890656398882,0.1151055754468356,0.1483519629275158,0.2957712568614306,106.63646332919598,175.49533858895302,212.3923011124134,107,175,212,True,0
129,20,"between CYAN and BLUE, step 2 of 5",20,3,3,-2,-4.0,68.98823199019498,-1.14292547643406,-44.41300317248697,0.0,-42.69474010281299,-19.671239013587964,68.98823199019498,-43.83766557924705,-64.08424218607493,0.1195854125492122,0.1483519629275158,0.31994838665313236,109.84286427497864,175.30794024467468,220.72873458266258,110,175,221,True,0
130,21,"between CYAN and BLUE, step 3 of 5",21,3,3,-2,-4.0,68.98823199019498,-1.14292547643406,-44.41300317248697,0.0,-39.63477568334308,-27.973012910833727,68.98823199019498,-40.77770115977714,-72.3860160833207,0.1252744618111023,0.1483519629275158,0.34388226274335465,116.02659640833735,174.82969790697098,228.51722985506058,116,175,229,True,0
131,22,"between CYAN and BLUE, step 4 of 5",22,3,3,-2,-4.0,68.98823199019498,-1.14292547643406,-44.41300317248697,0.0,-35.37204005678323,-35.72620045328024,68.98823199019498,-36.514965533217286,-80.13920362576721,0.1321881792781619,0.1483519629275158,0.36681946770155566,124.8079325677827,173.9677445590496,235.5787481367588,125,174,236,True,0
132,23,"between CYAN and BLUE, step 5 of 5",23,3,3,-2,-4.0,68.98823199019498,-1.14292547643406,-44.41300317248697,0.0,-29.897177811346825,-42.67664759608496,68.98823199019498,-31.040103287780884,-87.08965076857193,0.1402810797631105,0.1483519629275158,0.3877306503676545,135.36683851853013,172.61321604251862,241.69896572828293,135,173,242,True,0
133,24,BLUE handle,24,3,3,-2,-4.0,68.98823199019498,-1.14292547643406,-44.41300317248697,0.0,-23.245838369923167,-48.511244044914314,68.98823199019498,-24.388763846357225,-92.92424721740127,0.149392361277783,0.1483519629275158,0.40527188063981756,146.57421838492155,170.66786482930183,246.6276128590107,147,171,247,True,0
134,25,"between BLUE and MAGENTA, step 1 of 5",25,3,3,-2,-4.0,68.98823199019498,-1.14292547643406,-44.41300317248697,0.0,-15.545390198816976,-52.86852875587569,68.98823199019498,-16.688315675251037,-97.28153192836265,0.15917916577695523,0.1483519629275158,0.4178533945592488,157.3355259373784,168.0917550623417,250.10140165686607,157,168,250,True,0
135,26,"between BLUE and MAGENTA, step 2 of 5",26,3,3,-2,-4.0,68.98823199019498,-1.14292547643406,-44.41300317248697,0.0,-7.065500398229713,-55.39326657530841,68.98823199019498,-8.208425874663773,-99.80626974779537,0.16907564159509883,0.1483519629275158,0.4239283514599889,166.97233512997627,164.96058627963066,251.88862815499306,167,165,252,True,0
136,27,"between BLUE and MAGENTA, step 3 of 5",27,3,3,-2,-4.0,68.98823199019498,-1.14292547643406,-44.41300317248697,0.0,1.770882353784213,-55.84178853554697,68.98823199019498,0.6279568773501532,-100.25479170803393,0.17835091908324155,0.1483519629275158,0.42251703301690013,175.31436190009117,161.49355351924896,251.8431293964386,175,161,252,True,0
137,28,"between BLUE and MAGENTA, step 4 of 5",28,3,3,-2,-4.0,68.98823199019498,-1.14292547643406,-44.41300317248697,0.0,10.461969785025188,-54.184130142156,68.98823199019498,9.319044308591128,-98.59713331464297,0.18629821715010125,0.1483519629275158,0.41368022645294333,182.431281208992,158.01514606922865,249.94299575686455,182,158,250,True,0
138,29,"between BLUE and MAGENTA, step 5 of 5",29,3,3,-2,-4.0,68.98823199019498,-1.14292547643406,-44.41300317248697,0.0,18.557434321905244,-50.613936027213754,68.98823199019498,17.414508845471186,-95.02693919970072,0.19244508840625613,0.1483519629275158,0.39851467947384855,188.34743835031986,154.86139509826899,246.2954118847847,188,155,246,True,0
139,30,MAGENTA handle,30,3,3,-2,-4.0,68.98823199019498,-1.14292547643406,-44.41300317248697,0.0,25.747315636789907,-45.457538179388486,68.98823199019498,24.604390160355848,-89.87054135187546,0.19662743728184845,0.1483519629275158,0.3786675984438282,193.0014780163765,152.29303691536188,241.10344648361206,193,152,241,True,0
140,31,"between MAGENTA and RED, step 1 of 5",31,3,3,-2,-4.0,68.98823199019498,-1.14292547643406,-44.41300317248697,0.0,31.865350191240974,-39.06594328619278,68.98823199019498,30.722424714806916,-83.47894645867974,0.1989175368876689,0.1483519629275158,0.35580112820670395,196.34241074323654,150.45609388500452,234.61816728115082,196,150,235,True,0
141,32,"between MAGENTA and RED, step 2 of 5",32,3,3,-2,-4.0,68.98823199019498,-1.14292547643406,-44.41300317248697,0.0,36.844534822680856,-31.75221971371464,68.98823199019498,35.7016093462468,-76.1652228862016,0.199509046176775,0.1483519629275158,0.33130163501680854,198.39186117053032,149.38827328383923,227.09638729691505,198,149,227,True,0
142,33,"between MAGENTA and RED, step 3 of 5",33,3,3,-2,-4.0,68.98823199019498,-1.14292547643406,-44.41300317248697,0.0,40.67058549746032,-23.77449019192862,68.98823199019498,39.527660021026264,-68.18749336441559,0.1986310762383077,0.1483519629275158,0.3062171045376079,199.2430078983307,149.04482681304216,218.7789300084114,199,149,219,True,0
143,34,"between MAGENTA and RED, step 4 of 5",34,3,3,-2,-4.0,68.98823199019498,-1.14292547643406,-44.41300317248697,0.0,43.35023105478317,-15.342270331419808,68.98823199019498,42.207305578349114,-59.75527350390678,0.1965025928133297,0.1483519629275158,0.2813041005131904,199.03243839740753,149.3298077210784,209.8895426094532,199,149,210,True,0
144,35,"between MAGENTA and RED, step 5 of 5",35,3,3,-2,-4.0,68.98823199019498,-1.14292547643406,-44.41300317248697,0.0,44.893355933513675,-6.630118031468575,68.98823199019498,43.75043045707962,-51.04312120395554,0.19331419103018171,0.1483519629275158,0.25710285350335005,197.9133452475071,150.1228878647089,200.6527778506279,198,150,201,True,0
145,0,RED handle,0,4,4,-1,-2.0,70.98823199019498,-1.14292547643406,-44.41300317248697,0.0,45.30400801666679,2.2081055997562062,70.98823199019498,44.161082540232734,-42.20489757273076,0.20111845171980705,0.15907371549740443,0.24807667128385183,201.8870960175991,156.60309243947268,197.36090049147606,202,157,197,True,0
146,1,"between RED and YELLOW, step 1 of 5",1,4,4,-1,-2.0,70.98823199019498,-1.14292547643406,-44.41300317248697,0.0,44.57649568487194,11.025903391501387,70.98823199019498,43.43357020843788,-33.38709978098558,0.19610169384710416,0.15907371549740443,0.22559512305613885,199.27627131342888,157.8471038863063,188.01849760115147,199,158,188,True,0
147,2,"between RED and YELLOW, step 2 of 5",2,4,4,-1,-2.0,70.98823199019498,-1.14292547643406,-44.41300317248697,0.0,42.694740102813135,19.671239013587495,70.98823199019498,41.55181462637908,-24.74176415889947,0.1903804449399028,0.15907371549740443,0.20481961417972447,196.0984182357788,159.2780463024974,179.10408094525337,196,159,179,True,0
148,3,"between RED and YELLOW, step 3 of 5",3,4,4,-1,-2.0,70.98823199019498,-1.14292547643406,-44.41300317248697,0.0,39.63477568334325,27.97301291083334,70.98823199019498,38.49185020690919,-16.439990261653627,0.18404517133544812,0.15907371549740443,0.18602416212383702,192.4584111571312,160.8282396197319,170.96768394112587,192,161,171,True,0
149,4,"between RED and YELLOW, step 4 of 5",4,4,4,-1,-2.0,70.98823199019498,-1.14292547643406,-44.41300317248697,0.0,35.372040056783476,35.726200453279866,70.98823199019498,34.22911458034942,-8.686802719207101,0.17718022612231676,0.15907371549740443,0.16951568456647406,188.44200007617474,162.45147451758385,163.91379185020924,188,162,164,True,0
150,5,"between RED and YELLOW, step 5 of 5",5,4,4,-1,-2.0,70.98823199019498,-1.14292547643406,-44.41300317248697,0.0,29.897177811347095,42.67664759608468,70.98823199019498,28.754252334913037,-1.736355576402289,0.16987901911260825,0.15907371549740443,0.1556656869223271,184.1162931919098,164.12174329161644,158.13524812459946,184,164,158,True,0
151,6,YELLOW handle,6,4,4,-1,-2.0,70.98823199019498,-1.14292547643406,-44.41300317248697,0.0,23.245838369923515,48.51124404491406,70.98823199019498,22.102912893489457,4.098240872427091,0.16226582851841664,0.15907371549740443,0.1449285374902549,179.5334617048502,165.82855090498924,153.7236487492919,180,166,154,True,0
152,7,"between YELLOW and GREEN, step 1 of 5",7,4,4,-1,-2.0,70.98823199019498,-1.14292547643406,-44.41300317248697,0.0,15.54539019881734,52.86852875587553,70.98823199019498,14.40246472238328,8.455525583388564,0.15452254683359917,0.15907371549740443,0.13782184717315102,174.73335407674313,167.56706401705742,150.76330170035362,175,168,151,True,0
153,8,"between YELLOW and GREEN, step 2 of 5",8,4,4,-1,-2.0,70.98823199019498,-1.14292547643406,-44.41300317248697,0.0,7.065500398230156,55.39326657530833,70.98823199019498,5.9225749217960955,10.980263402821365,0.14690707414016824,0.15907371549740443,0.13483284482716404,169.7343347221613,169.32451531291008,149.39297553151846,170,169,149,True,0
154,9,"between YELLOW and GREEN, step 3 of 5",9,4,4,-1,-2.0,70.98823199019498,-1.14292547643406,-44.41300317248697,0.0,-1.77088235378375,55.84178853554699,70.98823199019498,-2.91380783021781,11.428785363060022,0.1397359608053792,0.15907371549740443,0.1362477366765172,164.50958847999573,171.06785416603088,149.73227072507143,165,171,150,True,0
155,10,"between YELLOW and GREEN, step 4 of 5",10,4,4,-1,-2.0,70.98823199019498,-1.14292547643406,-44.41300317248697,0.0,-10.461969785024724,54.18413014215614,70.98823199019498,-11.604895261458784,9.771126969669176,0.1333175687447759,0.15907371549740443,0.14200211886097755,158.9759872108698,172.74502336978912,151.76651056855917,159,173,152,True,0
156,11,"between YELLOW and GREEN, step 5 of 5",11,4,4,-1,-2.0,70.98823199019498,-1.14292547643406,-44.41300317248697,0.0,-18.557434321904815,50.61393602721401,70.98823199019498,-19.700359798338873,6.200932854727043,0.1278758319228712,0.15907371549740443,0.15169315561815175,153.03265772759914,174.2986460030079,155.36950193345547,153,174,155,True,0
157,12,GREEN handle,12,4,4,-1,-2.0,70.98823199019498,-1.14292547643406,-44.41300317248697,0.0,-25.74731563678954,45.457538179388806,70.98823199019498,-26.8902411132236,1.0445350069018389,0.12352421300340838,0.15907371549740443,0.16474627596915442,146.6400631517172,175.68289652466774,160.41444182395935,147,176,160,True,0
158,13,"between GREEN and CYAN, step 1 of 5",13,4,4,-1,-2.0,70.98823199019498,-1.14292547643406,-44.41300317248697,0.0,-31.865350191240655,39.06594328619317,70.98823199019498,-33.00827566767472,-5.347059886293799,0.1202937447031921,0.15907371549740443,0.18058820712784202,139.89165661856532,176.87228590250015,166.785411760211,140,177,167,True,0
159,14,"between GREEN and CYAN, step 2 of 5",14,4,4,-1,-2.0,70.98823199019498,-1.14292547643406,-44.41300317248697,0.0,-36.84453482268064,31.752219713715025,70.98823199019498,-37.9874602991147,-12.660783458771942,0.1181762340123522,0.15907371549740443,0.19873273747194667,133.0436346307397,177.86114484071732,174.29648391902447,133,178,174,True,0
160,15,"between GREEN and CYAN, step 3 of 5",15,4,4,-1,-2.0,70.98823199019498,-1.14292547643406,-44.41300317248697,0.0,-40.67058549746014,23.774490191929065,70.98823199019498,-41.813510973894196,-20.638512980557902,0.1171559678568406,0.15907371549740443,0.21879037769170306,126.50652834679931,178.65778729319572,182.655343785882,127,179,183,True,0
161,16,"between GREEN and CYAN, step 4 of 5",16,4,4,-1,-2.0,70.98823199019498,-1.14292547643406,-44.41300317248697,0.0,-43.350231054783066,15.34227033142028,70.98823199019498,-44.493156531217124,-29.070732841066686,0.11722625307780984,0.15907371549740443,0.24044251829513794,120.80817338079214,179.27571773529053,191.51543095707893,121,179,192,True,0
162,17,"between GREEN and CYAN, step 5 of 5",17,4,4,-1,-2.0,70.98823199019498,-1.14292547643406,-44.41300317248697,0.0,-44.89335593351362,6.630118031469099,70.98823199019498,-46.03628140994768,-37.78288514101787,0.1183957676671174,0.15907371549740443,0.2634052991723356,116.53715506196022,179.72461804747581,200.5536563694477,117,180,201,True,0
163,18,CYAN handle,18,4,4,-1,-2.0,70.98823199019498,-1.14292547643406,-44.41300317248697,0.0,-45.304008016666785,-2.208105599756771,70.98823199019498,-46.44693349310084,-46.62110877224374,0.12068924007803314,0.15907371549740443,0.28739155771199987,114.27217449992895,180.0022615492344,209.5136895775795,114,180,210,True,0
164,19,"between CYAN and BLUE, step 1 of 5",19,4,4,-1,-2.0,70.98823199019498,-1.14292547643406,-44.41300317248697,0.0,-44.57649568487186,-11.02590339150186,70.98823199019498,-45.71942116130592,-55.43890656398882,0.1241445588835763,0.15907371549740443,0.31207064412467317,114.49881048873067,180.08876770734787,218.2039524614811,114,180,218,True,0
165,20,"between CYAN and BLUE, step 2 of 5",20,4,4,-1,-2.0,70.98823199019498,-1.14292547643406,-44.41300317248697,0.0,-42.69474010281299,-19.671239013587964,70.98823199019498,-43.83766557924705,-64.08424218607493,0.12880629623067263,0.15907371549740443,0.33702267906573563,117.51285150647163,179.94185999035835,226.47091045975685,118,180,226,True,0
166,21,"between CYAN and BLUE, step 3 of 5",21,4,4,-1,-2.0,70.98823199019498,-1.14292547643406,-44.41300317248697,0.0,-39.63477568334308,-27.973012910833727,70.98823199019498,-40.77770115977714,-72.3860160833207,0.13471378758119498,0.15907371549740443,0.36168337476181034,123.31367248669267,179.4951331615448,234.16725307703018,123,179,234,True,0
167,22,"between CYAN and BLUE, step 4 of 5",22,4,4,-1,-2.0,70.98823199019498,-1.14292547643406,-44.41300317248697,0.0,-35.37204005678323,-35.72620045328024,70.98823199019498,-36.514965533217286,-80.13920362576721,0.1418799763370754,0.15907371549740443,0.3852780949499419,131.51320975273848,178.6615338921547,241.1256144940853,132,179,241,True,0
168,23,"between CYAN and BLUE, step 5 of 5",23,4,4,-1,-2.0,70.98823199019498,-1.14292547643406,-44.41300317248697,0.0,-29.897177811346825,-42.67664759608496,70.98823199019498,-31.040103287780884,-87.08965076857193,0.15025547616898763,0.15907371549740443,0.4067532921712928,141.32830252870917,177.34520852565765,247.1458138525486,141,177,247,True,0
169,24,BLUE handle,24,4,4,-1,-2.0,70.98823199019498,-1.14292547643406,-44.41300317248697,0.0,-23.245838369923167,-48.511244044914314,70.98823199019498,-24.388763846357225,-92.92424721740127,0.15967328190443755,0.15907371549740443,0.4247381587017191,151.74173969775438,175.46905159950256,251.997492313385,152,175,252,True,0
170,25,"between BLUE and MAGENTA, step 1 of 5",25,4,4,-1,-2.0,70.98823199019498,-1.14292547643406,-44.41300317248697,0.0,-15.545390198816976,-52.86852875587569,70.98823199019498,-16.688315675251037,-97.28153192836265,0.16978093976356556,0.15907371549740443,0.4376152727816855,161.83438763022423,173.0176055431366,255.4411867260933,162,173,255,False,1
171,26,"between BLUE and MAGENTA, step 2 of 5",26,4,4,-1,-2.0,70.98823199019498,-1.14292547643406,-44.41300317248697,0.0,-7.065500398229713,-55.39326657530841,70.98823199019498,-8.208425874663773,-99.80626974779537,0.17999893942590622,0.15907371549740443,0.4438139861740694,171.0891368240118,170.08040875196457,257.263842523098,171,170,255,False,1
172,27,"between BLUE and MAGENTA, step 3 of 5",27,4,4,-1,-2.0,70.98823199019498,-1.14292547643406,-44.41300317248697,0.0,1.770882353784213,-55.84178853554697,70.98823199019498,0.6279568773501532,-100.25479170803393,0.18957966070857676,0.15907371549740443,0.44234168424131987,179.3879409134388,166.86407133936882,257.31953233480453,179,167,255,False,1
173,28,"between BLUE and MAGENTA, step 4 of 5",28,4,4,-1,-2.0,70.98823199019498,-1.14292547643406,-44.41300317248697,0.0,10.461969785025188,-54.184130142156,70.98823199019498,9.319044308591128,-98.59713331464297,0.197799752773977,0.15907371549740443,0.43326274568754186,186.72423765063286,163.65018099546432,255.56574404239655,187,164,255,False,1
174,29,"between BLUE and MAGENTA, step 5 of 5",29,4,4,-1,-2.0,70.98823199019498,-1.14292547643406,-44.41300317248697,0.0,18.557434321905244,-50.613936027213754,70.98823199019498,17.414508845471186,-95.02693919970072,0.204174228500759,0.15907371549740443,0.4176930731274133,192.98871830105782,160.72042420506477,252.07802519202232,193,161,252,True,0
175,30,MAGENTA handle,30,4,4,-1,-2.0,70.98823199019498,-1.14292547643406,-44.41300317248697,0.0,25.747315636789907,-45.457538179388486,70.98823199019498,24.604390160355848,-89.87054135187546,0.20853216084315587,0.15907371549740443,0.3973078190463626,198.00881132483482,158.2939637079835,247.03242033720016,198,158,247,True,0
176,31,"between MAGENTA and RED, step 1 of 5",31,4,4,-1,-2.0,70.98823199019498,-1.14292547643406,-44.41300317248697,0.0,31.865350191240974,-39.06594328619278,70.98823199019498,30.722424714806916,-83.47894645867974,0.21094381566250034,0.15907371549740443,0.37379881340455146,201.671761572361,156.50109071284533,240.6645928323269,202,157,241,True,0
177,32,"between MAGENTA and RED, step 2 of 5",32,4,4,-1,-2.0,70.98823199019498,-1.14292547643406,-44.41300317248697,0.0,36.844534822680856,-31.75221971371464,70.98823199019498,35.7016093462468,-76.1652228862016,0.21160384819045752,0.15907371549740443,0.3485799055028833,203.97470399737358,155.38559596985579,233.22663635015488,204,155,233,True,0
178,33,"between MAGENTA and RED, step 3 of 5",33,4,4,-1,-2.0,70.98823199019498,-1.14292547643406,-44.41300317248697,0.0,40.67058549746032,-23.77449019192862,70.98823199019498,39.527660021026264,-68.18749336441559,0.21074386012606805,0.15907371549740443,0.32272317234506825,205.0043423473835,154.92178905755281,224.95875880122185,205,155,225,True,0
179,34,"between MAGENTA and RED, step 4 of 5",34,4,4,-1,-2.0,70.98823199019498,-1.14292547643406,-44.41300317248697,0.0,43.35023105478317,-15.342270331419808,70.98823199019498,42.207305578349114,-59.75527350390678,0.20858587810992837,0.15907371549740443,0.2970060515239313,204.89719569683075,155.0370368734002,216.08106717467308,205,155,216,True,0
180,35,"between MAGENTA and RED, step 5 of 5",35,4,4,-1,-2.0,70.98823199019498,-1.14292547643406,-44.41300317248697,0.0,44.893355933513675,-6.630118031468575,70.98823199019498,43.75043045707962,-51.04312120395554,0.20532364200679762,0.15907371549740443,0.27198708065122046,203.80739897489548,155.63287150114775,206.80566608905792,204,156,207,True,0
181,0,RED handle,0,5,5,0,0.0,72.98823199019498,-1.14292547643406,-44.41300317248697,0.0,45.30400801666679,2.2081055997562062,72.98823199019498,44.161082540232734,-42.20489757273076,0.21352013679703521,0.17029999999999998,0.2627246739610457,208.04538756608963,161.7866849899292,203.5689389705658,208,162,204,True,0
182,1,"between RED and YELLOW, step 1 of 5",1,5,5,0,0.0,72.98823199019498,-1.14292547643406,-44.41300317248697,0.0,44.57649568487194,11.025903391501387,72.98823199019498,43.43357020843788,-33.38709978098558,0.20834608255136147,0.17029999999999998,0.23942910792496155,205.3434057533741,162.83633306622505,194.06700164079666,205,163,194,True,0
183,2,"between RED and YELLOW, step 2 of 5",2,5,5,0,0.0,72.98823199019498,-1.14292547643406,-44.41300317248697,0.0,42.694740102813135,19.671239013587495,72.98823199019498,41.55181462637908,-24.74176415889947,0.2024309822711215,0.17029999999999998,0.21787454620684,202.00539126992226,164.09035697579384,184.88460436463356,202,164,185,True,0
184,3,"between RED and YELLOW, step 3 of 5",3,5,5,0,0.0,72.98823199019498,-1.14292547643406,-44.41300317248697,0.0,39.63477568334325,27.97301291083334,72.98823199019498,38.49185020690919,-16.439990261653627,0.19586793963979496,0.17029999999999998,0.19835160299361645,198.13962310552597,165.48608288168907,176.36837594211102,198,165,176,True,0
185,4,"between RED and YELLOW, step 4 of 5",4,5,5,0,0.0,72.98823199019498,-1.14292547643406,-44.41300317248697,0.0,35.372040056783476,35.726200453279866,72.98823199019498,34.22911458034942,-8.686802719207101,0.18874428436492538,0.17029999999999998,0.1811858997395831,193.84136974811554,166.97907596826553,168.8631098717451,194,167,169,True,0
186,5,"between RED and YELLOW, step 5 of 5",5,5,5,0,0.0,72.98823199019498,-1.14292547643406,-44.41300317248697,0.0,29.897177811347095,42.67664759608468,72.98823199019498,28.754252334913037,-1.736355576402289,0.18115736083521514,0.17029999999999998,0.1667708658420677,189.19663578271866,168.5430720448494,162.6414567232132,189,169,163,True,0
187,6,YELLOW handle,6,5,5,0,0.0,72.98823199019498,-1.14292547643406,-44.41300317248697,0.0,23.245838369923515,48.51124404491406,72.98823199019498,22.102912893489457,4.098240872427091,0.17323731788099617,0.17029999999999998,0.15558657893493338,184.28799457848072,170.16699090600014,157.87604313343763,184,170,158,True,0
188,7,"between YELLOW and GREEN, step 1 of 5",7,5,5,0,0.0,72.98823199019498,-1.14292547643406,-44.41300317248697,0.0,15.54539019881734,52.86852875587553,72.98823199019498,14.40246472238328,8.455525583388564,0.16517509606063432,0.17029999999999998,0.1481789153034541,179.1986958682537,171.84541404247284,154.68745563179255,179,172,155,True,0
189,8,"between YELLOW and GREEN, step 2 of 5",8,5,5,0,0.0,72.98823199019498,-1.14292547643406,-44.41300317248697,0.0,7.065500398230156,55.39326657530833,72.98823199019498,5.9225749217960955,10.980263402821365,0.1572416530942488,0.17029999999999998,0.14506112600174625,174.0018743276596,173.56585532426834,153.20365235209465,174,174,153,True,0
190,9,"between YELLOW and GREEN, step 3 of 5",9,5,5,0,0.0,72.98823199019498,-1.14292547643406,-44.41300317248697,0.0,-1.77088235378375,55.84178853554699,72.98823199019498,-2.91380783021781,11.428785363060022,0.1497696566325595,0.17029999999999998,0.14653469864639804,168.72716076672077,175.29579609632492,153.52812454104424,169,175,154,True,0
191,10,"between YELLOW and GREEN, step 4 of 5",10,5,5,0,0.0,72.98823199019498,-1.14292547643406,-44.41300317248697,0.0,-10.461969785024724,54.18413014215614,72.98823199019498,-11.604895261458784,9.771126969669176,0.1430832146395956,0.17029999999999998,0.15253237009756956,163.32906022667885,176.98177322745323,155.66175565123558,163,177,156,True,0
192,11,"between YELLOW and GREEN, step 5 of 5",11,5,5,0,0.0,72.98823199019498,-1.14292547643406,-44.41300317248697,0.0,-18.557434321904815,50.61393602721401,72.98823199019498,-19.700359798338873,6.200932854727043,0.13741769778104762,0.17029999999999998,0.16263086551915693,157.70666152238846,178.56363594532013,159.5072367042303,158,179,160,True,0
193,12,GREEN handle,12,5,5,0,0.0,72.98823199019498,-1.14292547643406,-44.41300317248697,0.0,-25.74731563678954,45.457538179388806,72.98823199019498,-26.8902411132236,1.0445350069018389,0.1328922335615913,0.17029999999999998,0.1762257953274005,151.7801309376955,179.99176651239395,164.92585234344006,152,180,165,True,0
194,13,"between GREEN and CYAN, step 1 of 5",13,5,5,0,0.0,72.98823199019498,-1.14292547643406,-44.41300317248697,0.0,-31.865350191240655,39.06594328619317,72.98823199019498,-33.00827566767472,-5.347059886293799,0.12953901323084033,0.17029999999999998,0.19271332281628428,145.5760271474719,181.23711928725243,171.72946706414223,146,181,172,True,0
195,14,"between GREEN and CYAN, step 2 of 5",14,5,5,0,0.0,72.98823199019498,-1.14292547643406,-44.41300317248697,0.0,-36.84453482268064,31.752219713715025,72.98823199019498,-37.9874602991147,-12.660783458771942,0.12734858171153426,0.17029999999999998,0.2115803838791917,139.27757726982236,182.29085594415665,179.63661096990108,139,182,180,True,0
196,15,"between GREEN and CYAN, step 3 of 5",15,5,5,0,0.0,72.98823199019498,-1.14292547643406,-44.41300317248697,0.0,-40.67058549746014,23.774490191929065,72.98823199019498,-41.813510973894196,-20.638512980557902,0.1263031006781486,0.17029999999999998,0.23241512092189837,133.23231873102486,183.1579466164112,188.28878849744797,133,183,188,True,0
197,16,"between GREEN and CYAN, step 4 of 5",16,5,5,0,0.0,72.98823199019498,-1.14292547643406,-44.41300317248697,0.0,-43.350231054783066,15.34227033142028,72.98823199019498,-44.493156531217124,-29.070732841066686,0.12639370470683955,0.17029999999999998,0.2548801131628174,127.92320787208155,183.8479819893837,197.32255294919014,128,184,197,True,0
198,17,"between GREEN and CYAN, step 5 of 5",17,5,5,0,0.0,72.98823199019498,-1.14292547643406,-44.41300317248697,0.0,-44.89335593351362,6.630118031469099,72.98823199019498,-46.03628140994768,-37.78288514101787,0.12762716273709515,0.17029999999999998,0.2786749019564999,123.91127425711602,184.3660005927086,206.43317967653275,124,184,206,True,0
199,18,CYAN handle,18,5,5,0,0.0,72.98823199019498,-1.14292547643406,-44.41300317248697,0.0,-45.304008016666785,-2.208105599756771,72.98823199019498,-46.44693349310084,-46.62110877224374,0.13002659405751482,0.17029999999999998,0.3034966687515849,121.7586524784565,184.70518559217453,215.39417043328285,122,185,215,True,0
200,19,"between CYAN and BLUE, step 1 of 5",19,5,5,0,0.0,72.98823199019498,-1.14292547643406,-44.41300317248697,0.0,-44.57649568487186,-11.02590339150186,72.98823199019498,-45.71942116130592,-55.43890656398882,0.13362847182838306,0.17029999999999998,0.32899895216650327,121.93741198629141,184.84131708741188,224.03951212763786,122,185,224,True,0
201,20,"between CYAN and BLUE, step 2 of 5",20,5,5,0,0.0,72.98823199019498,-1.14292547643406,-44.41300317248697,0.0,-42.69474010281299,-19.671239013587964,72.98823199019498,-43.83766557924705,-64.08424218607493,0.13847594673146435,0.17029999999999998,0.3547449460765972,124.72807890269905,184.72923830151558,232.23303526639938,125,185,232,True,0
202,21,"between CYAN and BLUE, step 3 of 5",21,5,5,0,0.0,72.98823199019498,-1.14292547643406,-44.41300317248697,0.0,-39.63477568334308,-27.973012910833727,72.98823199019498,-40.77770115977714,-72.3860160833207,0.14460662797829116,0.17029999999999998,0.3801514535913719,130.11696422472596,184.3031595647335,239.8382131755352,130,184,240,True,0
203,22,"between CYAN and BLUE, step 4 of 5",22,5,5,0,0.0,72.98823199019498,-1.14292547643406,-44.41300317248697,0.0,-35.37204005678323,-35.72620045328024,72.98823199019498,-36.514965533217286,-80.13920362576721,0.15203098311385274,0.17029999999999998,0.4044221786394781,137.72344261407852,183.48184883594513,246.69803068041801,138,183,247,True,0
204,23,"between CYAN and BLUE, step 5 of 5",23,5,5,0,0.0,72.98823199019498,-1.14292547643406,-44.41300317248697,0.0,-29.897177811346825,-42.67664759608496,72.98823199019498,-31.040103287780884,-87.08965076857193,0.16069572833972096,0.17029999999999998,0.42647864313784617,146.8216136097908,182.18330651521683,252.626563757658,147,182,253,True,0
205,24,BLUE handle,24,5,5,0,0.0,72.98823199019498,-1.14292547643406,-44.41300317248697,0.0,-23.245838369923167,-48.511244044914314,72.98823199019498,-24.388763846357225,-92.92424721740127,0.1704275673196668,0.17029999999999998,0.4449220333537148,156.5217711031437,180.35228356719017,257.4140104651451,157,180,255,False,1
206,25,"between BLUE and MAGENTA, step 1 of 5",25,5,5,0,0.0,72.98823199019498,-1.14292547643406,-44.41300317248697,0.0,-15.545390198816976,-52.86852875587569,72.98823199019498,-16.688315675251037,-97.28153192836265,0.18086419197798473,0.17029999999999998,0.4581057579780902,166.0772855579853,177.99812749028206,260.8449983596802,166,178,255,False,1
207,26,"between BLUE and MAGENTA, step 2 of 5",26,5,5,0,0.0,72.98823199019498,-1.14292547643406,-44.41300317248697,0.0,-7.065500398229713,-55.39326657530841,72.98823199019498,-8.208425874663773,-99.80626974779537,0.19141194774554823,0.17029999999999998,0.4644337494052499,175.10641805827618,175.22473990917206,262.72234082221985,175,175,255,False,1
208,27,"between BLUE and MAGENTA, step 3 of 5",27,5,5,0,0.0,72.98823199019498,-1.14292547643406,-44.41300317248697,0.0,1.770882353784213,-55.84178853554697,72.98823199019498,0.6279568773501532,-100.25479170803393,0.2013058036036718,0.17029999999999998,0.4628993948983225,183.50719347596169,172.2273087501526,262.8974050283432,184,172,255,False,1
209,28,"between BLUE and MAGENTA, step 4 of 5",28,5,5,0,0.0,72.98823199019498,-1.14292547643406,-44.41300317248697,0.0,10.461969785025188,-54.184130142156,72.98823199019498,9.319044308591128,-98.59713331464297,0.20980520446672307,0.17029999999999998,0.4535706690171694,191.17013968527317,169.2473566532135,261.3032537698746,191,169,255,False,1
210,29,"between BLUE and MAGENTA, step 5 of 5",29,5,5,0,0.0,72.98823199019498,-1.14292547643406,-44.41300317248697,0.0,18.557434321905244,-50.613936027213754,72.98823199019498,17.414508845471186,-95.02693919970072,0.21641223634017248,0.17029999999999998,0.4375837641108636,197.84601286053658,166.5147940814495,257.98265755176544,198,167,255,False,1
211,30,MAGENTA handle,30,5,5,0,0.0,72.98823199019498,-1.14292547643406,-44.41300317248697,0.0,25.747315636789907,-45.457538179388486,72.98823199019498,24.604390160355848,-89.87054135187546,0.22094906468665337,0.17029999999999998,0.41664346592424917,203.26047912240028,164.20894861221313,253.08488756418228,203,164,253,True,0
212,31,"between MAGENTA and RED, step 1 of 5",31,5,5,0,0.0,72.98823199019498,-1.14292547643406,-44.41300317248697,0.0,31.865350191240974,-39.06594328619278,72.98823199019498,30.722424714806916,-83.47894645867974,0.22348408640888734,0.17029999999999998,0.3924728936698627,207.25408762693405,162.4442245066166,246.8320570886135,207,162,247,True,0
213,32,"between MAGENTA and RED, step 2 of 5",32,5,5,0,0.0,72.98823199019498,-1.14292547643406,-44.41300317248697,0.0,36.844534822680856,-31.75221971371464,72.98823199019498,35.7016093462468,-76.1652228862016,0.22421317271126698,0.17029999999999998,0.3665145868692677,209.81282472610474,161.26988992094994,239.47357714176178,210,161,239,True,0
214,33,"between MAGENTA and RED, step 3 of 5",33,5,5,0,0.0,72.98823199019498,-1.14292547643406,-44.41300317248697,0.0,40.67058549746032,-23.77449019192862,72.98823199019498,39.527660021026264,-68.18749336441559,0.22337062862132626,0.17029999999999998,0.3398655001879566,211.02537766098976,160.67849725484848,231.25192031264305,211,161,231,True,0
215,34,"between MAGENTA and RED, step 4 of 5",34,5,5,0,0.0,72.98823199019498,-1.14292547643406,-44.41300317248697,0.0,43.35023105478317,-15.342270331419808,72.98823199019498,42.207305578349114,-59.75527350390678,0.22118171018464833,0.17029999999999998,0.31332441280225504,211.0318449139595,160.62030717730522,222.38902509212494,211,161,222,True,0
216,35,"between MAGENTA and RED, step 5 of 5",35,5,5,0,0.0,72.98823199019498,-1.14292547643406,-44.41300317248697,0.0,44.893355933513675,-6.630118031468575,72.98823199019498,43.75043045707962,-51.04312120395554,0.21784342010716617,0.17029999999999998,0.28746843832496016,209.98787373304367,161.01896658539772,213.0910836160183,210,161,213,True,0
217,0,RED handle,0,6,6,1,2.0,74.98823199019498,-1.14292547643406,-44.41300317248697,0.0,45.30400801666679,2.2081055997562062,74.98823199019498,44.161082540232734,-42.20489757273076,0.22643967980336827,0.18204241643960561,0.27796263865711496,214.4626960158348,166.90926611423492,209.92481231689453,214,167,210,True,0
218,1,"between RED and YELLOW, step 1 of 5",1,6,6,1,2.0,74.98823199019498,-1.14292547643406,-44.41300317248697,0.0,44.57649568487194,11.025903391501387,74.98823199019498,43.43357020843788,-33.38709978098558,0.22110479042037728,0.18204241643960561,0.2538355020119875,211.69995546340942,167.77394771575928,200.30996024608612,212,168,200,True,0
219,2,"between RED and YELLOW, step 2 of 5",2,6,6,1,2.0,74.98823199019498,-1.14292547643406,-44.41300317248697,0.0,42.694740102813135,19.671239013587495,74.98823199019498,41.55181462637908,-24.74176415889947,0.21499164793527958,0.18204241643960561,0.23148532062916982,208.23348507285118,168.86484637856483,190.9264549612999,208,169,191,True,0
220,3,"between RED and YELLOW, step 3 of 5",3,6,6,1,2.0,74.98823199019498,-1.14292547643406,-44.41300317248697,0.0,39.63477568334325,27.97301291083334,74.98823199019498,38.49185020690919,-16.439990261653627,0.20819601162785897,0.18204241643960561,0.21121952634475955,204.1692155599594,170.1241748034954,182.1044683456421,204,170,182,True,0
221,4,"between RED and YELLOW, step 4 of 5",4,6,6,1,2.0,74.98823199019498,-1.14292547643406,-44.41300317248697,0.0,35.372040056783476,35.726200453279866,74.98823199019498,34.22911458034942,-8.686802719207101,0.20080821239027669,0.18204241643960561,0.19338274820237825,199.60521966218948,171.5087141096592,174.20479103922844,200,172,174,True,0
222,5,"between RED and YELLOW, step 5 of 5",5,6,6,1,2.0,74.98823199019498,-1.14292547643406,-44.41300317248697,0.0,29.897177811347095,42.67664759608468,74.98823199019498,28.754252334913037,-1.736355576402289,0.19292957810847197,0.18204241643960561,0.17839075151524952,194.6391825377941,172.9910145699978,167.55857527256012,195,173,168,True,0
223,6,YELLOW handle,6,6,6,1,2.0,74.98823199019498,-1.14292547643406,-44.41300317248697,0.0,23.245838369923515,48.51124404491406,74.98823199019498,22.102912893489457,4.098240872427091,0.18469622678216782,0.18204241643960561,0.16674985316041363,189.37792405486107,174.55697894096375,162.41700656712055,189,175,162,True,0
224,7,"between YELLOW and GREEN, step 1 of 5",7,6,6,1,2.0,74.98823199019498,-1.14292547643406,-44.41300317248697,0.0,15.54539019881734,52.86852875587553,74.98823199019498,14.40246472238328,8.455525583388564,0.1763083257653081,0.18204241643960561,0.15903480944421436,183.94486539065838,176.1990076303482,158.9590135216713,184,176,159,True,0
225,8,"between YELLOW and GREEN, step 2 of 5",8,6,6,1,2.0,74.98823199019498,-1.14292547643406,-44.41300317248697,0.0,7.065500398230156,55.39326657530833,74.98823199019498,5.9225749217960955,10.980263402821365,0.16805016947177084,0.18204241643960561,0.155785476318701,178.46948079764843,177.90296539664268,157.33135756105185,178,178,157,True,0
226,9,"between YELLOW and GREEN, step 3 of 5",9,6,6,1,2.0,74.98823199019498,-1.14292547643406,-44.41300317248697,0.0,-1.77088235378375,55.84178853554699,74.98823199019498,-2.91380783021781,11.428785363060022,0.1602708996640641,0.18204241643960561,0.15731897140030476,173.04440550506115,179.6355964243412,157.63976611196995,173,180,158,True,0
227,10,"between YELLOW and GREEN, step 4 of 5",10,6,6,1,2.0,74.98823199019498,-1.14292547643406,-44.41300317248697,0.0,-10.461969785024724,54.18413014215614,74.98823199019498,-11.604895261458784,9.771126969669176,0.1533107231239784,0.18204241643960561,0.16356511140450716,167.67245896160603,181.34271562099457,159.8958570510149,168,181,160,True,0
228,11,"between YELLOW and GREEN, step 5 of 5",11,6,6,1,2.0,74.98823199019498,-1.14292547643406,-44.41300317248697,0.0,-18.557434321904815,50.61393602721401,74.98823199019498,-19.700359798338873,6.200932854727043,0.14741670122852243,0.18204241643960561,0.17407972370763153,162.26420916616917,182.962766289711,164.00510475039482,162,183,164,True,0
229,12,GREEN handle,12,6,6,1,2.0,74.98823199019498,-1.14292547643406,-44.41300317248697,0.0,-25.74731563678954,45.457538179388806,74.98823199019498,-26.8902411132236,1.0445350069018389,0.1427137449572677,0.18204241643960561,0.18822793560445852,156.70879516750574,184.44435998797417,169.7886186093092,157,184,170,True,0
230,13,"between GREEN and CYAN, step 1 of 5",13,6,6,1,2.0,74.98823199019498,-1.14292547643406,-44.41300317248697,0.0,-31.865350191240655,39.06594328619317,74.98823199019498,-33.00827566767472,-5.347059886293799,0.13923521606722877,0.18204241643960561,0.20537468113711252,150.97135953605175,185.7559736073017,176.97560615837574,151,186,177,True,0
231,14,"between GREEN and CYAN, step 2 of 5",14,6,6,1,2.0,74.98823199019498,-1.14292547643406,-44.41300317248697,0.0,-36.84453482268064,31.752219713715025,74.98823199019498,-37.9874602991147,-12.660783458771942,0.1369703524588869,0.18204241643960561,0.22497948682985797,145.16397155821323,186.8860101699829,185.20361624658108,145,187,185,True,0
232,15,"between GREEN and CYAN, step 3 of 5",15,6,6,1,2.0,74.98823199019498,-1.14292547643406,-44.41300317248697,0.0,-40.67058549746014,23.774490191929065,74.98823199019498,-41.813510973894196,-20.638512980557902,0.13589912733632983,0.18204241643960561,0.24660770170401833,139.56945480778813,187.83512324094772,194.07275453209877,140,188,194,True,0
233,16,"between GREEN and CYAN, step 4 of 5",16,6,6,1,2.0,74.98823199019498,-1.14292547643406,-44.41300317248697,0.0,-43.350231054783066,15.34227033142028,74.98823199019498,-44.493156531217124,-29.070732841066686,0.13601044362131365,0.18204241643960561,0.2699027827983474,134.62118173018098,188.60784977674484,203.22056606411934,135,189,203,True,0
234,17,"between GREEN and CYAN, step 5 of 5",17,6,6,1,2.0,74.98823199019498,-1.14292547643406,-44.41300317248697,0.0,-44.89335593351362,6.630118031469099,74.98823199019498,-46.03628140994768,-37.78288514101787,0.13730911643626736,0.18204241643960561,0.29454744654327825,130.84662054665387,189.20374140143394,212.36602172255516,131,189,212,True,0
235,18,CYAN handle,18,6,6,1,2.0,74.98823199019498,-1.14292547643406,-44.41300317248697,0.0,-45.304008016666785,-2.208105599756771,74.98823199019498,-46.44693349310084,-46.62110877224374,0.13981663058428562,0.18204241643960561,0.32022304440454963,128.78595324000344,189.60989400744438,221.30875065922737,129,190,221,True,0
236,19,"between CYAN and BLUE, step 1 of 5",19,6,6,1,2.0,74.98823199019498,-1.14292547643406,-44.41300317248697,0.0,-44.57649568487186,-11.02590339150186,74.98823199019498,-45.71942116130592,-55.43890656398882,0.1435680395528145,0.18204241643960561,0.3465671463892625,128.89503612415865,189.7969351708889,229.90238472819328,129,190,230,True,0
237,20,"between CYAN and BLUE, step 2 of 5",20,6,6,1,2.0,74.98823199019498,-1.14292547643406,-44.41300317248697,0.0,-42.69474010281299,-19.671239013587964,74.98823199019498,-43.83766557924705,-64.08424218607493,0.14860508812884396,0.18204241643960561,0.3731258356576168,131.4410976972431,189.71645548939705,238.02213102579117,131,190,238,True,0
238,21,"between CYAN and BLUE, step 3 of 5",21,6,6,1,2.0,74.98823199019498,-1.14292547643406,-44.41300317248697,0.0,-39.63477568334308,-27.973012910833727,74.98823199019498,-40.77770115977714,-72.3860160833207,0.15496368870185517,0.18204241643960561,0.39929673535463667,136.4059421606362,189.3033492565155,245.53955644369125,136,189,246,True,0
239,22,"between CYAN and BLUE, step 4 of 5",22,6,6,1,2.0,74.98823199019498,-1.14292547643406,-44.41300317248697,0.0,-35.37204005678323,-35.72620045328024,74.98823199019498,-36.514965533217286,-80.13920362576721,0.1626518610870442,0.18204241643960561,0.4242614494787337,143.4315837174654,188.4825401008129,252.3071224987507,143,188,252,True,0
240,23,"between CYAN and BLUE, step 5 of 5",23,6,6,1,2.0,74.98823199019498,-1.14292547643406,-44.41300317248697,0.0,-29.897177811346825,-42.67664759608496,74.98823199019498,-31.040103287780884,-87.08965076857193,0.17161241942200856,0.18204241643960561,0.4469158582321812,151.86724696308374,187.1865512430668,258.1540283560753,152,187,255,False,1
241,24,BLUE handle,24,6,6,1,2.0,74.98823199019498,-1.14292547643406,-44.41300317248697,0.0,-23.245838369923167,-48.511244044914314,74.98823199019498,-24.388763846357225,-92.92424721740127,0.18166568426435656,0.18204241643960561,0.4658320708391327,160.96039652824402,185.38206607103348,262.8921917080879,161,185,255,False,1
242,25,"between BLUE and MAGENTA, step 1 of 5",25,6,6,1,2.0,74.98823199019498,-1.14292547643406,-44.41300317248697,0.0,-15.545390198816976,-52.86852875587569,74.98823199019498,-16.688315675251037,-97.28153192836265,0.19243924085417105,0.18204241643960561,0.4793329104628979,170.1271766424179,183.1025455892086,266.3286969065666,170,183,255,False,1
243,26,"between BLUE and MAGENTA, step 2 of 5",26,6,6,1,2.0,74.98823199019498,-1.14292547643406,-44.41300317248697,0.0,-7.065500398229713,-55.39326657530841,74.98823199019498,-8.208425874663773,-99.80626974779537,0.2033248257025524,0.18204241643960561,0.4857953941681583,179.09109324216843,180.46569988131523,268.28034818172455,179,180,255,False,1
244,27,"between BLUE and MAGENTA, step 3 of 5",27,6,6,1,2.0,74.98823199019498,-1.14292547643406,-44.41300317248697,0.0,1.770882353784213,-55.84178853554697,74.98823199019498,0.6279568773501532,-100.25479170803393,0.21353936915936278,0.18204241643960561,0.484197896707292,187.73020707070827,177.65596345067024,268.5915818810463,188,178,255,False,1
245,28,"between BLUE and MAGENTA, step 4 of 5",28,6,6,1,2.0,74.98823199019498,-1.14292547643406,-44.41300317248697,0.0,10.461969785025188,-54.184130142156,74.98823199019498,9.319044308591128,-98.59713331464297,0.22232450760234468,0.18204241643960561,0.4746120003879679,195.80937534570694,174.87740814685822,267.16857343912125,196,175,255,False,1
246,29,"between BLUE and MAGENTA, step 5 of 5",29,6,6,1,2.0,74.98823199019498,-1.14292547643406,-44.41300317248697,0.0,18.557434321905244,-50.613936027213754,74.98823199019498,17.414508845471186,-95.02693919970072,0.22916902607004064,0.18204241643960561,0.4581952448891127,202.93791443109512,172.31174021959305,264.019895195961,203,172,255,False,1
247,30,MAGENTA handle,30,6,6,1,2.0,74.98823199019498,-1.14292547643406,-44.41300317248697,0.0,25.747315636789907,-45.457538179388486,74.98823199019498,24.604390160355848,-89.87054135187546,0.23388809957703935,0.18204241643960561,0.43668362109605957,208.75322878360748,170.1012848317623,259.26946610212326,209,170,255,False,1
248,31,"between MAGENTA and RED, step 1 of 5",31,6,6,1,2.0,74.98823199019498,-1.14292547643406,-44.41300317248697,0.0,31.865350191240974,-39.06594328619278,74.98823199019498,30.722424714806916,-83.47894645867974,0.23654837590888098,0.18204241643960561,0.4118330399723702,213.0674108862877,168.34578663110733,253.12738448381424,213,168,253,True,0
249,32,"between MAGENTA and RED, step 2 of 5",32,6,6,1,2.0,74.98823199019498,-1.14292547643406,-44.41300317248697,0.0,36.844534822680856,-31.75221971371464,74.98823199019498,35.7016093462468,-76.1652228862016,0.23734714190704556,0.18204241643960561,0.3851158739226838,215.86963891983032,167.099529504776,245.8423925936222,216,167,246,True,0
250,33,"between MAGENTA and RED, step 3 of 5",33,6,6,1,2.0,74.98823199019498,-1.14292547643406,-44.41300317248697,0.0,40.67058549746032,-23.77449019192862,74.98823199019498,39.527660021026264,-68.18749336441559,0.2365216026888279,0.18204241643960561,0.3576547129171506,217.2596499323845,166.37256771326065,237.66171276569366,217,166,238,True,0
251,34,"between MAGENTA and RED, step 4 of 5",34,6,6,1,2.0,74.98823199019498,-1.14292547643406,-44.41300317248697,0.0,43.35023105478317,-15.342270331419808,74.98823199019498,42.207305578349114,-59.75527350390678,0.23430040183447487,0.18204241643960561,0.33027014156465084,217.38474681973457,166.1373071372509,228.81237521767616,217,166,229,True,0
252,35,"between MAGENTA and RED, step 5 of 5",35,6,6,1,2.0,74.98823199019498,-1.14292547643406,-44.41300317248697,0.0,44.893355933513675,-6.630118031468575,74.98823199019498,43.75043045707962,-51.04312120395554,0.23088391752589263,0.18204241643960561,0.3035581282112178,216.40255272388458,166.33929669857025,219.4998501241207,216,166,219,True,0
253,0,RED handle,0,7,7,2,4.0,76.98823199019498,-1.14292547643406,-44.41300317248697,0.0,45.30400801666679,2.2081055997562062,76.98823199019498,44.161082540232734,-42.20489757273076,0.23988755751074697,0.19431256482052445,0.29380197028045835,221.06762319803238,172.03604221343994,216.4134505391121,221,172,216,True,0
254,1,"between RED and YELLOW, step 1 of 5",1,7,7,2,4.0,76.98823199019498,-1.14292547643406,-44.41300317248697,0.0,44.57649568487194,11.025903391501387,76.98823199019498,43.43357020843788,-33.38709978098558,0.2343883391357788,0.19431256482052445,0.2688258126275203,218.2813999056816,172.72498324513435,206.7199730873108,218,173,207,True,0
255,2,"between RED and YELLOW, step 2 of 5",2,7,7,2,4.0,76.98823199019498,-1.14292547643406,-44.41300317248697,0.0,42.694740102813135,19.671239013587495,76.98823199019498,41.55181462637908,-24.74176415889947,0.2280729976351907,0.19431256482052445,0.24566351097040462,214.72907692193985,173.66617754101753,197.19215914607048,215,174,197,True,0
256,3,"between RED and YELLOW, step 3 of 5",3,7,7,2,4.0,76.98823199019498,-1.14292547643406,-44.41300317248697,0.0,39.63477568334325,27.97301291083334,76.98823199019498,38.49185020690919,-16.439990261653627,0.22103996789315486,0.19431256482052445,0.22463954638406494,210.50881817936897,174.80641275644302,188.13689164817333,211,175,188,True,0
257,4,"between RED and YELLOW, step 4 of 5",4,7,7,2,4.0,76.98823199019498,-1.14292547643406,-44.41300317248697,0.0,35.372040056783476,35.726200453279866,76.98823199019498,34.22911458034942,-8.686802719207101,0.21338260842161758,0.19431256482052445,0.206117867661575,205.71456983685493,176.10308557748795,179.91348691284657,206,176,180,True,0
258,5,"between RED and YELLOW, step 5 of 5",5,7,7,2,4.0,76.98823199019498,-1.14292547643406,-44.41300317248697,0.0,29.897177811347095,42.67664759608468,76.98823199019498,28.754252334913037,-1.736355576402289,0.2052062812867779,0.19431256482052445,0.19053699417164993,200.44726207852364,177.52622321248055,172.88908503949642,200,178,173,True,0
259,6,YELLOW handle,6,7,7,2,4.0,76.98823199019498,-1.14292547643406,-44.41300317248697,0.0,23.245838369923515,48.51124404491406,76.98823199019498,22.102912893489457,4.098240872427091,0.19665317375822433,0.19431256482052445,0.1784300163280441,194.82985630631447,179.0574498474598,167.3827663064003,195,179,167,True,0
260,7,"between YELLOW and GREEN, step 1 of 5",7,7,7,2,4.0,76.98823199019498,-1.14292547643406,-44.41300317248697,0.0,15.54539019881734,52.86852875587553,76.98823199019498,14.40246472238328,8.455525583388564,0.1879328600213292,0.19431256482052445,0.1704011880075956,189.0197590738535,180.68444654345512,163.641145080328,189,181,164,True,0
261,8,"between YELLOW and GREEN, step 2 of 5",8,7,7,2,4.0,76.98823199019498,-1.14292547643406,-44.41300317248697,0.0,7.065500398230156,55.39326657530833,76.98823199019498,5.9225749217960955,10.980263402821365,0.17934325131393009,0.19431256482052445,0.16701755449791544,183.2007209211588,182.38955184817314,161.85225807130337,183,182,162,True,0
262,9,"between YELLOW and GREEN, step 3 of 5",9,7,7,2,4.0,76.98823199019498,-1.14292547643406,-44.41300317248697,0.0,-1.77088235378375,55.84178853554699,76.98823199019498,-2.91380783021781,11.428785363060022,0.17125032121956132,0.19431256482052445,0.16861221280504868,177.53228768706322,184.13797482848167,162.13976964354515,178,184,162,True,0
263,10,"between YELLOW and GREEN, step 4 of 5",10,7,7,2,4.0,76.98823199019498,-1.14292547643406,-44.41300317248697,0.0,-10.461969785024724,54.18413014215614,76.98823199019498,-11.604895261458784,9.771126969669176,0.1640107288349509,0.19431256482052445,0.1751119985836502,172.07532450556755,185.8755911886692,164.52119305729866,172,186,165,True,0
264,11,"between YELLOW and GREEN, step 5 of 5",11,7,7,2,4.0,76.98823199019498,-1.14292547643406,-44.41300317248697,0.0,-18.557434321904815,50.61393602721401,76.98823199019498,-19.700359798338873,6.200932854727043,0.15788348086891946,0.19431256482052445,0.18605138185307424,166.7640683054924,187.54126220941544,168.88434693217278,167,188,169,True,0
265,12,GREEN handle,12,7,7,2,4.0,76.98823199019498,-1.14292547643406,-44.41300317248697,0.0,-25.74731563678954,45.457538179388806,76.98823199019498,-26.8902411132236,1.0445350069018389,0.15299939092712386,0.19431256482052445,0.20076434053996448,161.467866897583,189.08352345228195,174.99192640185356,161,189,175,True,0
266,13,"between GREEN and CYAN, step 1 of 5",13,7,7,2,4.0,76.98823199019498,-1.14292547643406,-44.41300317248697,0.0,-31.865350191240655,39.06594328619317,76.98823199019498,-33.00827566767472,-5.347059886293799,0.14939300367280425,0.19431256482052445,0.21858391132042018,156.09941996634007,190.46986386179924,182.49261371791363,156,190,182,True,0
267,14,"between GREEN and CYAN, step 2 of 5",14,7,7,2,4.0,76.98823199019498,-1.14292547643406,-44.41300317248697,0.0,-36.84453482268064,31.752219713715025,76.98823199019498,-37.9874602991147,-12.660783458771942,0.14705220531971352,0.19431256482052445,0.2389416503592348,150.70445995777845,191.6856314241886,190.9619602560997,151,192,191,True,0
268,15,"between GREEN and CYAN, step 3 of 5",15,7,7,2,4.0,76.98823199019498,-1.14292547643406,-44.41300317248697,0.0,-40.67058549746014,23.774490191929065,76.98823199019498,-41.813510973894196,-20.638512980557902,0.14595471744511015,0.19431256482052445,0.26137968243839416,145.50187602639198,192.72723153233528,199.97914999723434,146,193,200,True,0
269,16,"between GREEN and CYAN, step 4 of 5",16,7,7,2,4.0,76.98823199019498,-1.14292547643406,-44.41300317248697,0.0,-43.350231054783066,15.34227033142028,76.98823199019498,-44.493156531217124,-29.070732841066686,0.14608715160558552,0.19431256482052445,0.2855220238052142,140.87253788486123,193.59289348125458,209.1932451725006,141,194,209,True,0
270,17,"between GREEN and CYAN, step 5 of 5",17,7,7,2,4.0,76.98823199019498,-1.14292547643406,-44.41300317248697,0.0,-44.89335593351362,6.630118031469099,76.98823199019498,-46.03628140994768,-37.78288514101787,0.14745232341242784,0.19431256482052445,0.31103432968381833,137.30541659519076,194.2750632762909,218.34687799215317,137,194,218,True,0
271,18,CYAN handle,18,7,7,2,4.0,76.98823199019498,-1.14292547643406,-44.41300317248697,0.0,-45.304008016666785,-2.208105599756771,76.98823199019498,-46.44693349310084,-46.62110877224374,0.15007005603308646,0.19431256482052445,0.3375819355380048,135.3139833547175,194.75418716669083,227.2602041065693,135,195,227,True,0
272,19,"between CYAN and BLUE, step 1 of 5",19,7,7,2,4.0,76.98823199019498,-1.14292547643406,-44.41300317248697,0.0,-44.57649568487186,-11.02590339150186,76.98823199019498,-45.71942116130592,-55.43890656398882,0.15397397595584325,0.19431256482052445,0.3647862723802429,135.33561654388905,194.9949498474598,235.799653083086,135,195,236,True,0
273,20,"between CYAN and BLUE, step 2 of 5",20,7,7,2,4.0,76.98823199019498,-1.14292547643406,-44.41300317248697,0.0,-42.69474010281299,-19.671239013587964,76.98823199019498,-43.83766557924705,-64.08424218607493,0.15920443303213713,0.19431256482052445,0.39217611576708433,137.6265981607139,194.94563609361649,243.84782642126083,138,195,244,True,0
274,21,"between CYAN and BLUE, step 3 of 5",21,7,7,2,4.0,76.98823199019498,-1.14292547643406,-44.41300317248697,0.0,-39.63477568334308,-27.973012910833727,76.98823199019498,-40.77770115977714,-72.3860160833207,0.1657956659997364,0.19431256482052445,0.4191296291029516,142.17286136001348,194.54169496893883,251.2823934853077,142,195,251,True,0
275,22,"between CYAN and BLUE, step 4 of 5",22,7,7,2,4.0,76.98823199019498,-1.14292547643406,-44.41300317248697,0.0,-35.37204005678323,-35.72620045328024,76.98823199019498,-36.514965533217286,-80.13920362576721,0.1737532676240246,0.19431256482052445,0.44480587764687846,148.65307733416557,193.71504172682762,257.96560406684875,149,194,255,False,1
276,23,"between CYAN and BLUE, step 5 of 5",23,7,7,2,4.0,76.98823199019498,-1.14292547643406,-44.41300317248697,0.0,-29.897177811346825,-42.67664759608496,76.98823199019498,-31.040103287780884,-87.08965076857193,0.1830161383407944,0.19431256482052445,0.4680744093988653,156.50550227612257,192.4123728275299,263.7426620721817,157,192,255,False,1
277,24,BLUE handle,24,7,7,2,4.0,76.98823199019498,-1.14292547643406,-44.41300317248697,0.0,-23.245838369923167,-48.511244044914314,76.98823199019498,-24.388763846357225,-92.92424721740127,0.19339812037673926,0.19431256482052445,0.48747723522993947,165.11838421225548,190.62201529741287,268.447265625,165,191,255,False,1
278,25,"between BLUE and MAGENTA, step 1 of 5",25,7,7,2,4.0,76.98823199019498,-1.14292547643406,-44.41300317248697,0.0,-15.545390198816976,-52.86852875587569,76.98823199019498,-16.688315675251037,-97.28153192836265,0.20451644533468208,0.19431256482052445,0.501305259038472,174.05474469065666,188.39999333024025,271.9085302948952,174,188,255,False,1
279,26,"between BLUE and MAGENTA, step 2 of 5",26,7,7,2,4.0,76.98823199019498,-1.14292547643406,-44.41300317248697,0.0,-7.065500398229713,-55.39326657530841,76.98823199019498,-8.208425874663773,-99.80626974779537,0.21574779417034287,0.19431256482052445,0.5079071855171887,183.110346570611,185.87622955441475,273.95353496074677,183,186,255,False,1
280,27,"between BLUE and MAGENTA, step 3 of 5",27,7,7,2,4.0,76.98823199019498,-1.14292547643406,-44.41300317248697,0.0,1.770882353784213,-55.84178853554697,76.98823199019498,0.6279568773501532,-100.25479170803393,0.22629045870039155,0.19431256482052445,0.5062454368422368,192.10873872041702,183.2244810461998,274.4160005450249,192,183,255,False,1
281,28,"between BLUE and MAGENTA, step 4 of 5",28,7,7,2,4.0,76.98823199019498,-1.14292547643406,-44.41300317248697,0.0,10.461969785025188,-54.184130142156,76.98823199019498,9.319044308591128,-98.59713331464297,0.23536768841159975,0.19431256482052445,0.49639522125573415,200.6706900894642,180.61379313468933,273.17232728004456,201,181,255,False,1
282,29,"between BLUE and MAGENTA, step 5 of 5",29,7,7,2,4.0,76.98823199019498,-1.14292547643406,-44.41300317248697,0.0,18.557434321905244,-50.613936027213754,76.98823199019498,17.414508845471186,-95.02693919970072,0.24245460459723348,0.19431256482052445,0.4795364175314786,208.26731845736504,178.18215921521187,270.19717812538147,208,178,255,False,1
283,30,MAGENTA handle,30,7,7,2,4.0,76.98823199019498,-1.14292547643406,-44.41300317248697,0.0,25.747315636789907,-45.457538179388486,76.98823199019498,24.604390160355848,-89.87054135187546,0.2473593031101113,0.19431256482052445,0.45743769518844446,214.46600183844566,176.03913500905037,265.5908069014549,214,176,255,False,1
284,31,"between MAGENTA and RED, step 1 of 5",31,7,7,2,4.0,76.98823199019498,-1.14292547643406,-44.41300317248697,0.0,31.865350191240974,-39.06594328619278,76.98823199019498,30.722424714806916,-83.47894645867974,0.25014678678170676,0.19431256482052445,0.4318891723187486,219.07035157084465,174.27160665392876,259.5538732409477,219,174,255,False,1
285,32,"between MAGENTA and RED, step 2 of 5",32,7,7,2,4.0,76.98823199019498,-1.14292547643406,-44.41300317248697,0.0,36.844534822680856,-31.75221971371464,76.98823199019498,35.7016093462468,-76.1652228862016,0.2510159405947727,0.19431256482052445,0.40439414114490124,222.0885144174099,172.93910935521126,252.33562096953392,222,173,252,True,0
286,33,"between MAGENTA and RED, step 3 of 5",33,7,7,2,4.0,76.98823199019498,-1.14292547643406,-44.41300317248697,0.0,40.67058549746032,-23.77449019192862,76.98823199019498,39.527660021026264,-68.18749336441559,0.25020705273329374,0.19431256482052445,0.3761015593819224,223.64007756114006,172.06819608807564,244.18982326984406,224,172,244,True,0
287,34,"between MAGENTA and RED, step 4 of 5",34,7,7,2,4.0,76.98823199019498,-1.14292547643406,-44.41300317248697,0.0,43.35023105478317,-15.342270331419808,76.98823199019498,42.207305578349114,-59.75527350390678,0.24795230338175386,0.19431256482052445,0.34785427701706007,223.88323411345482,171.65255159139633,235.35003080964088,224,172,235,True,0
288,35,"between MAGENTA and RED, step 5 of 5",35,7,7,2,4.0,76.98823199019498,-1.14292547643406,-44.41300317248697,0.0,44.893355933513675,-6.630118031468575,76.98823199019498,43.75043045707962,-51.04312120395554,0.24445555397177196,0.19431256482052445,0.3202674038491699,222.9773247241974,171.65882885456085,226.0257187485695,223,172,226,True,0
289,0,RED handle,0,8,8,3,6.0,78.98823199019498,-1.14292547643406,-44.41300317248697,0.0,45.30400801666679,2.2081055997562062,78.98823199019498,44.161082540232734,-42.20489757273076,0.25387426352090825,0.20712204514705979,0.3102541005973415,227.7682064473629,177.23555400967598,223.02293747663498,228,177,223,True,0
290,1,"between RED and YELLOW, step 1 of 5",1,8,8,3,6.0,78.98823199019498,-1.14292547643406,-44.41300317248697,0.0,44.57649568487194,11.025903391501387,78.98823199019498,43.43357020843788,-33.38709978098558,0.24820726200036372,0.20712204514705979,0.284411562286427,225.0011569261551,177.7575396001339,213.2751077413559,225,178,213,True,0
291,2,"between RED and YELLOW, step 2 of 5",2,8,8,3,6.0,78.98823199019498,-1.14292547643406,-44.41300317248697,0.0,42.694740102813135,19.671239013587495,78.98823199019498,41.55181462637908,-24.74176415889947,0.2416855948484471,0.20712204514705979,0.26042069861106626,221.41520574688911,178.5612876713276,203.64772394299507,221,179,204,True,0
292,3,"between RED and YELLOW, step 3 of 5",3,8,8,3,6.0,78.98823199019498,-1.14292547643406,-44.41300317248697,0.0,39.63477568334325,27.97301291083334,78.98823199019498,38.49185020690919,-16.439990261653627,0.23441039405837472,0.20712204514705979,0.2386232807729142,217.09559753537178,179.59808483719826,194.4239240884781,217,180,194,True,0
293,4,"between RED and YELLOW, step 4 of 5",4,8,8,3,6.0,78.98823199019498,-1.14292547643406,-44.41300317248697,0.0,35.372040056783476,35.726200453279866,78.98823199019498,34.22911458034942,-8.686802719207101,0.22647807381216345,0.20712204514705979,0.2194028967994134,212.12531983852386,180.82519099116325,185.95020398497581,212,181,186,True,0
294,5,"between RED and YELLOW, step 5 of 5",5,8,8,3,6.0,78.98823199019498,-1.14292547643406,-44.41300317248697,0.0,29.897177811347095,42.67664759608468,78.98823199019498,28.754252334913037,-1.736355576402289,0.2179980825767448,0.20712204514705979,0.2032212437297596,206.59994512796402,182.2093503177166,178.61108399927616,207,182,179,True,0
295,6,YELLOW handle,6,8,8,3,6.0,78.98823199019498,-1.14292547643406,-44.41300317248697,0.0,23.245838369923515,48.51124404491406,78.98823199019498,22.102912893489457,4.098240872427091,0.20911877835394937,0.20712204514705979,0.1906387236958216,200.64861327409744,183.72597813606262,172.7770860493183,201,184,173,True,0
296,7,"between YELLOW and GREEN, step 1 of 5",7,8,8,3,6.0,78.98823199019498,-1.14292547643406,-44.41300317248697,0.0,15.54539019881734,52.86852875587553,78.98823199019498,14.40246472238328,8.455525583388564,0.20005932335076296,0.20712204514705979,0.18228970828625157,194.45345610380173,185.35603746771812,168.76184910535812,194,185,169,True,0
297,8,"between YELLOW and GREEN, step 2 of 5",8,8,8,3,6.0,78.98823199019498,-1.14292547643406,-44.41300317248697,0.0,7.065500398230156,55.39326657530833,78.98823199019498,5.9225749217960955,10.980263402821365,0.1911315267150189,0.20712204514705979,0.17876901811494783,188.24674375355244,187.07658514380455,166.80730238556862,188,187,167,True,0
298,9,"between YELLOW and GREEN, step 3 of 5",9,8,8,3,6.0,78.98823199019498,-1.14292547643406,-44.41300317248697,0.0,-1.77088235378375,55.84178853554699,78.98823199019498,-2.91380783021781,11.428785363060022,0.1827185523473165,0.20712204514705979,0.18042607966856133,182.25577242672443,188.8504971563816,167.06611029803753,182,189,167,True,0
299,10,"between YELLOW and GREEN, step 4 of 5",10,8,8,3,6.0,78.98823199019498,-1.14292547643406,-44.41300317248697,0.0,-10.461969785024724,54.18413014215614,78.98823199019498,-11.604895261458784,9.771126969669176,0.17519386580784058,0.20712204514705979,0.18718468657949208,176.60694614052773,190.624530762434,169.5581229776144,177,191,170,True,0
300,11,"between YELLOW and GREEN, step 5 of 5",11,8,8,3,6.0,78.98823199019498,-1.14292547643406,-44.41300317248697,0.0,-18.557434321904815,50.61393602721401,78.98823199019498,-19.700359798338873,6.200932854727043,0.1688286743031165,0.20712204514705979,0.19855749117470686,171.27074047923088,192.33984991908073,174.14032749831676,171,192,174,True,0
301,12,GREEN handle,12,8,8,3,6.0,78.98823199019498,-1.14292547643406,-44.41300317248697,0.0,-25.74731563678954,45.457538179388806,78.98823199019498,-26.8902411132236,1.0445350069018389,0.1637598136757608,0.20712204514705979,0.2138466542199609,166.11031338572502,193.94720926880836,180.51037028431892,166,194,181,True,0
302,13,"between GREEN and CYAN, step 1 of 5",13,8,8,3,6.0,78.98823199019498,-1.14292547643406,-44.41300317248697,0.0,-31.865350191240655,39.06594328619317,78.98823199019498,-33.00827566767472,-5.347059886293799,0.1600230242671207,0.20712204514705979,0.23235264443310424,160.99745213985443,195.41415855288506,188.2462877780199,161,195,188,True,0
303,14,"between GREEN and CYAN, step 2 of 5",14,8,8,3,6.0,78.98823199019498,-1.14292547643406,-44.41300317248697,0.0,-36.84453482268064,31.752219713715025,78.98823199019498,-37.9874602991147,-12.660783458771942,0.15760479618925408,0.20712204514705979,0.2534784829873477,155.9193780273199,196.723530292511,196.881335824728,156,197,197,True,0
304,15,"between GREEN and CYAN, step 3 of 5",15,8,8,3,6.0,78.98823199019498,-1.14292547643406,-44.41300317248697,0.0,-40.67058549746014,23.774490191929065,78.98823199019498,-41.813510973894196,-20.638512980557902,0.15648053627855973,0.20712204514705979,0.2767426344895519,151.03433165699244,197.8664481639862,205.9886035323143,151,198,206,True,0
305,16,"between GREEN and CYAN, step 4 of 5",16,8,8,3,6.0,78.98823199019498,-1.14292547643406,-44.41300317248697,0.0,-43.350231054783066,15.34227033142028,78.98823199019498,-44.493156531217124,-29.070732841066686,0.15663450471396567,0.20712204514705979,0.3017493490015891,146.66974525898695,198.8340738415718,215.23312747478485,147,199,215,True,0
306,17,"between GREEN and CYAN, step 5 of 5",17,8,8,3,6.0,78.98823199019498,-1.14292547643406,-44.41300317248697,0.0,-44.89335593351362,6.630118031469099,78.98823199019498,-46.03628140994768,-37.78288514101787,0.15806747106040703,0.20712204514705979,0.3281469756189481,143.2725821994245,199.61094975471497,224.37735199928284,143,200,224,True,0
307,18,CYAN handle,18,8,8,3,6.0,78.98823199019498,-1.14292547643406,-44.41300317248697,0.0,-45.304008016666785,-2.208105599756771,78.98823199019498,-46.44693349310084,-46.62110877224374,0.16079756806743783,0.20712204514705979,0.35558463739397567,141.3258326612413,200.16977816820145,233.2554616034031,141,200,233,True,0
308,19,"between CYAN and BLUE, step 1 of 5",19,8,8,3,6.0,78.98823199019498,-1.14292547643406,-44.41300317248697,0.0,-44.57649568487186,-11.02590339150186,78.98823199019498,-45.71942116130592,-55.43890656398882,0.16485698518806507,0.20712204514705979,0.3836674444598428,141.24671710655093,200.46888291835785,241.7412194609642,141,200,242,True,0
309,20,"between CYAN and BLUE, step 2 of 5",20,8,8,3,6.0,78.98823199019498,-1.14292547643406,-44.41300317248697,0.0,-42.69474010281299,-19.671239013587964,78.98823199019498,-43.83766557924705,-64.08424218607493,0.17028468425394766,0.20712204514705979,0.411906656864195,143.2833631709218,200.4533189535141,249.72140684723854,143,200,250,True,0
310,21,"between CYAN and BLUE, step 3 of 5",21,8,8,3,6.0,78.98823199019498,-1.14292547643406,-44.41300317248697,0.0,-39.63477568334308,-27.973012910833727,78.98823199019498,-40.77770115977714,-72.3860160833207,0.17711324807303938,0.20712204514705979,0.43966069111261324,147.43375316262245,200.0592876970768,257.0790660381317,147,200,255,False,1
311,22,"between CYAN and BLUE, step 4 of 5",22,8,8,3,6.0,78.98823199019498,-1.14292547643406,-44.41300317248697,0.0,-35.37204005678323,-35.72620045328024,78.98823199019498,-36.514965533217286,-80.13920362576721,0.18534585660368014,0.20712204514705979,0.4660656365229967,153.42509876936674,199.22588601708412,263.68669867515564,153,199,255,False,1
312,23,"between CYAN and BLUE, step 5 of 5",23,8,8,3,6.0,78.98823199019498,-1.14292547643406,-44.41300317248697,0.0,-29.897177811346825,-42.67664759608496,78.98823199019498,-31.040103287780884,-87.08965076857193,0.19491747890892053,0.20712204514705979,0.48996403671995864,160.79420864582062,197.91416600346565,269.40677493810654,161,198,255,False,1
313,24,BLUE handle,24,8,8,3,6.0,78.98823199019498,-1.14292547643406,-44.41300317248697,0.0,-23.245838369923167,-48.511244044914314,78.98823199019498,-24.388763846357225,-92.92424721740127,0.2056353809248759,0.20712204514705979,0.509866826222075,169.06768329441547,196.13238841295242,274.0948873758316,169,196,255,False,1
314,25,"between BLUE and MAGENTA, step 1 of 5",25,8,8,3,6.0,78.98823199019498,-1.14292547643406,-44.41300317248697,0.0,-15.545390198816976,-52.86852875587569,78.98823199019498,-16.688315675251037,-97.28153192836265,0.2171061984661394,0.20712204514705979,0.5240317269257074,177.93448470532894,193.9569291472435,277.6000624895096,178,194,255,False,1
315,26,"between BLUE and MAGENTA, step 2 of 5",26,8,8,3,6.0,78.98823199019498,-1.14292547643406,-44.41300317248697,0.0,-7.065500398229713,-55.39326657530841,78.98823199019498,-8.208425874663773,-99.80626974779537,0.22869112592491242,0.20712204514705979,0.5307778190652352,187.22793482244015,191.52721032500267,279.75602120161057,187,192,255,False,1
316,27,"between BLUE and MAGENTA, step 3 of 5",27,8,8,3,6.0,78.98823199019498,-1.14292547643406,-44.41300317248697,0.0,1.770882353784213,-55.84178853554697,78.98823199019498,0.6279568773501532,-100.25479170803393,0.23956924075075953,0.20712204514705979,0.5290506958122904,196.6848787665367,189.00549083948135,280.3816804289818,197,189,255,False,1
317,28,"between BLUE and MAGENTA, step 4 of 5",28,8,8,3,6.0,78.98823199019498,-1.14292547643406,-44.41300317248697,0.0,10.461969785025188,-54.184130142156,78.98823199019498,9.319044308591128,-98.59713331464297,0.24894484956876273,0.20712204514705979,0.5189292148352541,205.76816216111183,186.52878373861313,279.32168930768967,206,187,255,False,1
318,29,"between BLUE and MAGENTA, step 5 of 5",29,8,8,3,6.0,78.98823199019498,-1.14292547643406,-44.41300317248697,0.0,18.557434321905244,-50.613936027213754,78.98823199019498,17.414508845471186,-95.02693919970072,0.2562790570081845,0.20712204514705979,0.5016165293232755,213.81985411047935,184.19662848114967,276.5175613760948,214,184,255,False,1
319,30,MAGENTA handle,30,8,8,3,6.0,78.98823199019498,-1.14292547643406,-44.41300317248697,0.0,25.747315636789907,-45.457538179388486,78.98823199019498,24.604390160355848,-89.87054135187546,0.26137278623989135,0.20712204514705979,0.47891537644869236,220.35896122455597,182.09108546376228,272.04924434423447,220,182,255,False,1
320,31,"between MAGENTA and RED, step 1 of 5",31,8,8,3,6.0,78.98823199019498,-1.14292547643406,-44.41300317248697,0.0,31.865350191240974,-39.06594328619278,78.98823199019498,30.722424714806916,-83.47894645867974,0.26428948590254153,0.20712204514705979,0.45265142172176204,225.202948898077,180.28905496001244,266.1102542281151,225,180,255,False,1
321,32,"between MAGENTA and RED, step 2 of 5",32,8,8,3,6.0,78.98823199019498,-1.14292547643406,-44.41300317248697,0.0,36.844534822680856,-31.75221971371464,78.98823199019498,35.7016093462468,-76.1652228862016,0.26522980684311487,0.20712204514705979,0.42435991574125026,228.394443243742,178.85555148124695,258.95200073719025,228,179,255,False,1
322,33,"between MAGENTA and RED, step 3 of 5",33,8,8,3,6.0,78.98823199019498,-1.14292547643406,-44.41300317248697,0.0,40.67058549746032,-23.77449019192862,78.98823199019498,39.527660021026264,-68.18749336441559,0.2644372913242082,0.20712204514705979,0.39521689418327394,230.08129432797432,177.83269956707954,250.8348535001278,230,178,251,True,0
323,34,"between MAGENTA and RED, step 4 of 5",34,8,8,3,6.0,78.98823199019498,-1.14292547643406,-44.41300317248697,0.0,43.35023105478317,-15.342270331419808,78.98823199019498,42.207305578349114,-59.75527350390678,0.26214779726091214,0.20712204514705979,0.36608792852735816,230.4357849061489,177.23375290632248,242.00033515691757,230,177,242,True,0
324,35,"between MAGENTA and RED, step 5 of 5",35,8,8,3,6.0,78.98823199019498,-1.14292547643406,-44.41300317248697,0.0,44.893355933513675,-6.630118031468575,78.98823199019498,43.75043045707962,-51.04312120395554,0.25856877277778,0.20712204514705979,0.3376075632995092,229.61857795715332,177.04576939344406,232.66397774219513,230,177,233,True,0
325,0,RED handle,0,9,9,4,8.0,80.98823199019498,-1.14292547643406,-44.41300317248697,0.0,45.30400801666679,2.2081055997562062,80.98823199019498,44.161082540232734,-42.20489757273076,0.268410305996003,0.2204824574235148,0.32733048461029857,234.4557335972786,182.5760382413864,229.74421441555023,234,183,230,True,0
326,1,"between RED and YELLOW, step 1 of 5",1,9,9,4,8.0,80.98823199019498,-1.14292547643406,-44.41300317248697,0.0,44.57649568487194,11.025903391501387,80.98823199019498,43.43357020843788,-33.38709978098558,0.2625721024006398,0.2204824574235148,0.30060428669659894,231.75415456295013,182.93912395834923,219.95803713798523,232,183,220,True,0
327,2,"between RED and YELLOW, step 2 of 5",2,9,9,4,8.0,80.98823199019498,-1.14292547643406,-44.41300317248697,0.0,42.694740102813135,19.671239013587495,80.98823199019498,41.55181462637908,-24.74176415889947,0.2558400098175165,0.2204824574235148,0.2757684717679475,228.1942243874073,183.61614122986794,210.26446849107742,228,184,210,True,0
328,3,"between RED and YELLOW, step 3 of 5",3,9,9,4,8.0,80.98823199019498,-1.14292547643406,-44.41300317248697,0.0,39.63477568334325,27.97301291083334,80.98823199019498,38.49185020690919,-16.439990261653627,0.24831788013332579,0.2204824574235148,0.2531823501862351,223.84379982948303,184.5627236366272,200.92576280236244,224,185,201,True,0
329,4,"between RED and YELLOW, step 4 of 5",4,9,9,4,8.0,80.98823199019498,-1.14292547643406,-44.41300317248697,0.0,35.372040056783476,35.726200453279866,80.98823199019498,34.22911458034942,-8.686802719207101,0.24010521265180118,0.2204824574235148,0.23324947515107827,218.76876935362816,185.73588028550148,192.270617634058,219,186,192,True,0
330,5,"between RED and YELLOW, step 5 of 5",5,9,9,4,8.0,80.98823199019498,-1.14292547643406,-44.41300317248697,0.0,29.897177811347095,42.67664759608468,80.98823199019498,28.754252334913037,-1.736355576402289,0.23131559580769975,0.2204824574235148,0.21645514983535277,213.0509501695633,187.0976360142231,184.68631580471992,213,187,185,True,0
331,6,YELLOW handle,6,9,9,4,8.0,80.98823199019498,-1.14292547643406,-44.41300317248697,0.0,23.245838369923515,48.51124404491406,80.98823199019498,22.102912893489457,4.098240872427091,0.2221036609991051,0.2204824574235148,0.20338762972902613,206.81461080908775,188.61625492572784,178.57803337275982,207,189,179,True,0
332,7,"between YELLOW and GREEN, step 1 of 5",7,9,9,4,8.0,80.98823199019498,-1.14292547643406,-44.41300317248697,0.0,15.54539019881734,52.86852875587553,80.98823199019498,14.40246472238328,8.455525583388564,0.21269834066959012,0.2204824574235148,0.19471202658925965,200.2547188103199,190.26379331946373,174.31758418679237,200,190,174,True,0
333,8,"between YELLOW and GREEN, step 2 of 5",8,9,9,4,8.0,80.98823199019498,-1.14292547643406,-44.41300317248697,0.0,7.065500398230156,55.39326657530833,80.98823199019498,5.9225749217960955,10.980263402821365,0.2034256238160106,0.2204824574235148,0.19105152373928821,193.6424884200096,192.0102708041668,172.20437698066235,194,192,172,True,0
334,9,"between YELLOW and GREEN, step 3 of 5",9,9,9,4,8.0,80.98823199019498,-1.14292547643406,-44.41300317248697,0.0,-1.77088235378375,55.84178853554699,80.98823199019498,-2.91380783021781,11.428785363060022,0.19468622385695528,0.2204824574235148,0.19277222786772238,187.26944759488106,193.81542474031448,172.42502734065056,187,194,172,True,0
335,10,"between YELLOW and GREEN, step 4 of 5",10,9,9,4,8.0,80.98823199019498,-1.14292547643406,-44.41300317248697,0.0,-10.461969785024724,54.18413014215614,80.98823199019498,-11.604895261458784,9.771126969669176,0.18687076754914755,0.2204824574235148,0.19979482958299566,181.33282095193863,195.62790468335152,175.00059373676777,181,196,175,True,0
336,11,"between YELLOW and GREEN, step 5 of 5",11,9,9,4,8.0,80.98823199019498,-1.14292547643406,-44.41300317248697,0.0,-18.557434321904815,50.61393602721401,80.98823199019498,-19.700359798338873,6.200932854727043,0.18026291825154378,0.2204824574235148,0.2116097024963912,175.85158467292786,197.39349514245987,179.7509240359068,176,197,180,True,0
337,12,GREEN handle,12,9,9,4,8.0,80.98823199019498,-1.14292547643406,-44.41300317248697,0.0,-25.74731563678954,45.457538179388806,80.98823199019498,-26.8902411132236,1.0445350069018389,0.17500565406447435,0.2204824574235148,0.22748652103421432,170.69786801934242,199.06721413135529,186.31176598370075,171,199,186,True,0
338,13,"between GREEN and CYAN, step 1 of 5",13,9,9,4,8.0,80.98823199019498,-1.14292547643406,-44.41300317248697,0.0,-31.865350191240655,39.06594328619317,80.98823199019498,-33.00827566767472,-5.347059886293799,0.17113592410851966,0.2204824574235148,0.24669251314961801,165.71662791073322,200.61792612075806,194.20547381043434,166,201,194,True,0
339,14,"between GREEN and CYAN, step 2 of 5",14,9,9,4,8.0,80.98823199019498,-1.14292547643406,-44.41300317248697,0.0,-36.84453482268064,31.752219713715025,80.98823199019498,-37.9874602991147,-12.660783458771942,0.1686387781942636,0.2204824574235148,0.2686015971508387,160.84712460637093,202.02621415257454,202.93981432914734,161,202,203,True,0
340,15,"between GREEN and CYAN, step 3 of 5",15,9,9,4,8.0,80.98823199019498,-1.14292547643406,-44.41300317248697,0.0,-40.67058549746014,23.774490191929065,80.98823199019498,-41.813510973894196,-20.638512980557902,0.16748724532997178,0.2204824574235148,0.29270813703176496,156.19248647242785,203.27750220894814,212.0913116633892,156,203,212,True,0
341,16,"between GREEN and CYAN, step 4 of 5",16,9,9,4,8.0,80.98823199019498,-1.14292547643406,-44.41300317248697,0.0,-43.350231054783066,15.34227033142028,80.98823199019498,-44.493156531217124,-29.070732841066686,0.16766317402185654,0.2204824574235148,0.31859628529479084,152.02806573361158,204.35507878661156,221.34054735302925,152,204,221,True,0
342,17,"between GREEN and CYAN, step 5 of 5",17,9,9,4,8.0,80.98823199019498,-1.14292547643406,-44.41300317248697,0.0,-44.89335593351362,6.630118031469099,80.98823199019498,-46.03628140994768,-37.78288514101787,0.16916524049073953,0.2204824574235148,0.3458968324077995,148.75700365751982,205.23460999131203,230.46426057815552,149,205,230,True,0
343,18,CYAN handle,18,9,9,4,8.0,80.98823199019498,-1.14292547643406,-44.41300317248697,0.0,-45.304008016666785,-2.208105599756771,80.98823199019498,-46.44693349310084,-46.62110877224374,0.17200985682571468,0.2204824574235148,0.3742424835475397,146.82932909578085,205.88040053844452,239.3046534061432,147,206,239,True,0
344,19,"between CYAN and BLUE, step 1 of 5",19,9,9,4,8.0,80.98823199019498,-1.14292547643406,-44.41300317248697,0.0,-44.57649568487186,-11.02590339150186,80.98823199019498,-45.71942116130592,-55.43890656398882,0.17622776300527818,0.2204824574235148,0.40322183613784884,146.64115939289331,206.24444380402565,247.73851364850998,147,206,248,True,0
345,20,"between CYAN and BLUE, step 2 of 5",20,9,9,4,8.0,80.98823199019498,-1.14292547643406,-44.41300317248697,0.0,-42.69474010281299,-19.671239013587964,80.98823199019498,-43.83766557924705,-64.08424218607493,0.18185653619739078,0.2204824574235148,0.43232841739474037,148.43488164246082,206.2684205174446,255.65473526716232,148,206,255,False,1
346,21,"between CYAN and BLUE, step 3 of 5",21,9,9,4,8.0,80.98823199019498,-1.14292547643406,-44.41300317248697,0.0,-39.63477568334308,-27.973012910833727,80.98823199019498,-40.77770115977714,-72.3860160833207,0.18892711623764688,0.2204824574235148,0.46090060363338675,152.22778301686049,205.88996082544327,262.94186264276505,152,206,255,False,1
347,22,"between CYAN and BLUE, step 4 of 5",22,9,9,4,8.0,80.98823199019498,-1.14292547643406,-44.41300317248697,0.0,-35.37204005678323,-35.72620045328024,80.98823199019498,-36.514965533217286,-80.13920362576721,0.19744027892924662,0.2204824574235148,0.48805107281392984,157.804703861475,205.0553584098816,269.4838500022888,158,205,255,False,1
348,23,"between CYAN and BLUE, step 5 of 5",23,9,9,4,8.0,80.98823199019498,-1.14292547643406,-44.41300317248697,0.0,-29.897177811346825,-42.67664759608496,80.98823199019498,-31.040103287780884,-87.08965076857193,0.20732703909648528,0.2204824574235148,0.512594708333906,164.80578258633614,203.73896464705467,275.1606845855713,165,204,255,False,1
349,24,BLUE handle,24,9,9,4,8.0,80.98823199019498,-1.14292547643406,-44.41300317248697,0.0,-23.245838369923167,-48.511244044914314,80.98823199019498,-24.388763846357225,-92.92424721740127,0.21838798613363855,0.2204824574235148,0.5330104282484817,172.88779690861702,201.96724891662598,279.84963297843933,173,202,255,False,1
350,25,"between BLUE and MAGENTA, step 1 of 5",25,9,9,4,8.0,80.98823199019498,-1.14292547643406,-44.41300317248697,0.0,-15.545390198816976,-52.86852875587569,80.98823199019498,-16.688315675251037,-97.28153192836265,0.23021892217254095,0.2204824574235148,0.5475215713166207,181.84064850211143,199.83348101377487,283.4171551465988,182,200,255,False,1
351,26,"between BLUE and MAGENTA, step 2 of 5",26,9,9,4,8.0,80.98823199019498,-1.14292547643406,-44.41300317248697,0.0,-7.065500398229713,-55.39326657530841,80.98823199019498,-8.208425874663773,-99.80626974779537,0.2421651376402812,0.2204824574235148,0.5544163545819105,191.50025457143784,197.48324632644653,285.69922149181366,192,197,255,False,1
352,27,"between BLUE and MAGENTA, step 3 of 5",27,9,9,4,8.0,80.98823199019498,-1.14292547643406,-44.41300317248697,0.0,1.770882353784213,-55.84178853554697,80.98823199019498,0.6279568773501532,-100.25479170803393,0.25338594065848297,0.2204824574235148,0.5526227205568385,201.48742586374283,195.06610482931137,286.4959779381752,201,195,255,False,1
353,28,"between BLUE and MAGENTA, step 4 of 5",28,9,9,4,8.0,80.98823199019498,-1.14292547643406,-44.41300317248697,0.0,10.461969785025188,-54.184130142156,80.98823199019498,9.319044308591128,-98.59713331464297,0.2630661584377783,0.2204824574235148,0.5422232043264158,211.09903290867805,192.68971234560013,285.6188178062439,211,193,255,False,1
354,29,"between BLUE and MAGENTA, step 5 of 5",29,9,9,4,8.0,80.98823199019498,-1.14292547643406,-44.41300317248697,0.0,18.557434321905244,-50.613936027213754,80.98823199019498,17.414508845471186,-95.02693919970072,0.2706525346539283,0.2204824574235148,0.5244451201531454,219.56258475780487,190.4216368496418,282.9789626598358,220,190,255,False,1
355,30,MAGENTA handle,30,9,9,4,8.0,80.98823199019498,-1.14292547643406,-44.41300317248697,0.0,25.747315636789907,-45.457538179388486,80.98823199019498,24.604390160355848,-89.87054135187546,0.27593872223881805,0.2204824574235148,0.5011265889651152,226.37425124645233,188.32253828644753,278.6393827199936,226,188,255,False,1
356,31,"between MAGENTA and RED, step 1 of 5",31,9,9,4,8.0,80.98823199019498,-1.14292547643406,-44.41300317248697,0.0,31.865350191240974,-39.06594328619278,80.98823199019498,30.722424714806916,-83.47894645867974,0.2789866948806964,0.2204824574235148,0.4741300989321675,231.3883025944233,186.4630700647831,272.7900069952011,231,186,255,False,1
357,32,"between MAGENTA and RED, step 2 of 5",32,9,9,4,8.0,80.98823199019498,-1.14292547643406,-44.41300317248697,0.0,36.844534822680856,-31.75221971371464,80.98823199019498,35.7016093462468,-76.1652228862016,0.27999902421726,0.2204824574235148,0.4450238553991401,234.6968686580658,184.91436436772346,265.6851786375046,235,185,255,False,1
358,33,"between MAGENTA and RED, step 3 of 5",33,9,9,4,8.0,80.98823199019498,-1.14292547643406,-44.41300317248697,0.0,40.67058549746032,-23.77449019192862,80.98823199019498,39.527660021026264,-68.18749336441559,0.2792226671685564,0.2204824574235148,0.415011662557207,236.48347198963165,183.73236939311028,257.5916889309883,236,184,255,False,1
359,34,"between MAGENTA and RED, step 4 of 5",34,9,9,4,8.0,80.98823199019498,-1.14292547643406,-44.41300317248697,0.0,43.35023105478317,-15.342270331419808,80.98823199019498,42.207305578349114,-59.75527350390678,0.27689729351597975,0.2204824574235148,0.3849822657878582,236.93651407957077,182.948539853096,248.75886529684067,237,183,249,True,0
360,35,"between MAGENTA and RED, step 5 of 5",35,9,9,4,8.0,80.98823199019498,-1.14292547643406,-44.41300317248697,0.0,44.893355933513675,-6.630118031468575,80.98823199019498,43.75043045707962,-51.04312120395554,0.2732340376528872,0.2204824574235148,0.3555899430229994,236.2173266708851,182.56845384836197,239.40934538841248,236,183,239,True,0
361,0,RED handle,0,10,10,5,10.0,82.98823199019498,-1.14292547643406,-44.41300317248697,0.0,45.30400801666679,2.2081055997562062,82.98823199019498,44.161082540232734,-42.20489757273076,0.28350620574678315,0.23440540165419257,0.34504259750716143,241.01065546274185,188.12243342399597,236.56886860728264,241,188,237,True,0
362,1,"between RED and YELLOW, step 1 of 5",1,10,10,5,10.0,82.98823199019498,-1.14292547643406,-44.41300317248697,0.0,44.57649568487194,11.025903391501387,82.98823199019498,43.43357020843788,-33.38709978098558,0.27749341250715687,0.23440540165419257,0.31741553305853343,238.42221155762672,188.3337400853634,226.7543676495552,238,188,227,True,0
363,2,"between RED and YELLOW, step 2 of 5",2,10,10,5,10.0,82.98823199019498,-1.14292547643406,-44.41300317248697,0.0,42.694740102813135,19.671239013587495,82.98823199019498,41.55181462637908,-24.74176415889947,0.2705468186932721,0.23440540165419257,0.2917184246286021,234.95245054364204,188.8928572833538,217.01833248138428,235,189,217,True,0
364,3,"between RED and YELLOW, step 3 of 5",3,10,10,5,10.0,82.98823199019498,-1.14292547643406,-44.41300317248697,0.0,39.63477568334325,27.97301291083334,82.98823199019498,38.49185020690919,-16.439990261653627,0.2627730199687842,0.23440540165419257,0.26832837793734776,230.64855068922043,189.75947678089142,207.60664030909538,231,190,208,True,0
365,4,"between RED and YELLOW, step 4 of 5",4,10,10,5,10.0,82.98823199019498,-1.14292547643406,-44.41300317248697,0.0,35.372040056783476,35.726200453279866,82.98823199019498,34.22911458034942,-8.686802719207101,0.2542746314316421,0.23440540165419257,0.24766924300014828,225.55420964956284,190.89042529463768,198.82959008216858,226,191,199,True,0
366,5,"between RED and YELLOW, step 5 of 5",5,10,10,5,10.0,82.98823199019498,-1.14292547643406,-44.41300317248697,0.0,29.897177811347095,42.67664759608468,82.98823199019498,28.754252334913037,-1.736355576402289,0.24516943623548498,0.23440540165419257,0.23025036189446002,219.7296541929245,192.2424079477787,191.06787577271461,220,192,191,True,0
367,6,YELLOW handle,6,10,10,5,10.0,82.98823199019498,-1.14292547643406,-44.41300317248697,0.0,23.245838369923515,48.51124404491406,82.98823199019498,22.102912893489457,4.098240872427091,0.2356184429026386,0.23440540165419257,0.2166883881949863,213.28323170542717,193.77528369426727,184.7457978129387,213,194,185,True,0
368,7,"between YELLOW and GREEN, step 1 of 5",7,10,10,5,10.0,82.98823199019498,-1.14292547643406,-44.41300317248697,0.0,15.54539019881734,52.86852875587553,82.98823199019498,14.40246472238328,8.455525583388564,0.2258605372410099,0.23440540165419257,0.2076797983587205,206.4088685810566,195.450469404459,180.28082460165024,206,195,180,True,0
369,8,"between YELLOW and GREEN, step 2 of 5",8,10,10,5,10.0,82.98823199019498,-1.14292547643406,-44.41300317248697,0.0,7.065500398230156,55.39326657530833,82.98823199019498,5.9225749217960955,10.980263402821365,0.21623617079905277,0.23440540165419257,0.20387672705305007,199.4030325114727,197.22919955849648,178.02438028156757,199,197,178,True,0
370,9,"between YELLOW and GREEN, step 3 of 5",9,10,10,5,10.0,82.98823199019498,-1.14292547643406,-44.41300317248697,0.0,-1.77088235378375,55.84178853554699,82.98823199019498,-2.91380783021781,11.428785363060022,0.20716396634759293,0.23440540165419257,0.20566231245810512,192.61368602514267,199.06735092401505,178.19820955395699,193,199,178,True,0
371,10,"between YELLOW and GREEN, step 4 of 5",10,10,10,5,10.0,82.98823199019498,-1.14292547643406,-44.41300317248697,0.0,-10.461969785024724,54.18413014215614,82.98823199019498,-11.604895261458784,9.771126969669176,0.19905206709907716,0.23440540165419257,0.21295408112069583,186.31082743406296,200.91651409864426,180.82355707883835,186,201,181,True,0
372,11,"between YELLOW and GREEN, step 5 of 5",11,10,10,5,10.0,82.98823199019498,-1.14292547643406,-44.41300317248697,0.0,-18.557434321904815,50.61393602721401,82.98823199019498,-19.700359798338873,6.200932854727043,0.19219684865901032,0.23440540165419257,0.22521966629370194,180.57306692004204,202.7293360233307,185.68424865603447,181,203,186,True,0
373,12,GREEN handle,12,10,10,5,10.0,82.98823199019498,-1.14292547643406,-44.41300317248697,0.0,-25.74731563678954,45.457538179388806,82.98823199019498,-26.8902411132236,1.0445350069018389,0.18674755177279298,0.23440540165419257,0.24169558563969,175.29786318540573,204.46718037128448,192.36387223005295,175,204,192,True,0
374,13,"between GREEN and CYAN, step 1 of 5",13,10,10,5,10.0,82.98823199019498,-1.14292547643406,-44.41300317248697,0.0,-31.865350191240655,39.06594328619317,82.98823199019498,-33.00827566767472,-5.347059886293799,0.18274234773294426,0.23440540165419257,0.26161515155622145,170.3195185214281,206.1018830537796,200.34534394741058,170,206,200,True,0
375,14,"between GREEN and CYAN, step 2 of 5",14,10,10,5,10.0,82.98823199019498,-1.14292547643406,-44.41300317248697,0.0,-36.84453482268064,31.752219713715025,82.98823199019498,-37.9874602991147,-12.660783458771942,0.18016480203505464,0.23440540165419257,0.2843226087190739,165.54205767810345,207.6118840277195,209.12433966994286,166,208,209,True,0
376,15,"between GREEN and CYAN, step 3 of 5",15,10,10,5,10.0,82.98823199019498,-1.14292547643406,-44.41300317248697,0.0,-40.67058549746014,23.774490191929065,82.98823199019498,-41.813510973894196,-20.638512980557902,0.1789855027865406,0.23440540165419257,0.3092877760685394,161.0216834396124,208.9764668047428,218.28497171401978,161,209,218,True,0
377,16,"between GREEN and CYAN, step 4 of 5",16,10,10,5,10.0,82.98823199019498,-1.14292547643406,-44.41300317248697,0.0,-43.350231054783066,15.34227033142028,82.98823199019498,-44.493156531217124,-29.070732841066686,0.17918382626174922,0.23440540165419257,0.33607437188156297,156.98497764766216,210.17044633626938,227.52109050750732,157,210,228,True,0
378,17,"between GREEN and CYAN, step 5 of 5",17,10,10,5,10.0,82.98823199019498,-1.14292547643406,-44.41300317248697,0.0,-44.89335593351362,6.630118031469099,82.98823199019498,-46.03628140994768,-37.78288514101787,0.18075630734712664,0.23440540165419257,0.3642953688295185,153.79154730588198,211.16000443696976,236.61747559905052,154,211,237,True,0
379,18,CYAN handle,18,10,10,5,10.0,82.98823199019498,-1.14292547643406,-44.41300317248697,0.0,-45.304008016666785,-2.208105599756771,82.98823199019498,-46.44693349310084,-46.62110877224374,0.18371760591857036,0.23440540165419257,0.39356684082595594,151.8570464104414,211.90063029527664,245.41916370391846,152,212,245,True,0
380,19,"between CYAN and BLUE, step 1 of 5",19,10,10,5,10.0,82.98823199019498,-1.14292547643406,-44.41300317248697,0.0,-44.57649568487186,-11.02590339150186,82.98823199019498,-45.71942116130592,-55.43890656398882,0.18809699790262066,0.23440540165419257,0.423460672116951,151.55612915754318,212.33807042241096,253.80297303199768,152,212,254,True,0
381,20,"between CYAN and BLUE, step 2 of 5",20,10,10,5,10.0,82.98823199019498,-1.14292547643406,-44.41300317248697,0.0,-42.69474010281299,-19.671239013587964,82.98823199019498,-43.83766557924705,-64.08424218607493,0.1939306760140964,0.23440540165419257,0.4534524316751735,153.12816560268402,212.41088211536407,261.6591578722,153,212,255,False,1
382,21,"between CYAN and BLUE, step 3 of 5",21,10,10,5,10.0,82.98823199019498,-1.14292547643406,-44.41300317248697,0.0,-39.63477568334308,-27.973012910833727,82.98823199019498,-40.77770115977714,-72.3860160833207,0.20124794589019437,0.23440540165419257,0.48286015721484227,156.61517769098282,212.05859541893005,268.8823878765106,157,212,255,False,1
383,22,"between CYAN and BLUE, step 4 of 5",22,10,10,5,10.0,82.98823199019498,-1.14292547643406,-44.41300317248697,0.0,-35.37204005678323,-35.72620045328024,82.98823199019498,-36.514965533217286,-80.13920362576721,0.21004718295326152,0.23440540165419257,0.5107726818013637,161.8656675517559,211.2341232597828,275.368837416172,162,211,255,False,1
384,23,"between CYAN and BLUE, step 5 of 5",23,10,10,5,10.0,82.98823199019498,-1.14292547643406,-44.41300317248697,0.0,-29.897177811346825,-42.67664759608496,82.98823199019498,-31.040103287780884,-87.08965076857193,0.22025542042745683,0.23440540165419257,0.5359765873353036,168.62306155264378,209.92450833320618,281.0168391466141,169,210,255,False,1
385,24,BLUE handle,24,10,10,5,10.0,82.98823199019498,-1.14292547643406,-44.41300317248697,0.0,-23.245838369923167,-48.511244044914314,82.98823199019498,-24.388763846357225,-92.92424721740127,0.23166646898371626,0.23440540165419257,0.5569178685781587,176.6612870246172,208.17138880491257,285.7239353656769,177,208,255,False,1
386,25,"between BLUE and MAGENTA, step 1 of 5",25,10,10,5,10.0,82.98823199019498,-1.14292547643406,-44.41300317248697,0.0,-15.545390198816976,-52.86852875587569,82.98823199019498,-16.688315675251037,-97.28153192836265,0.24386506296121888,0.23440540165419257,0.5717843337131161,185.8433347195387,206.08071818947792,289.3703716993332,186,206,255,False,1
387,26,"between BLUE and MAGENTA, step 2 of 5",26,10,10,5,10.0,82.98823199019498,-1.14292547643406,-44.41300317248697,0.0,-7.065500398229713,-55.39326657530841,82.98823199019498,-8.208425874663773,-99.80626974779537,0.2561801833210073,0.23440540165419257,0.5788321615128381,195.9729489684105,203.79979938268661,291.7901882529259,196,204,255,False,1
388,27,"between BLUE and MAGENTA, step 3 of 5",27,10,10,5,10.0,82.98823199019498,-1.14292547643406,-44.41300317248697,0.0,1.770882353784213,-55.84178853554697,82.98823199019498,0.6279568773501532,-100.25479170803393,0.26775083208503514,0.23440540165419257,0.5769708695650977,206.52971729636192,201.46403431892395,292.76070177555084,207,201,255,False,1
389,28,"between BLUE and MAGENTA, step 4 of 5",28,10,10,5,10.0,82.98823199019498,-1.14292547643406,-44.41300317248697,0.0,10.461969785025188,-54.184130142156,82.98823199019498,9.319044308591128,-98.59713331464297,0.2777418374224197,0.23440540165419257,0.5662867021981886,216.64247944951057,199.154784232378,292.06001937389374,217,199,255,False,1
390,29,"between BLUE and MAGENTA, step 5 of 5",29,10,10,5,10.0,82.98823199019498,-1.14292547643406,-44.41300317248697,0.0,18.557434321905244,-50.613936027213754,82.98823199019498,17.414508845471186,-95.02693919970072,0.2855852453497647,0.23440540165419257,0.5480319792378995,225.44461593031883,196.9151996076107,289.5726576447487,225,197,255,False,1
391,30,MAGENTA handle,30,10,10,5,10.0,82.98823199019498,-1.14292547643406,-44.41300317248697,0.0,25.747315636789907,-45.457538179388486,82.98823199019498,24.604390160355848,-89.87054135187546,0.29106733759336656,0.23440540165419257,0.5240814582119621,232.43784427642822,194.7917291522026,285.34992903470993,232,195,255,False,1
392,31,"between MAGENTA and RED, step 1 of 5",31,10,10,5,10.0,82.98823199019498,-1.14292547643406,-44.41300317248697,0.0,31.865350191240974,-39.06594328619278,82.98823199019498,30.722424714806916,-83.47894645867974,0.2942486821822601,0.23440540165419257,0.496335668570757,237.53625869750977,192.85268560051918,279.58082020282745,238,193,255,False,1
393,32,"between MAGENTA and RED, step 2 of 5",32,10,10,5,10.0,82.98823199019498,-1.14292547643406,-44.41300317248697,0.0,36.844534822680856,-31.75221971371464,82.98823199019498,35.7016093462468,-76.1652228862016,0.29533391534067915,0.23440540165419257,0.4663967298234658,240.89445009827614,191.17578998208046,272.5239148736,241,191,255,False,1
394,33,"between MAGENTA and RED, step 3 of 5",33,10,10,5,10.0,82.98823199019498,-1.14292547643406,-44.41300317248697,0.0,40.67058549746032,-23.77449019192862,82.98823199019498,39.527660021026264,-68.18749336441559,0.29457356008871066,0.23440540165419257,0.4354968877789611,242.73726001381874,189.8293550312519,264.4509896636009,243,190,255,False,1
395,34,"between MAGENTA and RED, step 4 of 5",34,10,10,5,10.0,82.98823199019498,-1.14292547643406,-44.41300317248697,0.0,43.35023105478317,-15.342270331419808,82.98823199019498,42.207305578349114,-59.75527350390678,0.2922112260350076,0.23440540165419257,0.4045485105878588,243.27058419585228,188.8604298233986,255.61815083026886,243,189,255,False,1
396,35,"between MAGENTA and RED, step 5 of 5",35,10,10,5,10.0,82.98823199019498,-1.14292547643406,-44.41300317248697,0.0,44.893355933513675,-6.630118031468575,82.98823199019498,43.75043045707962,-51.04312120395554,0.2884618299554579,0.23440540165419257,0.37422591274199174,242.65548080205917,188.29166874289513,246.2552784383297,243,188,246,True,0
